
arduino.elf:     file format elf32-avr

Sections:
Idx Name          Size      VMA       LMA       File off  Algn
  0 .data         000002d8  00800100  0000349e  00003532  2**0
                  CONTENTS, ALLOC, LOAD, DATA
  1 .text         0000349e  00000000  00000000  00000094  2**2
                  CONTENTS, ALLOC, LOAD, READONLY, CODE
  2 .bss          0000023f  008003d8  008003d8  0000380a  2**0
                  ALLOC
  3 .comment      00000011  00000000  00000000  0000380a  2**0
                  CONTENTS, READONLY
  4 .note.gnu.avr.deviceinfo 00000040  00000000  00000000  0000381c  2**2
                  CONTENTS, READONLY
  5 .debug_aranges 000006c8  00000000  00000000  00003860  2**3
                  CONTENTS, READONLY, DEBUGGING
  6 .debug_info   000166df  00000000  00000000  00003f28  2**0
                  CONTENTS, READONLY, DEBUGGING
  7 .debug_abbrev 00003849  00000000  00000000  0001a607  2**0
                  CONTENTS, READONLY, DEBUGGING
  8 .debug_line   00004b0a  00000000  00000000  0001de50  2**0
                  CONTENTS, READONLY, DEBUGGING
  9 .debug_frame  00000f50  00000000  00000000  0002295c  2**2
                  CONTENTS, READONLY, DEBUGGING
 10 .debug_str    00003e46  00000000  00000000  000238ac  2**0
                  CONTENTS, READONLY, DEBUGGING
 11 .debug_loc    00006a3f  00000000  00000000  000276f2  2**0
                  CONTENTS, READONLY, DEBUGGING
 12 .debug_ranges 00000818  00000000  00000000  0002e131  2**0
                  CONTENTS, READONLY, DEBUGGING

Disassembly of section .text:

00000000 <__vectors>:
       0:	0c 94 a0 00 	jmp	0x140	; 0x140 <__ctors_end>
       4:	0c 94 c8 00 	jmp	0x190	; 0x190 <__bad_interrupt>
       8:	0c 94 c8 00 	jmp	0x190	; 0x190 <__bad_interrupt>
       c:	0c 94 c8 00 	jmp	0x190	; 0x190 <__bad_interrupt>
      10:	0c 94 c8 00 	jmp	0x190	; 0x190 <__bad_interrupt>
      14:	0c 94 c8 00 	jmp	0x190	; 0x190 <__bad_interrupt>
      18:	0c 94 c8 00 	jmp	0x190	; 0x190 <__bad_interrupt>
      1c:	0c 94 c8 00 	jmp	0x190	; 0x190 <__bad_interrupt>
      20:	0c 94 c8 00 	jmp	0x190	; 0x190 <__bad_interrupt>
      24:	0c 94 c5 02 	jmp	0x58a	; 0x58a <__vector_9>
      28:	0c 94 c8 00 	jmp	0x190	; 0x190 <__bad_interrupt>
      2c:	0c 94 0b 13 	jmp	0x2616	; 0x2616 <__vector_11>
      30:	0c 94 c8 00 	jmp	0x190	; 0x190 <__bad_interrupt>
      34:	0c 94 c8 00 	jmp	0x190	; 0x190 <__bad_interrupt>
      38:	0c 94 c8 00 	jmp	0x190	; 0x190 <__bad_interrupt>
      3c:	0c 94 c8 00 	jmp	0x190	; 0x190 <__bad_interrupt>
      40:	0c 94 aa 08 	jmp	0x1154	; 0x1154 <__vector_16>
      44:	0c 94 c8 00 	jmp	0x190	; 0x190 <__bad_interrupt>
      48:	0c 94 74 0b 	jmp	0x16e8	; 0x16e8 <__vector_18>
      4c:	0c 94 a6 0b 	jmp	0x174c	; 0x174c <__vector_19>
      50:	0c 94 c8 00 	jmp	0x190	; 0x190 <__bad_interrupt>
      54:	0c 94 c8 00 	jmp	0x190	; 0x190 <__bad_interrupt>
      58:	0c 94 c8 00 	jmp	0x190	; 0x190 <__bad_interrupt>
      5c:	0c 94 c8 00 	jmp	0x190	; 0x190 <__bad_interrupt>
      60:	0c 94 c8 00 	jmp	0x190	; 0x190 <__bad_interrupt>
      64:	0c 94 c8 00 	jmp	0x190	; 0x190 <__bad_interrupt>
      68:	07 63       	ori	r16, 0x37	; 55
      6a:	42 36       	cpi	r20, 0x62	; 98
      6c:	b7 9b       	sbis	0x16, 7	; 22
      6e:	d8 a7       	std	Y+40, r29	; 0x28
      70:	1a 39       	cpi	r17, 0x9A	; 154
      72:	68 56       	subi	r22, 0x68	; 104
      74:	18 ae       	std	Y+56, r1	; 0x38
      76:	ba ab       	std	Y+50, r27	; 0x32
      78:	55 8c       	ldd	r5, Z+29	; 0x1d
      7a:	1d 3c       	cpi	r17, 0xCD	; 205
      7c:	b7 cc       	rjmp	.-1682   	; 0xfffff9ec <__eeprom_end+0xff7ef9ec>
      7e:	57 63       	ori	r21, 0x37	; 55
      80:	bd 6d       	ori	r27, 0xDD	; 221
      82:	ed fd       	.word	0xfded	; ????
      84:	75 3e       	cpi	r23, 0xE5	; 229
      86:	f6 17       	cp	r31, r22
      88:	72 31       	cpi	r23, 0x12	; 18
      8a:	bf 00       	.word	0x00bf	; ????
      8c:	00 00       	nop
      8e:	80 3f       	cpi	r24, 0xF0	; 240
      90:	08 00       	.word	0x0008	; ????
      92:	00 00       	nop
      94:	be 92       	st	-X, r11
      96:	24 49       	sbci	r18, 0x94	; 148
      98:	12 3e       	cpi	r17, 0xE2	; 226
      9a:	ab aa       	std	Y+51, r10	; 0x33
      9c:	aa 2a       	or	r10, r26
      9e:	be cd       	rjmp	.-1156   	; 0xfffffc1c <__eeprom_end+0xff7efc1c>
      a0:	cc cc       	rjmp	.-1640   	; 0xfffffa3a <__eeprom_end+0xff7efa3a>
      a2:	4c 3e       	cpi	r20, 0xEC	; 236
      a4:	00 00       	nop
      a6:	00 80       	ld	r0, Z
      a8:	be ab       	std	Y+54, r27	; 0x36
      aa:	aa aa       	std	Y+50, r10	; 0x32
      ac:	aa 3e       	cpi	r26, 0xEA	; 234
      ae:	00 00       	nop
      b0:	00 00       	nop
      b2:	bf 00       	.word	0x00bf	; ????
      b4:	00 00       	nop
      b6:	80 3f       	cpi	r24, 0xF0	; 240
      b8:	00 00       	nop
      ba:	00 00       	nop
      bc:	00 08       	sbc	r0, r0
      be:	41 78       	andi	r20, 0x81	; 129
      c0:	d3 bb       	out	0x13, r29	; 19
      c2:	43 87       	std	Z+11, r20	; 0x0b
      c4:	d1 13       	cpse	r29, r17
      c6:	3d 19       	sub	r19, r13
      c8:	0e 3c       	cpi	r16, 0xCE	; 206
      ca:	c3 bd       	out	0x23, r28	; 35
      cc:	42 82       	std	Z+2, r4	; 0x02
      ce:	ad 2b       	or	r26, r29
      d0:	3e 68       	ori	r19, 0x8E	; 142
      d2:	ec 82       	std	Y+4, r14	; 0x04
      d4:	76 be       	out	0x36, r7	; 54
      d6:	d9 8f       	std	Y+25, r29	; 0x19
      d8:	e1 a9       	ldd	r30, Z+49	; 0x31
      da:	3e 4c       	sbci	r19, 0xCE	; 206
      dc:	80 ef       	ldi	r24, 0xF0	; 240
      de:	ff be       	out	0x3f, r15	; 63
      e0:	01 c4       	rjmp	.+2050   	; 0x8e4 <StartupHook+0x116>
      e2:	ff 7f       	andi	r31, 0xFF	; 255
      e4:	3f 00       	.word	0x003f	; ????
      e6:	00 00       	nop
	...

000000ea <__trampolines_end>:
      ea:	00 00       	nop
      ec:	00 08       	sbc	r0, r0
      ee:	00 02       	muls	r16, r16
      f0:	01 00       	.word	0x0001	; ????
      f2:	00 03       	mulsu	r16, r16
      f4:	04 07       	cpc	r16, r20
	...

000000fe <digital_pin_to_bit_mask_PGM>:
      fe:	01 02 04 08 10 20 40 80 01 02 04 08 10 20 01 02     ..... @...... ..
     10e:	04 08 10 20                                         ... 

00000112 <digital_pin_to_port_PGM>:
     112:	04 04 04 04 04 04 04 04 02 02 02 02 02 02 03 03     ................
     122:	03 03 03 03                                         ....

00000126 <port_to_output_PGM>:
     126:	00 00 00 00 25 00 28 00 2b 00                       ....%.(.+.

00000130 <port_to_mode_PGM>:
     130:	00 00 00 00 24 00 27 00 2a 00                       ....$.'.*.

0000013a <__ctors_start>:
     13a:	aa 04       	cpc	r10, r10
     13c:	a2 08       	sbc	r10, r2
     13e:	cc 0b       	sbc	r28, r28

00000140 <__ctors_end>:
     140:	11 24       	eor	r1, r1
     142:	1f be       	out	0x3f, r1	; 63
     144:	cf ef       	ldi	r28, 0xFF	; 255
     146:	d8 e0       	ldi	r29, 0x08	; 8
     148:	de bf       	out	0x3e, r29	; 62
     14a:	cd bf       	out	0x3d, r28	; 61

0000014c <__do_copy_data>:
     14c:	13 e0       	ldi	r17, 0x03	; 3
     14e:	a0 e0       	ldi	r26, 0x00	; 0
     150:	b1 e0       	ldi	r27, 0x01	; 1
     152:	ee e9       	ldi	r30, 0x9E	; 158
     154:	f4 e3       	ldi	r31, 0x34	; 52
     156:	02 c0       	rjmp	.+4      	; 0x15c <__do_copy_data+0x10>
     158:	05 90       	lpm	r0, Z+
     15a:	0d 92       	st	X+, r0
     15c:	a8 3d       	cpi	r26, 0xD8	; 216
     15e:	b1 07       	cpc	r27, r17
     160:	d9 f7       	brne	.-10     	; 0x158 <__do_copy_data+0xc>

00000162 <__do_clear_bss>:
     162:	26 e0       	ldi	r18, 0x06	; 6
     164:	a8 ed       	ldi	r26, 0xD8	; 216
     166:	b3 e0       	ldi	r27, 0x03	; 3
     168:	01 c0       	rjmp	.+2      	; 0x16c <.do_clear_bss_start>

0000016a <.do_clear_bss_loop>:
     16a:	1d 92       	st	X+, r1

0000016c <.do_clear_bss_start>:
     16c:	a7 31       	cpi	r26, 0x17	; 23
     16e:	b2 07       	cpc	r27, r18
     170:	e1 f7       	brne	.-8      	; 0x16a <.do_clear_bss_loop>

00000172 <__do_global_ctors>:
     172:	10 e0       	ldi	r17, 0x00	; 0
     174:	c0 ea       	ldi	r28, 0xA0	; 160
     176:	d0 e0       	ldi	r29, 0x00	; 0
     178:	04 c0       	rjmp	.+8      	; 0x182 <__do_global_ctors+0x10>
     17a:	21 97       	sbiw	r28, 0x01	; 1
     17c:	fe 01       	movw	r30, r28
     17e:	0e 94 6f 17 	call	0x2ede	; 0x2ede <__tablejump2__>
     182:	cd 39       	cpi	r28, 0x9D	; 157
     184:	d1 07       	cpc	r29, r17
     186:	c9 f7       	brne	.-14     	; 0x17a <__do_global_ctors+0x8>
     188:	0e 94 a0 04 	call	0x940	; 0x940 <main>
     18c:	0c 94 4d 1a 	jmp	0x349a	; 0x349a <_exit>

00000190 <__bad_interrupt>:
     190:	0c 94 07 13 	jmp	0x260e	; 0x260e <__vector_default>

00000194 <osEE_hal_save_ctx_and_restore_ctx>:
  .type osEE_hal_save_ctx_and_restore_ctx, @function
osEE_hal_save_ctx_and_restore_ctx:
  /*  r25:r24 parameter:  OsEE_TDB * p_to_tdb
      r23:r22 parameter:  OsEE_SCB * p_to_scb
      r21:r20 parameter:  OsEE_SCB * p_from_scb */
    osEE_hal_save_vcontext_m r21 r20
     194:	2f 92       	push	r2
     196:	3f 92       	push	r3
     198:	4f 92       	push	r4
     19a:	5f 92       	push	r5
     19c:	6f 92       	push	r6
     19e:	7f 92       	push	r7
     1a0:	8f 92       	push	r8
     1a2:	9f 92       	push	r9
     1a4:	af 92       	push	r10
     1a6:	bf 92       	push	r11
     1a8:	cf 92       	push	r12
     1aa:	df 92       	push	r13
     1ac:	ef 92       	push	r14
     1ae:	ff 92       	push	r15
     1b0:	0f 93       	push	r16
     1b2:	1f 93       	push	r17
     1b4:	cf 93       	push	r28
     1b6:	df 93       	push	r29
     1b8:	e4 2f       	mov	r30, r20
     1ba:	f5 2f       	mov	r31, r21
     1bc:	41 90       	ld	r4, Z+
     1be:	50 80       	ld	r5, Z
     1c0:	4f 92       	push	r4
     1c2:	5f 92       	push	r5
     1c4:	e4 2f       	mov	r30, r20
     1c6:	f5 2f       	mov	r31, r21
     1c8:	4d b6       	in	r4, 0x3d	; 61
     1ca:	5e b6       	in	r5, 0x3e	; 62
     1cc:	41 92       	st	Z+, r4
     1ce:	50 82       	st	Z, r5

/* Unconditional brach to restore context */
    jmp osEE_hal_restore_ctx
     1d0:	0c 94 ea 00 	jmp	0x1d4	; 0x1d4 <osEE_hal_restore_ctx>

000001d4 <osEE_hal_restore_ctx>:
  .globl osEE_hal_restore_ctx
  .type osEE_hal_restore_ctx, @function
osEE_hal_restore_ctx:
  /*  r25:r24 parameter:  OsEE_TDB * p_to_tdb
      r23:r22 parameter:  OsEE_SCB * p_to_scb */
    osEE_hal_restore_vcontext_m r23 r22
     1d4:	e6 2f       	mov	r30, r22
     1d6:	f7 2f       	mov	r31, r23
     1d8:	41 90       	ld	r4, Z+
     1da:	50 80       	ld	r5, Z
     1dc:	4d be       	out	0x3d, r4	; 61
     1de:	5e be       	out	0x3e, r5	; 62
     1e0:	5f 90       	pop	r5
     1e2:	4f 90       	pop	r4
     1e4:	e6 2f       	mov	r30, r22
     1e6:	f7 2f       	mov	r31, r23
     1e8:	41 92       	st	Z+, r4
     1ea:	50 82       	st	Z, r5
     1ec:	df 91       	pop	r29
     1ee:	cf 91       	pop	r28
     1f0:	1f 91       	pop	r17
     1f2:	0f 91       	pop	r16
     1f4:	ff 90       	pop	r15
     1f6:	ef 90       	pop	r14
     1f8:	df 90       	pop	r13
     1fa:	cf 90       	pop	r12
     1fc:	bf 90       	pop	r11
     1fe:	af 90       	pop	r10
     200:	9f 90       	pop	r9
     202:	8f 90       	pop	r8
     204:	7f 90       	pop	r7
     206:	6f 90       	pop	r6
     208:	5f 90       	pop	r5
     20a:	4f 90       	pop	r4
     20c:	3f 90       	pop	r3
     20e:	2f 90       	pop	r2
    jmp osEE_scheduler_task_wrapper_restore
     210:	0c 94 8d 0e 	jmp	0x1d1a	; 0x1d1a <osEE_scheduler_task_wrapper_restore>

00000214 <osEE_hal_ready2stacked>:
  .type   osEE_hal_ready2stacked, @function
osEE_hal_ready2stacked:
  /*  r25:r24 parameter:  OsEE_TDB * p_to_tdb
      r23:r22 parameter:  OsEE_SCB * p_to_scb
      r21:r20 local       p_to_scb->p_tos */
    mov r30, r22
     214:	e6 2f       	mov	r30, r22
    mov r31, r23
     216:	f7 2f       	mov	r31, r23
    ld  r20, z+
     218:	41 91       	ld	r20, Z+
    ld  r21, z
     21a:	50 81       	ld	r21, Z
/* sp = 21:20 */
    out 0x3D, r20
     21c:	4d bf       	out	0x3d, r20	; 61
    out 0x3E, r21
     21e:	5e bf       	out	0x3e, r21	; 62

    jmp osEE_scheduler_task_wrapper_run
     220:	0c 94 96 0e 	jmp	0x1d2c	; 0x1d2c <osEE_scheduler_task_wrapper_run>

00000224 <osEE_hal_save_ctx_and_ready2stacked>:
  .type osEE_hal_save_ctx_and_ready2stacked, @function
osEE_hal_save_ctx_and_ready2stacked:
  /*  r25:r24 parameter:  OsEE_TDB * p_to_tdb
      r23:r22 parameter:  OsEE_SCB * p_to_scb
      r21:r20 parameter:  OsEE_SCB * p_from_scb */
    osEE_hal_save_vcontext_m r21 r20
     224:	2f 92       	push	r2
     226:	3f 92       	push	r3
     228:	4f 92       	push	r4
     22a:	5f 92       	push	r5
     22c:	6f 92       	push	r6
     22e:	7f 92       	push	r7
     230:	8f 92       	push	r8
     232:	9f 92       	push	r9
     234:	af 92       	push	r10
     236:	bf 92       	push	r11
     238:	cf 92       	push	r12
     23a:	df 92       	push	r13
     23c:	ef 92       	push	r14
     23e:	ff 92       	push	r15
     240:	0f 93       	push	r16
     242:	1f 93       	push	r17
     244:	cf 93       	push	r28
     246:	df 93       	push	r29
     248:	e4 2f       	mov	r30, r20
     24a:	f5 2f       	mov	r31, r21
     24c:	41 90       	ld	r4, Z+
     24e:	50 80       	ld	r5, Z
     250:	4f 92       	push	r4
     252:	5f 92       	push	r5
     254:	e4 2f       	mov	r30, r20
     256:	f5 2f       	mov	r31, r21
     258:	4d b6       	in	r4, 0x3d	; 61
     25a:	5e b6       	in	r5, 0x3e	; 62
     25c:	41 92       	st	Z+, r4
     25e:	50 82       	st	Z, r5
    jmp osEE_hal_ready2stacked
     260:	0c 94 0a 01 	jmp	0x214	; 0x214 <osEE_hal_ready2stacked>

00000264 <osEE_hal_terminate_ctx>:
  .type osEE_hal_terminate_ctx, @function
osEE_hal_terminate_ctx:
  /*  r25:r24 parameter:  OsEE_SCB * p_term_scb
      r23:r22 parameter:  kernel_cb
      r21:r20 local       p_term_scb->p_tos */
    mov r30, r24
     264:	e8 2f       	mov	r30, r24
    mov r31, r25
     266:	f9 2f       	mov	r31, r25
    ld  r20, z+
     268:	41 91       	ld	r20, Z+
    ld  r21, z
     26a:	50 81       	ld	r21, Z

/* Unwind SP */
    out 0x3D, r20 /* r20 -> spl */
     26c:	4d bf       	out	0x3d, r20	; 61
    out 0x3E, r21 /* r21 -> sph */
     26e:	5e bf       	out	0x3e, r21	; 62

/*  Jump to kern_callback (that schedule) */
    mov r30, r22
     270:	e6 2f       	mov	r30, r22
    mov r31, r23
     272:	f7 2f       	mov	r31, r23

    ijmp
     274:	09 94       	ijmp
	...

00000278 <_ZN5Print17availableForWriteEv>:
      if (str == NULL) return 0;
      return write((const uint8_t *)str, strlen(str));
    }
    virtual size_t write(const uint8_t *buffer, size_t size);
    size_t write(const char *buffer, size_t size) {
      return write((const uint8_t *)buffer, size);
     278:	90 e0       	ldi	r25, 0x00	; 0
     27a:	80 e0       	ldi	r24, 0x00	; 0
     27c:	08 95       	ret

0000027e <_ZN5Print5flushEv>:
     27e:	08 95       	ret

00000280 <_ZN13LiquidCrystal11pulseEnableEv>:
     280:	cf 93       	push	r28
     282:	df 93       	push	r29
     284:	ec 01       	movw	r28, r24
     286:	60 e0       	ldi	r22, 0x00	; 0
     288:	8e 81       	ldd	r24, Y+6	; 0x06
     28a:	0e 94 fd 09 	call	0x13fa	; 0x13fa <digitalWrite>
     28e:	81 e0       	ldi	r24, 0x01	; 1
     290:	90 e0       	ldi	r25, 0x00	; 0
     292:	0e 94 52 09 	call	0x12a4	; 0x12a4 <delayMicroseconds>
     296:	61 e0       	ldi	r22, 0x01	; 1
     298:	8e 81       	ldd	r24, Y+6	; 0x06
     29a:	0e 94 fd 09 	call	0x13fa	; 0x13fa <digitalWrite>
     29e:	81 e0       	ldi	r24, 0x01	; 1
     2a0:	90 e0       	ldi	r25, 0x00	; 0
     2a2:	0e 94 52 09 	call	0x12a4	; 0x12a4 <delayMicroseconds>
     2a6:	60 e0       	ldi	r22, 0x00	; 0
     2a8:	8e 81       	ldd	r24, Y+6	; 0x06
     2aa:	0e 94 fd 09 	call	0x13fa	; 0x13fa <digitalWrite>
     2ae:	84 e6       	ldi	r24, 0x64	; 100
     2b0:	90 e0       	ldi	r25, 0x00	; 0
     2b2:	df 91       	pop	r29
     2b4:	cf 91       	pop	r28
     2b6:	0c 94 52 09 	jmp	0x12a4	; 0x12a4 <delayMicroseconds>

000002ba <_ZN13LiquidCrystal10write4bitsEh>:
     2ba:	cf 92       	push	r12
     2bc:	df 92       	push	r13
     2be:	ef 92       	push	r14
     2c0:	ff 92       	push	r15
     2c2:	0f 93       	push	r16
     2c4:	1f 93       	push	r17
     2c6:	cf 93       	push	r28
     2c8:	df 93       	push	r29
     2ca:	6c 01       	movw	r12, r24
     2cc:	7c 01       	movw	r14, r24
     2ce:	87 e0       	ldi	r24, 0x07	; 7
     2d0:	e8 0e       	add	r14, r24
     2d2:	f1 1c       	adc	r15, r1
     2d4:	d0 e0       	ldi	r29, 0x00	; 0
     2d6:	c0 e0       	ldi	r28, 0x00	; 0
     2d8:	06 2f       	mov	r16, r22
     2da:	10 e0       	ldi	r17, 0x00	; 0
     2dc:	b8 01       	movw	r22, r16
     2de:	0c 2e       	mov	r0, r28
     2e0:	02 c0       	rjmp	.+4      	; 0x2e6 <_ZN13LiquidCrystal10write4bitsEh+0x2c>
     2e2:	75 95       	asr	r23
     2e4:	67 95       	ror	r22
     2e6:	0a 94       	dec	r0
     2e8:	e2 f7       	brpl	.-8      	; 0x2e2 <_ZN13LiquidCrystal10write4bitsEh+0x28>
     2ea:	61 70       	andi	r22, 0x01	; 1
     2ec:	f7 01       	movw	r30, r14
     2ee:	81 91       	ld	r24, Z+
     2f0:	7f 01       	movw	r14, r30
     2f2:	0e 94 fd 09 	call	0x13fa	; 0x13fa <digitalWrite>
     2f6:	21 96       	adiw	r28, 0x01	; 1
     2f8:	c4 30       	cpi	r28, 0x04	; 4
     2fa:	d1 05       	cpc	r29, r1
     2fc:	79 f7       	brne	.-34     	; 0x2dc <_ZN13LiquidCrystal10write4bitsEh+0x22>
     2fe:	c6 01       	movw	r24, r12
     300:	df 91       	pop	r29
     302:	cf 91       	pop	r28
     304:	1f 91       	pop	r17
     306:	0f 91       	pop	r16
     308:	ff 90       	pop	r15
     30a:	ef 90       	pop	r14
     30c:	df 90       	pop	r13
     30e:	cf 90       	pop	r12
     310:	0c 94 40 01 	jmp	0x280	; 0x280 <_ZN13LiquidCrystal11pulseEnableEv>

00000314 <_ZN13LiquidCrystal10write8bitsEh>:
     314:	cf 92       	push	r12
     316:	df 92       	push	r13
     318:	ef 92       	push	r14
     31a:	ff 92       	push	r15
     31c:	0f 93       	push	r16
     31e:	1f 93       	push	r17
     320:	cf 93       	push	r28
     322:	df 93       	push	r29
     324:	6c 01       	movw	r12, r24
     326:	7c 01       	movw	r14, r24
     328:	87 e0       	ldi	r24, 0x07	; 7
     32a:	e8 0e       	add	r14, r24
     32c:	f1 1c       	adc	r15, r1
     32e:	d0 e0       	ldi	r29, 0x00	; 0
     330:	c0 e0       	ldi	r28, 0x00	; 0
     332:	06 2f       	mov	r16, r22
     334:	10 e0       	ldi	r17, 0x00	; 0
     336:	b8 01       	movw	r22, r16
     338:	0c 2e       	mov	r0, r28
     33a:	02 c0       	rjmp	.+4      	; 0x340 <_ZN13LiquidCrystal10write8bitsEh+0x2c>
     33c:	75 95       	asr	r23
     33e:	67 95       	ror	r22
     340:	0a 94       	dec	r0
     342:	e2 f7       	brpl	.-8      	; 0x33c <_ZN13LiquidCrystal10write8bitsEh+0x28>
     344:	61 70       	andi	r22, 0x01	; 1
     346:	f7 01       	movw	r30, r14
     348:	81 91       	ld	r24, Z+
     34a:	7f 01       	movw	r14, r30
     34c:	0e 94 fd 09 	call	0x13fa	; 0x13fa <digitalWrite>
     350:	21 96       	adiw	r28, 0x01	; 1
     352:	c8 30       	cpi	r28, 0x08	; 8
     354:	d1 05       	cpc	r29, r1
     356:	79 f7       	brne	.-34     	; 0x336 <_ZN13LiquidCrystal10write8bitsEh+0x22>
     358:	c6 01       	movw	r24, r12
     35a:	df 91       	pop	r29
     35c:	cf 91       	pop	r28
     35e:	1f 91       	pop	r17
     360:	0f 91       	pop	r16
     362:	ff 90       	pop	r15
     364:	ef 90       	pop	r14
     366:	df 90       	pop	r13
     368:	cf 90       	pop	r12
     36a:	0c 94 40 01 	jmp	0x280	; 0x280 <_ZN13LiquidCrystal11pulseEnableEv>

0000036e <_ZN13LiquidCrystal4sendEhh>:
     36e:	1f 93       	push	r17
     370:	cf 93       	push	r28
     372:	df 93       	push	r29
     374:	ec 01       	movw	r28, r24
     376:	16 2f       	mov	r17, r22
     378:	64 2f       	mov	r22, r20
     37a:	8c 81       	ldd	r24, Y+4	; 0x04
     37c:	0e 94 fd 09 	call	0x13fa	; 0x13fa <digitalWrite>
     380:	8d 81       	ldd	r24, Y+5	; 0x05
     382:	8f 3f       	cpi	r24, 0xFF	; 255
     384:	19 f0       	breq	.+6      	; 0x38c <_ZN13LiquidCrystal4sendEhh+0x1e>
     386:	60 e0       	ldi	r22, 0x00	; 0
     388:	0e 94 fd 09 	call	0x13fa	; 0x13fa <digitalWrite>
     38c:	8f 85       	ldd	r24, Y+15	; 0x0f
     38e:	61 2f       	mov	r22, r17
     390:	84 ff       	sbrs	r24, 4
     392:	06 c0       	rjmp	.+12     	; 0x3a0 <_ZN13LiquidCrystal4sendEhh+0x32>
     394:	ce 01       	movw	r24, r28
     396:	df 91       	pop	r29
     398:	cf 91       	pop	r28
     39a:	1f 91       	pop	r17
     39c:	0c 94 8a 01 	jmp	0x314	; 0x314 <_ZN13LiquidCrystal10write8bitsEh>
     3a0:	70 e0       	ldi	r23, 0x00	; 0
     3a2:	84 e0       	ldi	r24, 0x04	; 4
     3a4:	75 95       	asr	r23
     3a6:	67 95       	ror	r22
     3a8:	8a 95       	dec	r24
     3aa:	e1 f7       	brne	.-8      	; 0x3a4 <_ZN13LiquidCrystal4sendEhh+0x36>
     3ac:	ce 01       	movw	r24, r28
     3ae:	0e 94 5d 01 	call	0x2ba	; 0x2ba <_ZN13LiquidCrystal10write4bitsEh>
     3b2:	61 2f       	mov	r22, r17
     3b4:	ce 01       	movw	r24, r28
     3b6:	df 91       	pop	r29
     3b8:	cf 91       	pop	r28
     3ba:	1f 91       	pop	r17
     3bc:	0c 94 5d 01 	jmp	0x2ba	; 0x2ba <_ZN13LiquidCrystal10write4bitsEh>

000003c0 <_ZN13LiquidCrystal7commandEh>:
     3c0:	40 e0       	ldi	r20, 0x00	; 0
     3c2:	0c 94 b7 01 	jmp	0x36e	; 0x36e <_ZN13LiquidCrystal4sendEhh>

000003c6 <_ZN13LiquidCrystal5clearEv>:
     3c6:	61 e0       	ldi	r22, 0x01	; 1
     3c8:	0e 94 e0 01 	call	0x3c0	; 0x3c0 <_ZN13LiquidCrystal7commandEh>
     3cc:	80 ed       	ldi	r24, 0xD0	; 208
     3ce:	97 e0       	ldi	r25, 0x07	; 7
     3d0:	0c 94 52 09 	jmp	0x12a4	; 0x12a4 <delayMicroseconds>

000003d4 <_ZN13LiquidCrystal9setCursorEhh>:
     3d4:	44 30       	cpi	r20, 0x04	; 4
     3d6:	08 f0       	brcs	.+2      	; 0x3da <_ZN13LiquidCrystal9setCursorEhh+0x6>
     3d8:	43 e0       	ldi	r20, 0x03	; 3
     3da:	fc 01       	movw	r30, r24
     3dc:	23 89       	ldd	r18, Z+19	; 0x13
     3de:	42 17       	cp	r20, r18
     3e0:	10 f0       	brcs	.+4      	; 0x3e6 <_ZN13LiquidCrystal9setCursorEhh+0x12>
     3e2:	4f ef       	ldi	r20, 0xFF	; 255
     3e4:	42 0f       	add	r20, r18
     3e6:	fc 01       	movw	r30, r24
     3e8:	e4 0f       	add	r30, r20
     3ea:	f1 1d       	adc	r31, r1
     3ec:	24 89       	ldd	r18, Z+20	; 0x14
     3ee:	62 0f       	add	r22, r18
     3f0:	60 68       	ori	r22, 0x80	; 128
     3f2:	0c 94 e0 01 	jmp	0x3c0	; 0x3c0 <_ZN13LiquidCrystal7commandEh>

000003f6 <_ZN13LiquidCrystal7displayEv>:
     3f6:	fc 01       	movw	r30, r24
     3f8:	60 89       	ldd	r22, Z+16	; 0x10
     3fa:	26 2f       	mov	r18, r22
     3fc:	24 60       	ori	r18, 0x04	; 4
     3fe:	20 8b       	std	Z+16, r18	; 0x10
     400:	6c 60       	ori	r22, 0x0C	; 12
     402:	0c 94 e0 01 	jmp	0x3c0	; 0x3c0 <_ZN13LiquidCrystal7commandEh>

00000406 <_ZN13LiquidCrystal5beginEhhh>:
     406:	0f 93       	push	r16
     408:	1f 93       	push	r17
     40a:	cf 93       	push	r28
     40c:	df 93       	push	r29
     40e:	ec 01       	movw	r28, r24
     410:	42 30       	cpi	r20, 0x02	; 2
     412:	18 f0       	brcs	.+6      	; 0x41a <_ZN13LiquidCrystal5beginEhhh+0x14>
     414:	8f 85       	ldd	r24, Y+15	; 0x0f
     416:	88 60       	ori	r24, 0x08	; 8
     418:	8f 87       	std	Y+15, r24	; 0x0f
     41a:	4b 8b       	std	Y+19, r20	; 0x13
     41c:	1c 8a       	std	Y+20, r1	; 0x14
     41e:	80 e4       	ldi	r24, 0x40	; 64
     420:	8d 8b       	std	Y+21, r24	; 0x15
     422:	6e 8b       	std	Y+22, r22	; 0x16
     424:	60 5c       	subi	r22, 0xC0	; 192
     426:	6f 8b       	std	Y+23, r22	; 0x17
     428:	22 23       	and	r18, r18
     42a:	29 f0       	breq	.+10     	; 0x436 <_ZN13LiquidCrystal5beginEhhh+0x30>
     42c:	41 30       	cpi	r20, 0x01	; 1
     42e:	19 f4       	brne	.+6      	; 0x436 <_ZN13LiquidCrystal5beginEhhh+0x30>
     430:	8f 85       	ldd	r24, Y+15	; 0x0f
     432:	84 60       	ori	r24, 0x04	; 4
     434:	8f 87       	std	Y+15, r24	; 0x0f
     436:	61 e0       	ldi	r22, 0x01	; 1
     438:	8c 81       	ldd	r24, Y+4	; 0x04
     43a:	0e 94 c1 09 	call	0x1382	; 0x1382 <pinMode>
     43e:	8d 81       	ldd	r24, Y+5	; 0x05
     440:	8f 3f       	cpi	r24, 0xFF	; 255
     442:	19 f0       	breq	.+6      	; 0x44a <_ZN13LiquidCrystal5beginEhhh+0x44>
     444:	61 e0       	ldi	r22, 0x01	; 1
     446:	0e 94 c1 09 	call	0x1382	; 0x1382 <pinMode>
     44a:	61 e0       	ldi	r22, 0x01	; 1
     44c:	8e 81       	ldd	r24, Y+6	; 0x06
     44e:	0e 94 c1 09 	call	0x1382	; 0x1382 <pinMode>
     452:	8e 01       	movw	r16, r28
     454:	98 01       	movw	r18, r16
     456:	2c 1b       	sub	r18, r28
     458:	3d 0b       	sbc	r19, r29
     45a:	8f 85       	ldd	r24, Y+15	; 0x0f
     45c:	84 fd       	sbrc	r24, 4
     45e:	0d c0       	rjmp	.+26     	; 0x47a <_ZN13LiquidCrystal5beginEhhh+0x74>
     460:	84 e0       	ldi	r24, 0x04	; 4
     462:	90 e0       	ldi	r25, 0x00	; 0
     464:	0f 5f       	subi	r16, 0xFF	; 255
     466:	1f 4f       	sbci	r17, 0xFF	; 255
     468:	28 17       	cp	r18, r24
     46a:	39 07       	cpc	r19, r25
     46c:	4c f4       	brge	.+18     	; 0x480 <_ZN13LiquidCrystal5beginEhhh+0x7a>
     46e:	61 e0       	ldi	r22, 0x01	; 1
     470:	f8 01       	movw	r30, r16
     472:	86 81       	ldd	r24, Z+6	; 0x06
     474:	0e 94 c1 09 	call	0x1382	; 0x1382 <pinMode>
     478:	ed cf       	rjmp	.-38     	; 0x454 <_ZN13LiquidCrystal5beginEhhh+0x4e>
     47a:	88 e0       	ldi	r24, 0x08	; 8
     47c:	90 e0       	ldi	r25, 0x00	; 0
     47e:	f2 cf       	rjmp	.-28     	; 0x464 <_ZN13LiquidCrystal5beginEhhh+0x5e>
     480:	80 e5       	ldi	r24, 0x50	; 80
     482:	93 ec       	ldi	r25, 0xC3	; 195
     484:	0e 94 52 09 	call	0x12a4	; 0x12a4 <delayMicroseconds>
     488:	60 e0       	ldi	r22, 0x00	; 0
     48a:	8c 81       	ldd	r24, Y+4	; 0x04
     48c:	0e 94 fd 09 	call	0x13fa	; 0x13fa <digitalWrite>
     490:	60 e0       	ldi	r22, 0x00	; 0
     492:	8e 81       	ldd	r24, Y+6	; 0x06
     494:	0e 94 fd 09 	call	0x13fa	; 0x13fa <digitalWrite>
     498:	8d 81       	ldd	r24, Y+5	; 0x05
     49a:	8f 3f       	cpi	r24, 0xFF	; 255
     49c:	19 f0       	breq	.+6      	; 0x4a4 <_ZN13LiquidCrystal5beginEhhh+0x9e>
     49e:	60 e0       	ldi	r22, 0x00	; 0
     4a0:	0e 94 fd 09 	call	0x13fa	; 0x13fa <digitalWrite>
     4a4:	6f 85       	ldd	r22, Y+15	; 0x0f
     4a6:	64 fd       	sbrc	r22, 4
     4a8:	33 c0       	rjmp	.+102    	; 0x510 <_ZN13LiquidCrystal5beginEhhh+0x10a>
     4aa:	63 e0       	ldi	r22, 0x03	; 3
     4ac:	ce 01       	movw	r24, r28
     4ae:	0e 94 5d 01 	call	0x2ba	; 0x2ba <_ZN13LiquidCrystal10write4bitsEh>
     4b2:	84 e9       	ldi	r24, 0x94	; 148
     4b4:	91 e1       	ldi	r25, 0x11	; 17
     4b6:	0e 94 52 09 	call	0x12a4	; 0x12a4 <delayMicroseconds>
     4ba:	63 e0       	ldi	r22, 0x03	; 3
     4bc:	ce 01       	movw	r24, r28
     4be:	0e 94 5d 01 	call	0x2ba	; 0x2ba <_ZN13LiquidCrystal10write4bitsEh>
     4c2:	84 e9       	ldi	r24, 0x94	; 148
     4c4:	91 e1       	ldi	r25, 0x11	; 17
     4c6:	0e 94 52 09 	call	0x12a4	; 0x12a4 <delayMicroseconds>
     4ca:	63 e0       	ldi	r22, 0x03	; 3
     4cc:	ce 01       	movw	r24, r28
     4ce:	0e 94 5d 01 	call	0x2ba	; 0x2ba <_ZN13LiquidCrystal10write4bitsEh>
     4d2:	86 e9       	ldi	r24, 0x96	; 150
     4d4:	90 e0       	ldi	r25, 0x00	; 0
     4d6:	0e 94 52 09 	call	0x12a4	; 0x12a4 <delayMicroseconds>
     4da:	62 e0       	ldi	r22, 0x02	; 2
     4dc:	ce 01       	movw	r24, r28
     4de:	0e 94 5d 01 	call	0x2ba	; 0x2ba <_ZN13LiquidCrystal10write4bitsEh>
     4e2:	6f 85       	ldd	r22, Y+15	; 0x0f
     4e4:	60 62       	ori	r22, 0x20	; 32
     4e6:	ce 01       	movw	r24, r28
     4e8:	0e 94 e0 01 	call	0x3c0	; 0x3c0 <_ZN13LiquidCrystal7commandEh>
     4ec:	84 e0       	ldi	r24, 0x04	; 4
     4ee:	88 8b       	std	Y+16, r24	; 0x10
     4f0:	ce 01       	movw	r24, r28
     4f2:	0e 94 fb 01 	call	0x3f6	; 0x3f6 <_ZN13LiquidCrystal7displayEv>
     4f6:	ce 01       	movw	r24, r28
     4f8:	0e 94 e3 01 	call	0x3c6	; 0x3c6 <_ZN13LiquidCrystal5clearEv>
     4fc:	82 e0       	ldi	r24, 0x02	; 2
     4fe:	89 8b       	std	Y+17, r24	; 0x11
     500:	66 e0       	ldi	r22, 0x06	; 6
     502:	ce 01       	movw	r24, r28
     504:	df 91       	pop	r29
     506:	cf 91       	pop	r28
     508:	1f 91       	pop	r17
     50a:	0f 91       	pop	r16
     50c:	0c 94 e0 01 	jmp	0x3c0	; 0x3c0 <_ZN13LiquidCrystal7commandEh>
     510:	60 62       	ori	r22, 0x20	; 32
     512:	ce 01       	movw	r24, r28
     514:	0e 94 e0 01 	call	0x3c0	; 0x3c0 <_ZN13LiquidCrystal7commandEh>
     518:	84 e9       	ldi	r24, 0x94	; 148
     51a:	91 e1       	ldi	r25, 0x11	; 17
     51c:	0e 94 52 09 	call	0x12a4	; 0x12a4 <delayMicroseconds>
     520:	6f 85       	ldd	r22, Y+15	; 0x0f
     522:	60 62       	ori	r22, 0x20	; 32
     524:	ce 01       	movw	r24, r28
     526:	0e 94 e0 01 	call	0x3c0	; 0x3c0 <_ZN13LiquidCrystal7commandEh>
     52a:	86 e9       	ldi	r24, 0x96	; 150
     52c:	90 e0       	ldi	r25, 0x00	; 0
     52e:	0e 94 52 09 	call	0x12a4	; 0x12a4 <delayMicroseconds>
     532:	6f 85       	ldd	r22, Y+15	; 0x0f
     534:	60 62       	ori	r22, 0x20	; 32
     536:	ce 01       	movw	r24, r28
     538:	0e 94 e0 01 	call	0x3c0	; 0x3c0 <_ZN13LiquidCrystal7commandEh>
     53c:	d2 cf       	rjmp	.-92     	; 0x4e2 <_ZN13LiquidCrystal5beginEhhh+0xdc>

0000053e <_ZN13LiquidCrystalC1Ehhhhhh>:
     53e:	cf 92       	push	r12
     540:	ef 92       	push	r14
     542:	0f 93       	push	r16
     544:	fc 01       	movw	r30, r24
     546:	13 82       	std	Z+3, r1	; 0x03
     548:	12 82       	std	Z+2, r1	; 0x02
     54a:	87 e9       	ldi	r24, 0x97	; 151
     54c:	91 e0       	ldi	r25, 0x01	; 1
     54e:	91 83       	std	Z+1, r25	; 0x01
     550:	80 83       	st	Z, r24
     552:	64 83       	std	Z+4, r22	; 0x04
     554:	8f ef       	ldi	r24, 0xFF	; 255
     556:	85 83       	std	Z+5, r24	; 0x05
     558:	46 83       	std	Z+6, r20	; 0x06
     55a:	27 83       	std	Z+7, r18	; 0x07
     55c:	00 87       	std	Z+8, r16	; 0x08
     55e:	e1 86       	std	Z+9, r14	; 0x09
     560:	c2 86       	std	Z+10, r12	; 0x0a
     562:	13 86       	std	Z+11, r1	; 0x0b
     564:	14 86       	std	Z+12, r1	; 0x0c
     566:	15 86       	std	Z+13, r1	; 0x0d
     568:	16 86       	std	Z+14, r1	; 0x0e
     56a:	17 86       	std	Z+15, r1	; 0x0f
     56c:	20 e0       	ldi	r18, 0x00	; 0
     56e:	41 e0       	ldi	r20, 0x01	; 1
     570:	60 e1       	ldi	r22, 0x10	; 16
     572:	cf 01       	movw	r24, r30
     574:	0f 91       	pop	r16
     576:	ef 90       	pop	r14
     578:	cf 90       	pop	r12
     57a:	0c 94 03 02 	jmp	0x406	; 0x406 <_ZN13LiquidCrystal5beginEhhh>

0000057e <_ZN13LiquidCrystal5writeEh>:
     57e:	41 e0       	ldi	r20, 0x01	; 1
     580:	0e 94 b7 01 	call	0x36e	; 0x36e <_ZN13LiquidCrystal4sendEhh>
     584:	81 e0       	ldi	r24, 0x01	; 1
     586:	90 e0       	ldi	r25, 0x00	; 0
     588:	08 95       	ret

0000058a <__vector_9>:
     58a:	1f 92       	push	r1
     58c:	0f 92       	push	r0
     58e:	0f b6       	in	r0, 0x3f	; 63
     590:	0f 92       	push	r0
     592:	11 24       	eor	r1, r1
     594:	2f 93       	push	r18
     596:	3f 93       	push	r19
     598:	4f 93       	push	r20
     59a:	5f 93       	push	r21
     59c:	6f 93       	push	r22
     59e:	7f 93       	push	r23
     5a0:	8f 93       	push	r24
     5a2:	9f 93       	push	r25
     5a4:	af 93       	push	r26
     5a6:	bf 93       	push	r27
     5a8:	ef 93       	push	r30
     5aa:	ff 93       	push	r31
     5ac:	80 91 da 03 	lds	r24, 0x03DA	; 0x8003da <_ZL8ISRCount>
     5b0:	8f 5f       	subi	r24, 0xFF	; 255
     5b2:	80 93 da 03 	sts	0x03DA, r24	; 0x8003da <_ZL8ISRCount>
     5b6:	e0 91 db 03 	lds	r30, 0x03DB	; 0x8003db <_ZL7Channel>
     5ba:	20 91 da 03 	lds	r18, 0x03DA	; 0x8003da <_ZL8ISRCount>
     5be:	8e 2f       	mov	r24, r30
     5c0:	90 e0       	ldi	r25, 0x00	; 0
     5c2:	fc 01       	movw	r30, r24
     5c4:	ee 0f       	add	r30, r30
     5c6:	ff 1f       	adc	r31, r31
     5c8:	e8 0f       	add	r30, r24
     5ca:	f9 1f       	adc	r31, r25
     5cc:	e4 52       	subi	r30, 0x24	; 36
     5ce:	fc 4f       	sbci	r31, 0xFC	; 252
     5d0:	81 81       	ldd	r24, Z+1	; 0x01
     5d2:	e0 91 db 03 	lds	r30, 0x03DB	; 0x8003db <_ZL7Channel>
     5d6:	82 13       	cpse	r24, r18
     5d8:	1d c0       	rjmp	.+58     	; 0x614 <__vector_9+0x8a>
     5da:	8e 2f       	mov	r24, r30
     5dc:	90 e0       	ldi	r25, 0x00	; 0
     5de:	fc 01       	movw	r30, r24
     5e0:	ee 0f       	add	r30, r30
     5e2:	ff 1f       	adc	r31, r31
     5e4:	e8 0f       	add	r30, r24
     5e6:	f9 1f       	adc	r31, r25
     5e8:	e4 52       	subi	r30, 0x24	; 36
     5ea:	fc 4f       	sbci	r31, 0xFC	; 252
     5ec:	82 81       	ldd	r24, Z+2	; 0x02
     5ee:	80 93 b2 00 	sts	0x00B2, r24	; 0x8000b2 <__DATA_REGION_ORIGIN__+0x52>
     5f2:	ff 91       	pop	r31
     5f4:	ef 91       	pop	r30
     5f6:	bf 91       	pop	r27
     5f8:	af 91       	pop	r26
     5fa:	9f 91       	pop	r25
     5fc:	8f 91       	pop	r24
     5fe:	7f 91       	pop	r23
     600:	6f 91       	pop	r22
     602:	5f 91       	pop	r21
     604:	4f 91       	pop	r20
     606:	3f 91       	pop	r19
     608:	2f 91       	pop	r18
     60a:	0f 90       	pop	r0
     60c:	0f be       	out	0x3f, r0	; 63
     60e:	0f 90       	pop	r0
     610:	1f 90       	pop	r1
     612:	18 95       	reti
     614:	20 91 da 03 	lds	r18, 0x03DA	; 0x8003da <_ZL8ISRCount>
     618:	8e 2f       	mov	r24, r30
     61a:	90 e0       	ldi	r25, 0x00	; 0
     61c:	fc 01       	movw	r30, r24
     61e:	ee 0f       	add	r30, r30
     620:	ff 1f       	adc	r31, r31
     622:	e8 0f       	add	r30, r24
     624:	f9 1f       	adc	r31, r25
     626:	e4 52       	subi	r30, 0x24	; 36
     628:	fc 4f       	sbci	r31, 0xFC	; 252
     62a:	81 81       	ldd	r24, Z+1	; 0x01
     62c:	82 17       	cp	r24, r18
     62e:	08 f7       	brcc	.-62     	; 0x5f2 <__vector_9+0x68>
     630:	e0 91 db 03 	lds	r30, 0x03DB	; 0x8003db <_ZL7Channel>
     634:	8e 2f       	mov	r24, r30
     636:	90 e0       	ldi	r25, 0x00	; 0
     638:	fc 01       	movw	r30, r24
     63a:	ee 0f       	add	r30, r30
     63c:	ff 1f       	adc	r31, r31
     63e:	e8 0f       	add	r30, r24
     640:	f9 1f       	adc	r31, r25
     642:	e4 52       	subi	r30, 0x24	; 36
     644:	fc 4f       	sbci	r31, 0xFC	; 252
     646:	80 81       	ld	r24, Z
     648:	85 ff       	sbrs	r24, 5
     64a:	10 c0       	rjmp	.+32     	; 0x66c <__vector_9+0xe2>
     64c:	e0 91 db 03 	lds	r30, 0x03DB	; 0x8003db <_ZL7Channel>
     650:	8e 2f       	mov	r24, r30
     652:	90 e0       	ldi	r25, 0x00	; 0
     654:	fc 01       	movw	r30, r24
     656:	ee 0f       	add	r30, r30
     658:	ff 1f       	adc	r31, r31
     65a:	e8 0f       	add	r30, r24
     65c:	f9 1f       	adc	r31, r25
     65e:	e4 52       	subi	r30, 0x24	; 36
     660:	fc 4f       	sbci	r31, 0xFC	; 252
     662:	80 81       	ld	r24, Z
     664:	60 e0       	ldi	r22, 0x00	; 0
     666:	8f 71       	andi	r24, 0x1F	; 31
     668:	0e 94 fd 09 	call	0x13fa	; 0x13fa <digitalWrite>
     66c:	80 91 db 03 	lds	r24, 0x03DB	; 0x8003db <_ZL7Channel>
     670:	8f 5f       	subi	r24, 0xFF	; 255
     672:	80 93 db 03 	sts	0x03DB, r24	; 0x8003db <_ZL7Channel>
     676:	10 92 da 03 	sts	0x03DA, r1	; 0x8003da <_ZL8ISRCount>
     67a:	10 92 b2 00 	sts	0x00B2, r1	; 0x8000b2 <__DATA_REGION_ORIGIN__+0x52>
     67e:	80 91 db 03 	lds	r24, 0x03DB	; 0x8003db <_ZL7Channel>
     682:	88 23       	and	r24, r24
     684:	19 f1       	breq	.+70     	; 0x6cc <__vector_9+0x142>
     686:	80 91 db 03 	lds	r24, 0x03DB	; 0x8003db <_ZL7Channel>
     68a:	89 30       	cpi	r24, 0x09	; 9
     68c:	f8 f4       	brcc	.+62     	; 0x6cc <__vector_9+0x142>
     68e:	e0 91 db 03 	lds	r30, 0x03DB	; 0x8003db <_ZL7Channel>
     692:	8e 2f       	mov	r24, r30
     694:	90 e0       	ldi	r25, 0x00	; 0
     696:	fc 01       	movw	r30, r24
     698:	ee 0f       	add	r30, r30
     69a:	ff 1f       	adc	r31, r31
     69c:	e8 0f       	add	r30, r24
     69e:	f9 1f       	adc	r31, r25
     6a0:	e4 52       	subi	r30, 0x24	; 36
     6a2:	fc 4f       	sbci	r31, 0xFC	; 252
     6a4:	80 81       	ld	r24, Z
     6a6:	85 ff       	sbrs	r24, 5
     6a8:	a4 cf       	rjmp	.-184    	; 0x5f2 <__vector_9+0x68>
     6aa:	e0 91 db 03 	lds	r30, 0x03DB	; 0x8003db <_ZL7Channel>
     6ae:	8e 2f       	mov	r24, r30
     6b0:	90 e0       	ldi	r25, 0x00	; 0
     6b2:	fc 01       	movw	r30, r24
     6b4:	ee 0f       	add	r30, r30
     6b6:	ff 1f       	adc	r31, r31
     6b8:	e8 0f       	add	r30, r24
     6ba:	f9 1f       	adc	r31, r25
     6bc:	e4 52       	subi	r30, 0x24	; 36
     6be:	fc 4f       	sbci	r31, 0xFC	; 252
     6c0:	80 81       	ld	r24, Z
     6c2:	61 e0       	ldi	r22, 0x01	; 1
     6c4:	8f 71       	andi	r24, 0x1F	; 31
     6c6:	0e 94 fd 09 	call	0x13fa	; 0x13fa <digitalWrite>
     6ca:	93 cf       	rjmp	.-218    	; 0x5f2 <__vector_9+0x68>
     6cc:	80 91 db 03 	lds	r24, 0x03DB	; 0x8003db <_ZL7Channel>
     6d0:	89 30       	cpi	r24, 0x09	; 9
     6d2:	08 f4       	brcc	.+2      	; 0x6d6 <__vector_9+0x14c>
     6d4:	8e cf       	rjmp	.-228    	; 0x5f2 <__vector_9+0x68>
     6d6:	10 92 db 03 	sts	0x03DB, r1	; 0x8003db <_ZL7Channel>
     6da:	8b cf       	rjmp	.-234    	; 0x5f2 <__vector_9+0x68>

000006dc <_ZN11ServoTimer2C1Ev>:
     6dc:	fc 01       	movw	r30, r24
     6de:	90 91 d9 03 	lds	r25, 0x03D9	; 0x8003d9 <ChannelCount>
     6e2:	98 30       	cpi	r25, 0x08	; 8
     6e4:	28 f4       	brcc	.+10     	; 0x6f0 <_ZN11ServoTimer2C1Ev+0x14>
     6e6:	9f 5f       	subi	r25, 0xFF	; 255
     6e8:	90 93 d9 03 	sts	0x03D9, r25	; 0x8003d9 <ChannelCount>
     6ec:	90 83       	st	Z, r25
     6ee:	08 95       	ret
     6f0:	10 82       	st	Z, r1
     6f2:	08 95       	ret

000006f4 <_ZN11ServoTimer26attachEi>:
     6f4:	1f 93       	push	r17
     6f6:	cf 93       	push	r28
     6f8:	df 93       	push	r29
     6fa:	ec 01       	movw	r28, r24
     6fc:	16 2f       	mov	r17, r22
     6fe:	80 91 d8 03 	lds	r24, 0x03D8	; 0x8003d8 <__data_end>
     702:	81 11       	cpse	r24, r1
     704:	22 c0       	rjmp	.+68     	; 0x74a <_ZN11ServoTimer26attachEi+0x56>
     706:	ec ed       	ldi	r30, 0xDC	; 220
     708:	f3 e0       	ldi	r31, 0x03	; 3
     70a:	84 ef       	ldi	r24, 0xF4	; 244
     70c:	93 e0       	ldi	r25, 0x03	; 3
     70e:	3b e0       	ldi	r19, 0x0B	; 11
     710:	27 e5       	ldi	r18, 0x57	; 87
     712:	34 83       	std	Z+4, r19	; 0x04
     714:	25 83       	std	Z+5, r18	; 0x05
     716:	33 96       	adiw	r30, 0x03	; 3
     718:	8e 17       	cp	r24, r30
     71a:	9f 07       	cpc	r25, r31
     71c:	d1 f7       	brne	.-12     	; 0x712 <_ZN11ServoTimer26attachEi+0x1e>
     71e:	8e e3       	ldi	r24, 0x3E	; 62
     720:	80 93 dd 03 	sts	0x03DD, r24	; 0x8003dd <_ZL6servos+0x1>
     724:	10 92 db 03 	sts	0x03DB, r1	; 0x8003db <_ZL7Channel>
     728:	10 92 da 03 	sts	0x03DA, r1	; 0x8003da <_ZL8ISRCount>
     72c:	10 92 70 00 	sts	0x0070, r1	; 0x800070 <__DATA_REGION_ORIGIN__+0x10>
     730:	10 92 b0 00 	sts	0x00B0, r1	; 0x8000b0 <__DATA_REGION_ORIGIN__+0x50>
     734:	82 e0       	ldi	r24, 0x02	; 2
     736:	80 93 b1 00 	sts	0x00B1, r24	; 0x8000b1 <__DATA_REGION_ORIGIN__+0x51>
     73a:	10 92 b2 00 	sts	0x00B2, r1	; 0x8000b2 <__DATA_REGION_ORIGIN__+0x52>
     73e:	81 e0       	ldi	r24, 0x01	; 1
     740:	87 bb       	out	0x17, r24	; 23
     742:	80 93 70 00 	sts	0x0070, r24	; 0x800070 <__DATA_REGION_ORIGIN__+0x10>
     746:	80 93 d8 03 	sts	0x03D8, r24	; 0x8003d8 <__data_end>
     74a:	88 81       	ld	r24, Y
     74c:	88 23       	and	r24, r24
     74e:	a1 f0       	breq	.+40     	; 0x778 <_ZN11ServoTimer26attachEi+0x84>
     750:	61 e0       	ldi	r22, 0x01	; 1
     752:	81 2f       	mov	r24, r17
     754:	0e 94 c1 09 	call	0x1382	; 0x1382 <pinMode>
     758:	e8 81       	ld	r30, Y
     75a:	8e 2f       	mov	r24, r30
     75c:	90 e0       	ldi	r25, 0x00	; 0
     75e:	fc 01       	movw	r30, r24
     760:	ee 0f       	add	r30, r30
     762:	ff 1f       	adc	r31, r31
     764:	e8 0f       	add	r30, r24
     766:	f9 1f       	adc	r31, r25
     768:	e4 52       	subi	r30, 0x24	; 36
     76a:	fc 4f       	sbci	r31, 0xFC	; 252
     76c:	1f 71       	andi	r17, 0x1F	; 31
     76e:	60 81       	ld	r22, Z
     770:	60 7e       	andi	r22, 0xE0	; 224
     772:	61 2b       	or	r22, r17
     774:	60 62       	ori	r22, 0x20	; 32
     776:	60 83       	st	Z, r22
     778:	88 81       	ld	r24, Y
     77a:	df 91       	pop	r29
     77c:	cf 91       	pop	r28
     77e:	1f 91       	pop	r17
     780:	08 95       	ret

00000782 <_ZN11ServoTimer25writeEi>:
     782:	dc 01       	movw	r26, r24
     784:	ec 91       	ld	r30, X
     786:	8f ef       	ldi	r24, 0xFF	; 255
     788:	8e 0f       	add	r24, r30
     78a:	88 30       	cpi	r24, 0x08	; 8
     78c:	f8 f4       	brcc	.+62     	; 0x7cc <_ZN11ServoTimer25writeEi+0x4a>
     78e:	cb 01       	movw	r24, r22
     790:	6b 3c       	cpi	r22, 0xCB	; 203
     792:	78 40       	sbci	r23, 0x08	; 8
     794:	14 f0       	brlt	.+4      	; 0x79a <_ZN11ServoTimer25writeEi+0x18>
     796:	8a ec       	ldi	r24, 0xCA	; 202
     798:	98 e0       	ldi	r25, 0x08	; 8
     79a:	8e 3e       	cpi	r24, 0xEE	; 238
     79c:	22 e0       	ldi	r18, 0x02	; 2
     79e:	92 07       	cpc	r25, r18
     7a0:	14 f4       	brge	.+4      	; 0x7a6 <_ZN11ServoTimer25writeEi+0x24>
     7a2:	8e ee       	ldi	r24, 0xEE	; 238
     7a4:	92 e0       	ldi	r25, 0x02	; 2
     7a6:	08 97       	sbiw	r24, 0x08	; 8
     7a8:	ac 01       	movw	r20, r24
     7aa:	44 0f       	add	r20, r20
     7ac:	45 2f       	mov	r20, r21
     7ae:	44 1f       	adc	r20, r20
     7b0:	55 0b       	sbc	r21, r21
     7b2:	2e 2f       	mov	r18, r30
     7b4:	30 e0       	ldi	r19, 0x00	; 0
     7b6:	f9 01       	movw	r30, r18
     7b8:	ee 0f       	add	r30, r30
     7ba:	ff 1f       	adc	r31, r31
     7bc:	e2 0f       	add	r30, r18
     7be:	f3 1f       	adc	r31, r19
     7c0:	e4 52       	subi	r30, 0x24	; 36
     7c2:	fc 4f       	sbci	r31, 0xFC	; 252
     7c4:	41 83       	std	Z+1, r20	; 0x01
     7c6:	88 0f       	add	r24, r24
     7c8:	80 95       	com	r24
     7ca:	82 83       	std	Z+2, r24	; 0x02
     7cc:	08 95       	ret

000007ce <StartupHook>:
     7ce:	61 e0       	ldi	r22, 0x01	; 1
     7d0:	84 e0       	ldi	r24, 0x04	; 4
     7d2:	0e 94 c1 09 	call	0x1382	; 0x1382 <pinMode>
     7d6:	61 e0       	ldi	r22, 0x01	; 1
     7d8:	87 e0       	ldi	r24, 0x07	; 7
     7da:	0e 94 c1 09 	call	0x1382	; 0x1382 <pinMode>
     7de:	60 e0       	ldi	r22, 0x00	; 0
     7e0:	84 e0       	ldi	r24, 0x04	; 4
     7e2:	0e 94 fd 09 	call	0x13fa	; 0x13fa <digitalWrite>
     7e6:	60 e0       	ldi	r22, 0x00	; 0
     7e8:	87 e0       	ldi	r24, 0x07	; 7
     7ea:	0e 94 fd 09 	call	0x13fa	; 0x13fa <digitalWrite>
     7ee:	20 e0       	ldi	r18, 0x00	; 0
     7f0:	44 e0       	ldi	r20, 0x04	; 4
     7f2:	64 e1       	ldi	r22, 0x14	; 20
     7f4:	81 e1       	ldi	r24, 0x11	; 17
     7f6:	94 e0       	ldi	r25, 0x04	; 4
     7f8:	0e 94 03 02 	call	0x406	; 0x406 <_ZN13LiquidCrystal5beginEhhh>
     7fc:	20 e0       	ldi	r18, 0x00	; 0
     7fe:	44 e0       	ldi	r20, 0x04	; 4
     800:	64 e1       	ldi	r22, 0x14	; 20
     802:	89 ef       	ldi	r24, 0xF9	; 249
     804:	93 e0       	ldi	r25, 0x03	; 3
     806:	0e 94 03 02 	call	0x406	; 0x406 <_ZN13LiquidCrystal5beginEhhh>
     80a:	81 e1       	ldi	r24, 0x11	; 17
     80c:	94 e0       	ldi	r25, 0x04	; 4
     80e:	0e 94 e3 01 	call	0x3c6	; 0x3c6 <_ZN13LiquidCrystal5clearEv>
     812:	89 ef       	ldi	r24, 0xF9	; 249
     814:	93 e0       	ldi	r25, 0x03	; 3
     816:	0e 94 e3 01 	call	0x3c6	; 0x3c6 <_ZN13LiquidCrystal5clearEv>
     81a:	40 e0       	ldi	r20, 0x00	; 0
     81c:	60 e0       	ldi	r22, 0x00	; 0
     81e:	81 e1       	ldi	r24, 0x11	; 17
     820:	94 e0       	ldi	r25, 0x04	; 4
     822:	0e 94 ea 01 	call	0x3d4	; 0x3d4 <_ZN13LiquidCrystal9setCursorEhh>
     826:	6f e9       	ldi	r22, 0x9F	; 159
     828:	71 e0       	ldi	r23, 0x01	; 1
     82a:	81 e1       	ldi	r24, 0x11	; 17
     82c:	94 e0       	ldi	r25, 0x04	; 4
     82e:	0e 94 35 0c 	call	0x186a	; 0x186a <_ZN5Print5printEPKc>
     832:	41 e0       	ldi	r20, 0x01	; 1
     834:	60 e0       	ldi	r22, 0x00	; 0
     836:	81 e1       	ldi	r24, 0x11	; 17
     838:	94 e0       	ldi	r25, 0x04	; 4
     83a:	0e 94 ea 01 	call	0x3d4	; 0x3d4 <_ZN13LiquidCrystal9setCursorEhh>
     83e:	6e ea       	ldi	r22, 0xAE	; 174
     840:	71 e0       	ldi	r23, 0x01	; 1
     842:	81 e1       	ldi	r24, 0x11	; 17
     844:	94 e0       	ldi	r25, 0x04	; 4
     846:	0e 94 35 0c 	call	0x186a	; 0x186a <_ZN5Print5printEPKc>
     84a:	42 e0       	ldi	r20, 0x02	; 2
     84c:	60 e0       	ldi	r22, 0x00	; 0
     84e:	81 e1       	ldi	r24, 0x11	; 17
     850:	94 e0       	ldi	r25, 0x04	; 4
     852:	0e 94 ea 01 	call	0x3d4	; 0x3d4 <_ZN13LiquidCrystal9setCursorEhh>
     856:	6d eb       	ldi	r22, 0xBD	; 189
     858:	71 e0       	ldi	r23, 0x01	; 1
     85a:	81 e1       	ldi	r24, 0x11	; 17
     85c:	94 e0       	ldi	r25, 0x04	; 4
     85e:	0e 94 35 0c 	call	0x186a	; 0x186a <_ZN5Print5printEPKc>
     862:	43 e0       	ldi	r20, 0x03	; 3
     864:	60 e0       	ldi	r22, 0x00	; 0
     866:	81 e1       	ldi	r24, 0x11	; 17
     868:	94 e0       	ldi	r25, 0x04	; 4
     86a:	0e 94 ea 01 	call	0x3d4	; 0x3d4 <_ZN13LiquidCrystal9setCursorEhh>
     86e:	6c ec       	ldi	r22, 0xCC	; 204
     870:	71 e0       	ldi	r23, 0x01	; 1
     872:	81 e1       	ldi	r24, 0x11	; 17
     874:	94 e0       	ldi	r25, 0x04	; 4
     876:	0e 94 35 0c 	call	0x186a	; 0x186a <_ZN5Print5printEPKc>
     87a:	40 e0       	ldi	r20, 0x00	; 0
     87c:	60 e0       	ldi	r22, 0x00	; 0
     87e:	89 ef       	ldi	r24, 0xF9	; 249
     880:	93 e0       	ldi	r25, 0x03	; 3
     882:	0e 94 ea 01 	call	0x3d4	; 0x3d4 <_ZN13LiquidCrystal9setCursorEhh>
     886:	6b ed       	ldi	r22, 0xDB	; 219
     888:	71 e0       	ldi	r23, 0x01	; 1
     88a:	89 ef       	ldi	r24, 0xF9	; 249
     88c:	93 e0       	ldi	r25, 0x03	; 3
     88e:	0e 94 35 0c 	call	0x186a	; 0x186a <_ZN5Print5printEPKc>
     892:	41 e0       	ldi	r20, 0x01	; 1
     894:	60 e0       	ldi	r22, 0x00	; 0
     896:	89 ef       	ldi	r24, 0xF9	; 249
     898:	93 e0       	ldi	r25, 0x03	; 3
     89a:	0e 94 ea 01 	call	0x3d4	; 0x3d4 <_ZN13LiquidCrystal9setCursorEhh>
     89e:	67 ee       	ldi	r22, 0xE7	; 231
     8a0:	71 e0       	ldi	r23, 0x01	; 1
     8a2:	89 ef       	ldi	r24, 0xF9	; 249
     8a4:	93 e0       	ldi	r25, 0x03	; 3
     8a6:	0e 94 35 0c 	call	0x186a	; 0x186a <_ZN5Print5printEPKc>
     8aa:	42 e0       	ldi	r20, 0x02	; 2
     8ac:	60 e0       	ldi	r22, 0x00	; 0
     8ae:	89 ef       	ldi	r24, 0xF9	; 249
     8b0:	93 e0       	ldi	r25, 0x03	; 3
     8b2:	0e 94 ea 01 	call	0x3d4	; 0x3d4 <_ZN13LiquidCrystal9setCursorEhh>
     8b6:	64 ef       	ldi	r22, 0xF4	; 244
     8b8:	71 e0       	ldi	r23, 0x01	; 1
     8ba:	89 ef       	ldi	r24, 0xF9	; 249
     8bc:	93 e0       	ldi	r25, 0x03	; 3
     8be:	0e 94 35 0c 	call	0x186a	; 0x186a <_ZN5Print5printEPKc>
     8c2:	60 ed       	ldi	r22, 0xD0	; 208
     8c4:	77 e0       	ldi	r23, 0x07	; 7
     8c6:	80 e0       	ldi	r24, 0x00	; 0
     8c8:	90 e0       	ldi	r25, 0x00	; 0
     8ca:	0e 94 19 09 	call	0x1232	; 0x1232 <delay>
     8ce:	81 e1       	ldi	r24, 0x11	; 17
     8d0:	94 e0       	ldi	r25, 0x04	; 4
     8d2:	0e 94 e3 01 	call	0x3c6	; 0x3c6 <_ZN13LiquidCrystal5clearEv>
     8d6:	89 ef       	ldi	r24, 0xF9	; 249
     8d8:	93 e0       	ldi	r25, 0x03	; 3
     8da:	0e 94 e3 01 	call	0x3c6	; 0x3c6 <_ZN13LiquidCrystal5clearEv>
     8de:	44 e6       	ldi	r20, 0x64	; 100
     8e0:	50 e0       	ldi	r21, 0x00	; 0
     8e2:	6a e0       	ldi	r22, 0x0A	; 10
     8e4:	70 e0       	ldi	r23, 0x00	; 0
     8e6:	80 e0       	ldi	r24, 0x00	; 0
     8e8:	0e 94 b5 0d 	call	0x1b6a	; 0x1b6a <SetRelAlarm>
     8ec:	44 ef       	ldi	r20, 0xF4	; 244
     8ee:	51 e0       	ldi	r21, 0x01	; 1
     8f0:	64 e1       	ldi	r22, 0x14	; 20
     8f2:	70 e0       	ldi	r23, 0x00	; 0
     8f4:	81 e0       	ldi	r24, 0x01	; 1
     8f6:	0c 94 b5 0d 	jmp	0x1b6a	; 0x1b6a <SetRelAlarm>

000008fa <idle_hook>:
     8fa:	cf 93       	push	r28
     8fc:	df 93       	push	r29
     8fe:	00 d0       	rcall	.+0      	; 0x900 <__stack+0x1>
     900:	cd b7       	in	r28, 0x3d	; 61
     902:	de b7       	in	r29, 0x3e	; 62
     904:	8d b7       	in	r24, 0x3d	; 61
     906:	9e b7       	in	r25, 0x3e	; 62
     908:	9a 83       	std	Y+2, r25	; 0x02
     90a:	89 83       	std	Y+1, r24	; 0x01
     90c:	80 91 f7 03 	lds	r24, 0x03F7	; 0x8003f7 <main_sp>
     910:	90 91 f8 03 	lds	r25, 0x03F8	; 0x8003f8 <main_sp+0x1>
     914:	89 2b       	or	r24, r25
     916:	31 f4       	brne	.+12     	; 0x924 <__stack+0x25>
     918:	89 81       	ldd	r24, Y+1	; 0x01
     91a:	9a 81       	ldd	r25, Y+2	; 0x02
     91c:	90 93 f8 03 	sts	0x03F8, r25	; 0x8003f8 <main_sp+0x1>
     920:	80 93 f7 03 	sts	0x03F7, r24	; 0x8003f7 <main_sp>
     924:	0f 90       	pop	r0
     926:	0f 90       	pop	r0
     928:	df 91       	pop	r29
     92a:	cf 91       	pop	r28
     92c:	08 95       	ret

0000092e <setup>:
     92e:	26 e0       	ldi	r18, 0x06	; 6
     930:	40 e0       	ldi	r20, 0x00	; 0
     932:	52 ec       	ldi	r21, 0xC2	; 194
     934:	61 e0       	ldi	r22, 0x01	; 1
     936:	70 e0       	ldi	r23, 0x00	; 0
     938:	89 e7       	ldi	r24, 0x79	; 121
     93a:	95 e0       	ldi	r25, 0x05	; 5
     93c:	0c 94 12 0b 	jmp	0x1624	; 0x1624 <_ZN14HardwareSerial5beginEmh>

00000940 <main>:
     940:	0e 94 5d 09 	call	0x12ba	; 0x12ba <init>
     944:	0e 94 97 04 	call	0x92e	; 0x92e <setup>
     948:	80 e0       	ldi	r24, 0x00	; 0
     94a:	0e 94 4a 0c 	call	0x1894	; 0x1894 <StartOS>
     94e:	90 e0       	ldi	r25, 0x00	; 0
     950:	80 e0       	ldi	r24, 0x00	; 0
     952:	08 95       	ret

00000954 <_GLOBAL__sub_I_lcd>:
     954:	cf 92       	push	r12
     956:	ef 92       	push	r14
     958:	0f 93       	push	r16
     95a:	8d e0       	ldi	r24, 0x0D	; 13
     95c:	c8 2e       	mov	r12, r24
     95e:	98 e0       	ldi	r25, 0x08	; 8
     960:	e9 2e       	mov	r14, r25
     962:	06 e0       	ldi	r16, 0x06	; 6
     964:	25 e0       	ldi	r18, 0x05	; 5
     966:	4b e0       	ldi	r20, 0x0B	; 11
     968:	6c e0       	ldi	r22, 0x0C	; 12
     96a:	81 e1       	ldi	r24, 0x11	; 17
     96c:	94 e0       	ldi	r25, 0x04	; 4
     96e:	0e 94 9f 02 	call	0x53e	; 0x53e <_ZN13LiquidCrystalC1Ehhhhhh>
     972:	23 e1       	ldi	r18, 0x13	; 19
     974:	c2 2e       	mov	r12, r18
     976:	32 e1       	ldi	r19, 0x12	; 18
     978:	e3 2e       	mov	r14, r19
     97a:	01 e1       	ldi	r16, 0x11	; 17
     97c:	20 e1       	ldi	r18, 0x10	; 16
     97e:	43 e0       	ldi	r20, 0x03	; 3
     980:	62 e0       	ldi	r22, 0x02	; 2
     982:	89 ef       	ldi	r24, 0xF9	; 249
     984:	93 e0       	ldi	r25, 0x03	; 3
     986:	0e 94 9f 02 	call	0x53e	; 0x53e <_ZN13LiquidCrystalC1Ehhhhhh>
     98a:	0f 91       	pop	r16
     98c:	ef 90       	pop	r14
     98e:	cf 90       	pop	r12
     990:	08 95       	ret

00000992 <is_night_time>:
     992:	80 91 88 01 	lds	r24, 0x0188	; 0x800188 <_ZL5hours>
     996:	90 91 89 01 	lds	r25, 0x0189	; 0x800189 <_ZL5hours+0x1>
     99a:	83 31       	cpi	r24, 0x13	; 19
     99c:	91 05       	cpc	r25, r1
     99e:	dc f4       	brge	.+54     	; 0x9d6 <is_night_time+0x44>
     9a0:	82 31       	cpi	r24, 0x12	; 18
     9a2:	91 05       	cpc	r25, r1
     9a4:	51 f4       	brne	.+20     	; 0x9ba <is_night_time+0x28>
     9a6:	81 e0       	ldi	r24, 0x01	; 1
     9a8:	20 91 86 01 	lds	r18, 0x0186	; 0x800186 <_ZL7minutes>
     9ac:	30 91 87 01 	lds	r19, 0x0187	; 0x800187 <_ZL7minutes+0x1>
     9b0:	2e 31       	cpi	r18, 0x1E	; 30
     9b2:	31 05       	cpc	r19, r1
     9b4:	7c f4       	brge	.+30     	; 0x9d4 <is_night_time+0x42>
     9b6:	80 e0       	ldi	r24, 0x00	; 0
     9b8:	0d c0       	rjmp	.+26     	; 0x9d4 <is_night_time+0x42>
     9ba:	87 30       	cpi	r24, 0x07	; 7
     9bc:	91 05       	cpc	r25, r1
     9be:	5c f0       	brlt	.+22     	; 0x9d6 <is_night_time+0x44>
     9c0:	07 97       	sbiw	r24, 0x07	; 7
     9c2:	c9 f7       	brne	.-14     	; 0x9b6 <is_night_time+0x24>
     9c4:	81 e0       	ldi	r24, 0x01	; 1
     9c6:	20 91 86 01 	lds	r18, 0x0186	; 0x800186 <_ZL7minutes>
     9ca:	30 91 87 01 	lds	r19, 0x0187	; 0x800187 <_ZL7minutes+0x1>
     9ce:	2e 31       	cpi	r18, 0x1E	; 30
     9d0:	31 05       	cpc	r19, r1
     9d2:	8c f7       	brge	.-30     	; 0x9b6 <is_night_time+0x24>
     9d4:	08 95       	ret
     9d6:	81 e0       	ldi	r24, 0x01	; 1
     9d8:	08 95       	ret

000009da <adc_to_lux>:
     9da:	cf 92       	push	r12
     9dc:	df 92       	push	r13
     9de:	ef 92       	push	r14
     9e0:	ff 92       	push	r15
     9e2:	18 16       	cp	r1, r24
     9e4:	19 06       	cpc	r1, r25
     9e6:	0c f0       	brlt	.+2      	; 0x9ea <adc_to_lux+0x10>
     9e8:	87 c0       	rjmp	.+270    	; 0xaf8 <adc_to_lux+0x11e>
     9ea:	bc 01       	movw	r22, r24
     9ec:	07 2e       	mov	r0, r23
     9ee:	00 0c       	add	r0, r0
     9f0:	88 0b       	sbc	r24, r24
     9f2:	99 0b       	sbc	r25, r25
     9f4:	0e 94 a6 14 	call	0x294c	; 0x294c <__floatsisf>
     9f8:	20 e0       	ldi	r18, 0x00	; 0
     9fa:	30 ec       	ldi	r19, 0xC0	; 192
     9fc:	4f e7       	ldi	r20, 0x7F	; 127
     9fe:	54 e4       	ldi	r21, 0x44	; 68
     a00:	0e 94 03 14 	call	0x2806	; 0x2806 <__divsf3>
     a04:	20 e0       	ldi	r18, 0x00	; 0
     a06:	30 e0       	ldi	r19, 0x00	; 0
     a08:	40 ea       	ldi	r20, 0xA0	; 160
     a0a:	50 e4       	ldi	r21, 0x40	; 64
     a0c:	0e 94 5b 15 	call	0x2ab6	; 0x2ab6 <__mulsf3>
     a10:	6b 01       	movw	r12, r22
     a12:	7c 01       	movw	r14, r24
     a14:	2f e6       	ldi	r18, 0x6F	; 111
     a16:	32 e1       	ldi	r19, 0x12	; 18
     a18:	43 e8       	ldi	r20, 0x83	; 131
     a1a:	5a e3       	ldi	r21, 0x3A	; 58
     a1c:	0e 94 fe 13 	call	0x27fc	; 0x27fc <__cmpsf2>
     a20:	87 ff       	sbrs	r24, 7
     a22:	08 c0       	rjmp	.+16     	; 0xa34 <adc_to_lux+0x5a>
     a24:	3f e6       	ldi	r19, 0x6F	; 111
     a26:	c3 2e       	mov	r12, r19
     a28:	32 e1       	ldi	r19, 0x12	; 18
     a2a:	d3 2e       	mov	r13, r19
     a2c:	33 e8       	ldi	r19, 0x83	; 131
     a2e:	e3 2e       	mov	r14, r19
     a30:	3a e3       	ldi	r19, 0x3A	; 58
     a32:	f3 2e       	mov	r15, r19
     a34:	a7 01       	movw	r20, r14
     a36:	96 01       	movw	r18, r12
     a38:	60 e0       	ldi	r22, 0x00	; 0
     a3a:	70 e0       	ldi	r23, 0x00	; 0
     a3c:	80 ea       	ldi	r24, 0xA0	; 160
     a3e:	90 e4       	ldi	r25, 0x40	; 64
     a40:	0e 94 91 13 	call	0x2722	; 0x2722 <__subsf3>
     a44:	a7 01       	movw	r20, r14
     a46:	96 01       	movw	r18, r12
     a48:	0e 94 03 14 	call	0x2806	; 0x2806 <__divsf3>
     a4c:	20 e0       	ldi	r18, 0x00	; 0
     a4e:	30 e4       	ldi	r19, 0x40	; 64
     a50:	4c e9       	ldi	r20, 0x9C	; 156
     a52:	55 e4       	ldi	r21, 0x45	; 69
     a54:	0e 94 5b 15 	call	0x2ab6	; 0x2ab6 <__mulsf3>
     a58:	6b 01       	movw	r12, r22
     a5a:	7c 01       	movw	r14, r24
     a5c:	20 e0       	ldi	r18, 0x00	; 0
     a5e:	30 e0       	ldi	r19, 0x00	; 0
     a60:	40 e8       	ldi	r20, 0x80	; 128
     a62:	5f e3       	ldi	r21, 0x3F	; 63
     a64:	0e 94 fe 13 	call	0x27fc	; 0x27fc <__cmpsf2>
     a68:	87 ff       	sbrs	r24, 7
     a6a:	06 c0       	rjmp	.+12     	; 0xa78 <adc_to_lux+0x9e>
     a6c:	c1 2c       	mov	r12, r1
     a6e:	d1 2c       	mov	r13, r1
     a70:	20 e8       	ldi	r18, 0x80	; 128
     a72:	e2 2e       	mov	r14, r18
     a74:	2f e3       	ldi	r18, 0x3F	; 63
     a76:	f2 2e       	mov	r15, r18
     a78:	22 ec       	ldi	r18, 0xC2	; 194
     a7a:	3f e2       	ldi	r19, 0x2F	; 47
     a7c:	45 e9       	ldi	r20, 0x95	; 149
     a7e:	5f eb       	ldi	r21, 0xBF	; 191
     a80:	c7 01       	movw	r24, r14
     a82:	b6 01       	movw	r22, r12
     a84:	0e 94 c8 15 	call	0x2b90	; 0x2b90 <pow>
     a88:	2e e1       	ldi	r18, 0x1E	; 30
     a8a:	38 e4       	ldi	r19, 0x48	; 72
     a8c:	49 e5       	ldi	r20, 0x59	; 89
     a8e:	59 e4       	ldi	r21, 0x49	; 73
     a90:	0e 94 5b 15 	call	0x2ab6	; 0x2ab6 <__mulsf3>
     a94:	6b 01       	movw	r12, r22
     a96:	7c 01       	movw	r14, r24
     a98:	20 e0       	ldi	r18, 0x00	; 0
     a9a:	30 e0       	ldi	r19, 0x00	; 0
     a9c:	40 e8       	ldi	r20, 0x80	; 128
     a9e:	5f e3       	ldi	r21, 0x3F	; 63
     aa0:	0e 94 fe 13 	call	0x27fc	; 0x27fc <__cmpsf2>
     aa4:	87 fd       	sbrc	r24, 7
     aa6:	21 c0       	rjmp	.+66     	; 0xaea <adc_to_lux+0x110>
     aa8:	20 e0       	ldi	r18, 0x00	; 0
     aaa:	30 ec       	ldi	r19, 0xC0	; 192
     aac:	49 e7       	ldi	r20, 0x79	; 121
     aae:	54 e4       	ldi	r21, 0x44	; 68
     ab0:	c7 01       	movw	r24, r14
     ab2:	b6 01       	movw	r22, r12
     ab4:	0e 94 56 15 	call	0x2aac	; 0x2aac <__gesf2>
     ab8:	18 16       	cp	r1, r24
     aba:	3c f4       	brge	.+14     	; 0xaca <adc_to_lux+0xf0>
     abc:	c1 2c       	mov	r12, r1
     abe:	90 ec       	ldi	r25, 0xC0	; 192
     ac0:	d9 2e       	mov	r13, r25
     ac2:	99 e7       	ldi	r25, 0x79	; 121
     ac4:	e9 2e       	mov	r14, r25
     ac6:	94 e4       	ldi	r25, 0x44	; 68
     ac8:	f9 2e       	mov	r15, r25
     aca:	20 e0       	ldi	r18, 0x00	; 0
     acc:	30 e0       	ldi	r19, 0x00	; 0
     ace:	40 e0       	ldi	r20, 0x00	; 0
     ad0:	5f e3       	ldi	r21, 0x3F	; 63
     ad2:	c7 01       	movw	r24, r14
     ad4:	b6 01       	movw	r22, r12
     ad6:	0e 94 92 13 	call	0x2724	; 0x2724 <__addsf3>
     ada:	0e 94 75 14 	call	0x28ea	; 0x28ea <__fixunssfsi>
     ade:	cb 01       	movw	r24, r22
     ae0:	ff 90       	pop	r15
     ae2:	ef 90       	pop	r14
     ae4:	df 90       	pop	r13
     ae6:	cf 90       	pop	r12
     ae8:	08 95       	ret
     aea:	c1 2c       	mov	r12, r1
     aec:	d1 2c       	mov	r13, r1
     aee:	80 e8       	ldi	r24, 0x80	; 128
     af0:	e8 2e       	mov	r14, r24
     af2:	8f e3       	ldi	r24, 0x3F	; 63
     af4:	f8 2e       	mov	r15, r24
     af6:	e9 cf       	rjmp	.-46     	; 0xaca <adc_to_lux+0xf0>
     af8:	87 ee       	ldi	r24, 0xE7	; 231
     afa:	93 e0       	ldi	r25, 0x03	; 3
     afc:	f1 cf       	rjmp	.-30     	; 0xae0 <adc_to_lux+0x106>

00000afe <FuncSensorTask>:
     afe:	cf 92       	push	r12
     b00:	df 92       	push	r13
     b02:	ef 92       	push	r14
     b04:	ff 92       	push	r15
     b06:	0f 93       	push	r16
     b08:	1f 93       	push	r17
     b0a:	cf 93       	push	r28
     b0c:	df 93       	push	r29
     b0e:	8e e0       	ldi	r24, 0x0E	; 14
     b10:	0e 94 2b 0a 	call	0x1456	; 0x1456 <analogRead>
     b14:	7c 01       	movw	r14, r24
     b16:	8f e0       	ldi	r24, 0x0F	; 15
     b18:	0e 94 2b 0a 	call	0x1456	; 0x1456 <analogRead>
     b1c:	8c 01       	movw	r16, r24
     b1e:	c7 01       	movw	r24, r14
     b20:	0e 94 ed 04 	call	0x9da	; 0x9da <adc_to_lux>
     b24:	ec 01       	movw	r28, r24
     b26:	c8 01       	movw	r24, r16
     b28:	0e 94 ed 04 	call	0x9da	; 0x9da <adc_to_lux>
     b2c:	6c 01       	movw	r12, r24
     b2e:	83 e0       	ldi	r24, 0x03	; 3
     b30:	0e 94 32 0d 	call	0x1a64	; 0x1a64 <GetResource>
     b34:	ee e5       	ldi	r30, 0x5E	; 94
     b36:	f5 e0       	ldi	r31, 0x05	; 5
     b38:	20 81       	ld	r18, Z
     b3a:	31 81       	ldd	r19, Z+1	; 0x01
     b3c:	2c 0f       	add	r18, r28
     b3e:	3d 1f       	adc	r19, r29
     b40:	36 95       	lsr	r19
     b42:	27 95       	ror	r18
     b44:	82 81       	ldd	r24, Z+2	; 0x02
     b46:	93 81       	ldd	r25, Z+3	; 0x03
     b48:	c8 0e       	add	r12, r24
     b4a:	d9 1e       	adc	r13, r25
     b4c:	d6 94       	lsr	r13
     b4e:	c7 94       	ror	r12
     b50:	31 83       	std	Z+1, r19	; 0x01
     b52:	20 83       	st	Z, r18
     b54:	d3 82       	std	Z+3, r13	; 0x03
     b56:	c2 82       	std	Z+2, r12	; 0x02
     b58:	2c 0d       	add	r18, r12
     b5a:	3d 1d       	adc	r19, r13
     b5c:	36 95       	lsr	r19
     b5e:	27 95       	ror	r18
     b60:	35 83       	std	Z+5, r19	; 0x05
     b62:	24 83       	std	Z+4, r18	; 0x04
     b64:	f7 82       	std	Z+7, r15	; 0x07
     b66:	e6 82       	std	Z+6, r14	; 0x06
     b68:	11 87       	std	Z+9, r17	; 0x09
     b6a:	00 87       	std	Z+8, r16	; 0x08
     b6c:	81 e0       	ldi	r24, 0x01	; 1
     b6e:	82 87       	std	Z+10, r24	; 0x0a
     b70:	83 e0       	ldi	r24, 0x03	; 3
     b72:	0e 94 6f 0d 	call	0x1ade	; 0x1ade <ReleaseResource>
     b76:	62 e0       	ldi	r22, 0x02	; 2
     b78:	70 e0       	ldi	r23, 0x00	; 0
     b7a:	82 e0       	ldi	r24, 0x02	; 2
     b7c:	0e 94 12 0e 	call	0x1c24	; 0x1c24 <SetEvent>
     b80:	61 e0       	ldi	r22, 0x01	; 1
     b82:	70 e0       	ldi	r23, 0x00	; 0
     b84:	83 e0       	ldi	r24, 0x03	; 3
     b86:	0e 94 12 0e 	call	0x1c24	; 0x1c24 <SetEvent>
     b8a:	df 91       	pop	r29
     b8c:	cf 91       	pop	r28
     b8e:	1f 91       	pop	r17
     b90:	0f 91       	pop	r16
     b92:	ff 90       	pop	r15
     b94:	ef 90       	pop	r14
     b96:	df 90       	pop	r13
     b98:	cf 90       	pop	r12
     b9a:	0c 94 18 0d 	jmp	0x1a30	; 0x1a30 <TerminateTask>

00000b9e <FuncServoControlTask>:
     b9e:	cf 93       	push	r28
     ba0:	df 93       	push	r29
     ba2:	00 d0       	rcall	.+0      	; 0xba4 <FuncServoControlTask+0x6>
     ba4:	cd b7       	in	r28, 0x3d	; 61
     ba6:	de b7       	in	r29, 0x3e	; 62
     ba8:	80 91 6d 05 	lds	r24, 0x056D	; 0x80056d <_ZL18servos_initialized>
     bac:	81 11       	cpse	r24, r1
     bae:	0f c0       	rjmp	.+30     	; 0xbce <FuncServoControlTask+0x30>
     bb0:	69 e0       	ldi	r22, 0x09	; 9
     bb2:	70 e0       	ldi	r23, 0x00	; 0
     bb4:	8f e6       	ldi	r24, 0x6F	; 111
     bb6:	95 e0       	ldi	r25, 0x05	; 5
     bb8:	0e 94 7a 03 	call	0x6f4	; 0x6f4 <_ZN11ServoTimer26attachEi>
     bbc:	6a e0       	ldi	r22, 0x0A	; 10
     bbe:	70 e0       	ldi	r23, 0x00	; 0
     bc0:	8e e6       	ldi	r24, 0x6E	; 110
     bc2:	95 e0       	ldi	r25, 0x05	; 5
     bc4:	0e 94 7a 03 	call	0x6f4	; 0x6f4 <_ZN11ServoTimer26attachEi>
     bc8:	81 e0       	ldi	r24, 0x01	; 1
     bca:	80 93 6d 05 	sts	0x056D, r24	; 0x80056d <_ZL18servos_initialized>
     bce:	82 e0       	ldi	r24, 0x02	; 2
     bd0:	90 e0       	ldi	r25, 0x00	; 0
     bd2:	0e 94 d7 0d 	call	0x1bae	; 0x1bae <WaitEvent>
     bd6:	be 01       	movw	r22, r28
     bd8:	6f 5f       	subi	r22, 0xFF	; 255
     bda:	7f 4f       	sbci	r23, 0xFF	; 255
     bdc:	82 e0       	ldi	r24, 0x02	; 2
     bde:	0e 94 4d 0e 	call	0x1c9a	; 0x1c9a <GetEvent>
     be2:	89 81       	ldd	r24, Y+1	; 0x01
     be4:	81 ff       	sbrs	r24, 1
     be6:	f3 cf       	rjmp	.-26     	; 0xbce <FuncServoControlTask+0x30>
     be8:	83 e0       	ldi	r24, 0x03	; 3
     bea:	0e 94 32 0d 	call	0x1a64	; 0x1a64 <GetResource>
     bee:	e0 90 5e 05 	lds	r14, 0x055E	; 0x80055e <_ZL13g_sensor_data>
     bf2:	f0 90 5f 05 	lds	r15, 0x055F	; 0x80055f <_ZL13g_sensor_data+0x1>
     bf6:	00 91 60 05 	lds	r16, 0x0560	; 0x800560 <_ZL13g_sensor_data+0x2>
     bfa:	10 91 61 05 	lds	r17, 0x0561	; 0x800561 <_ZL13g_sensor_data+0x3>
     bfe:	81 e0       	ldi	r24, 0x01	; 1
     c00:	94 ef       	ldi	r25, 0xF4	; 244
     c02:	e9 16       	cp	r14, r25
     c04:	91 e0       	ldi	r25, 0x01	; 1
     c06:	f9 06       	cpc	r15, r25
     c08:	08 f4       	brcc	.+2      	; 0xc0c <FuncServoControlTask+0x6e>
     c0a:	80 e0       	ldi	r24, 0x00	; 0
     c0c:	80 93 6b 05 	sts	0x056B, r24	; 0x80056b <_ZL13g_sensor_data+0xd>
     c10:	81 e0       	ldi	r24, 0x01	; 1
     c12:	04 3f       	cpi	r16, 0xF4	; 244
     c14:	91 e0       	ldi	r25, 0x01	; 1
     c16:	19 07       	cpc	r17, r25
     c18:	08 f4       	brcc	.+2      	; 0xc1c <FuncServoControlTask+0x7e>
     c1a:	80 e0       	ldi	r24, 0x00	; 0
     c1c:	80 93 6c 05 	sts	0x056C, r24	; 0x80056c <_ZL13g_sensor_data+0xe>
     c20:	83 e0       	ldi	r24, 0x03	; 3
     c22:	0e 94 6f 0d 	call	0x1ade	; 0x1ade <ReleaseResource>
     c26:	84 ef       	ldi	r24, 0xF4	; 244
     c28:	e8 16       	cp	r14, r24
     c2a:	81 e0       	ldi	r24, 0x01	; 1
     c2c:	f8 06       	cpc	r15, r24
     c2e:	08 f0       	brcs	.+2      	; 0xc32 <FuncServoControlTask+0x94>
     c30:	6b c0       	rjmp	.+214    	; 0xd08 <FuncServoControlTask+0x16a>
     c32:	9e ee       	ldi	r25, 0xEE	; 238
     c34:	e9 2e       	mov	r14, r25
     c36:	92 e0       	ldi	r25, 0x02	; 2
     c38:	f9 2e       	mov	r15, r25
     c3a:	04 3f       	cpi	r16, 0xF4	; 244
     c3c:	11 40       	sbci	r17, 0x01	; 1
     c3e:	08 f0       	brcs	.+2      	; 0xc42 <FuncServoControlTask+0xa4>
     c40:	68 c0       	rjmp	.+208    	; 0xd12 <FuncServoControlTask+0x174>
     c42:	0e ee       	ldi	r16, 0xEE	; 238
     c44:	12 e0       	ldi	r17, 0x02	; 2
     c46:	84 e0       	ldi	r24, 0x04	; 4
     c48:	0e 94 32 0d 	call	0x1a64	; 0x1a64 <GetResource>
     c4c:	f0 92 8d 01 	sts	0x018D, r15	; 0x80018d <_ZL11west_target+0x1>
     c50:	e0 92 8c 01 	sts	0x018C, r14	; 0x80018c <_ZL11west_target>
     c54:	10 93 8b 01 	sts	0x018B, r17	; 0x80018b <_ZL11east_target+0x1>
     c58:	00 93 8a 01 	sts	0x018A, r16	; 0x80018a <_ZL11east_target>
     c5c:	84 e0       	ldi	r24, 0x04	; 4
     c5e:	0e 94 6f 0d 	call	0x1ade	; 0x1ade <ReleaseResource>
     c62:	84 e0       	ldi	r24, 0x04	; 4
     c64:	0e 94 32 0d 	call	0x1a64	; 0x1a64 <GetResource>
     c68:	80 91 90 01 	lds	r24, 0x0190	; 0x800190 <_ZL8west_pos>
     c6c:	90 91 91 01 	lds	r25, 0x0191	; 0x800191 <_ZL8west_pos+0x1>
     c70:	20 91 8c 01 	lds	r18, 0x018C	; 0x80018c <_ZL11west_target>
     c74:	30 91 8d 01 	lds	r19, 0x018D	; 0x80018d <_ZL11west_target+0x1>
     c78:	82 17       	cp	r24, r18
     c7a:	93 07       	cpc	r25, r19
     c7c:	2c f4       	brge	.+10     	; 0xc88 <FuncServoControlTask+0xea>
     c7e:	0f 96       	adiw	r24, 0x0f	; 15
     c80:	90 93 91 01 	sts	0x0191, r25	; 0x800191 <_ZL8west_pos+0x1>
     c84:	80 93 90 01 	sts	0x0190, r24	; 0x800190 <_ZL8west_pos>
     c88:	80 91 90 01 	lds	r24, 0x0190	; 0x800190 <_ZL8west_pos>
     c8c:	90 91 91 01 	lds	r25, 0x0191	; 0x800191 <_ZL8west_pos+0x1>
     c90:	28 17       	cp	r18, r24
     c92:	39 07       	cpc	r19, r25
     c94:	2c f4       	brge	.+10     	; 0xca0 <FuncServoControlTask+0x102>
     c96:	0f 97       	sbiw	r24, 0x0f	; 15
     c98:	90 93 91 01 	sts	0x0191, r25	; 0x800191 <_ZL8west_pos+0x1>
     c9c:	80 93 90 01 	sts	0x0190, r24	; 0x800190 <_ZL8west_pos>
     ca0:	80 91 8e 01 	lds	r24, 0x018E	; 0x80018e <_ZL8east_pos>
     ca4:	90 91 8f 01 	lds	r25, 0x018F	; 0x80018f <_ZL8east_pos+0x1>
     ca8:	20 91 8a 01 	lds	r18, 0x018A	; 0x80018a <_ZL11east_target>
     cac:	30 91 8b 01 	lds	r19, 0x018B	; 0x80018b <_ZL11east_target+0x1>
     cb0:	82 17       	cp	r24, r18
     cb2:	93 07       	cpc	r25, r19
     cb4:	2c f4       	brge	.+10     	; 0xcc0 <FuncServoControlTask+0x122>
     cb6:	0f 96       	adiw	r24, 0x0f	; 15
     cb8:	90 93 8f 01 	sts	0x018F, r25	; 0x80018f <_ZL8east_pos+0x1>
     cbc:	80 93 8e 01 	sts	0x018E, r24	; 0x80018e <_ZL8east_pos>
     cc0:	80 91 8e 01 	lds	r24, 0x018E	; 0x80018e <_ZL8east_pos>
     cc4:	90 91 8f 01 	lds	r25, 0x018F	; 0x80018f <_ZL8east_pos+0x1>
     cc8:	28 17       	cp	r18, r24
     cca:	39 07       	cpc	r19, r25
     ccc:	2c f4       	brge	.+10     	; 0xcd8 <FuncServoControlTask+0x13a>
     cce:	0f 97       	sbiw	r24, 0x0f	; 15
     cd0:	90 93 8f 01 	sts	0x018F, r25	; 0x80018f <_ZL8east_pos+0x1>
     cd4:	80 93 8e 01 	sts	0x018E, r24	; 0x80018e <_ZL8east_pos>
     cd8:	60 91 90 01 	lds	r22, 0x0190	; 0x800190 <_ZL8west_pos>
     cdc:	70 91 91 01 	lds	r23, 0x0191	; 0x800191 <_ZL8west_pos+0x1>
     ce0:	8f e6       	ldi	r24, 0x6F	; 111
     ce2:	95 e0       	ldi	r25, 0x05	; 5
     ce4:	0e 94 c1 03 	call	0x782	; 0x782 <_ZN11ServoTimer25writeEi>
     ce8:	60 91 8e 01 	lds	r22, 0x018E	; 0x80018e <_ZL8east_pos>
     cec:	70 91 8f 01 	lds	r23, 0x018F	; 0x80018f <_ZL8east_pos+0x1>
     cf0:	8e e6       	ldi	r24, 0x6E	; 110
     cf2:	95 e0       	ldi	r25, 0x05	; 5
     cf4:	0e 94 c1 03 	call	0x782	; 0x782 <_ZN11ServoTimer25writeEi>
     cf8:	84 e0       	ldi	r24, 0x04	; 4
     cfa:	0e 94 6f 0d 	call	0x1ade	; 0x1ade <ReleaseResource>
     cfe:	82 e0       	ldi	r24, 0x02	; 2
     d00:	90 e0       	ldi	r25, 0x00	; 0
     d02:	0e 94 74 0e 	call	0x1ce8	; 0x1ce8 <ClearEvent>
     d06:	63 cf       	rjmp	.-314    	; 0xbce <FuncServoControlTask+0x30>
     d08:	8a ec       	ldi	r24, 0xCA	; 202
     d0a:	e8 2e       	mov	r14, r24
     d0c:	88 e0       	ldi	r24, 0x08	; 8
     d0e:	f8 2e       	mov	r15, r24
     d10:	94 cf       	rjmp	.-216    	; 0xc3a <FuncServoControlTask+0x9c>
     d12:	0a ec       	ldi	r16, 0xCA	; 202
     d14:	18 e0       	ldi	r17, 0x08	; 8
     d16:	97 cf       	rjmp	.-210    	; 0xc46 <FuncServoControlTask+0xa8>

00000d18 <FuncLEDControlTask>:
     d18:	cf 93       	push	r28
     d1a:	df 93       	push	r29
     d1c:	00 d0       	rcall	.+0      	; 0xd1e <FuncLEDControlTask+0x6>
     d1e:	cd b7       	in	r28, 0x3d	; 61
     d20:	de b7       	in	r29, 0x3e	; 62
     d22:	81 e0       	ldi	r24, 0x01	; 1
     d24:	90 e0       	ldi	r25, 0x00	; 0
     d26:	0e 94 d7 0d 	call	0x1bae	; 0x1bae <WaitEvent>
     d2a:	be 01       	movw	r22, r28
     d2c:	6f 5f       	subi	r22, 0xFF	; 255
     d2e:	7f 4f       	sbci	r23, 0xFF	; 255
     d30:	83 e0       	ldi	r24, 0x03	; 3
     d32:	0e 94 4d 0e 	call	0x1c9a	; 0x1c9a <GetEvent>
     d36:	89 81       	ldd	r24, Y+1	; 0x01
     d38:	80 ff       	sbrs	r24, 0
     d3a:	f3 cf       	rjmp	.-26     	; 0xd22 <FuncLEDControlTask+0xa>
     d3c:	82 e0       	ldi	r24, 0x02	; 2
     d3e:	0e 94 32 0d 	call	0x1a64	; 0x1a64 <GetResource>
     d42:	83 e0       	ldi	r24, 0x03	; 3
     d44:	0e 94 32 0d 	call	0x1a64	; 0x1a64 <GetResource>
     d48:	0e 94 c9 04 	call	0x992	; 0x992 <is_night_time>
     d4c:	11 e0       	ldi	r17, 0x01	; 1
     d4e:	01 e0       	ldi	r16, 0x01	; 1
     d50:	81 11       	cpse	r24, r1
     d52:	12 c0       	rjmp	.+36     	; 0xd78 <FuncLEDControlTask+0x60>
     d54:	01 e0       	ldi	r16, 0x01	; 1
     d56:	80 91 5e 05 	lds	r24, 0x055E	; 0x80055e <_ZL13g_sensor_data>
     d5a:	90 91 5f 05 	lds	r25, 0x055F	; 0x80055f <_ZL13g_sensor_data+0x1>
     d5e:	89 3c       	cpi	r24, 0xC9	; 201
     d60:	91 05       	cpc	r25, r1
     d62:	08 f0       	brcs	.+2      	; 0xd66 <FuncLEDControlTask+0x4e>
     d64:	00 e0       	ldi	r16, 0x00	; 0
     d66:	11 e0       	ldi	r17, 0x01	; 1
     d68:	80 91 60 05 	lds	r24, 0x0560	; 0x800560 <_ZL13g_sensor_data+0x2>
     d6c:	90 91 61 05 	lds	r25, 0x0561	; 0x800561 <_ZL13g_sensor_data+0x3>
     d70:	89 3c       	cpi	r24, 0xC9	; 201
     d72:	91 05       	cpc	r25, r1
     d74:	08 f0       	brcs	.+2      	; 0xd78 <FuncLEDControlTask+0x60>
     d76:	10 e0       	ldi	r17, 0x00	; 0
     d78:	60 2f       	mov	r22, r16
     d7a:	84 e0       	ldi	r24, 0x04	; 4
     d7c:	0e 94 fd 09 	call	0x13fa	; 0x13fa <digitalWrite>
     d80:	61 2f       	mov	r22, r17
     d82:	87 e0       	ldi	r24, 0x07	; 7
     d84:	0e 94 fd 09 	call	0x13fa	; 0x13fa <digitalWrite>
     d88:	00 93 69 05 	sts	0x0569, r16	; 0x800569 <_ZL13g_sensor_data+0xb>
     d8c:	10 93 6a 05 	sts	0x056A, r17	; 0x80056a <_ZL13g_sensor_data+0xc>
     d90:	83 e0       	ldi	r24, 0x03	; 3
     d92:	0e 94 6f 0d 	call	0x1ade	; 0x1ade <ReleaseResource>
     d96:	82 e0       	ldi	r24, 0x02	; 2
     d98:	0e 94 6f 0d 	call	0x1ade	; 0x1ade <ReleaseResource>
     d9c:	81 e0       	ldi	r24, 0x01	; 1
     d9e:	90 e0       	ldi	r25, 0x00	; 0
     da0:	0e 94 74 0e 	call	0x1ce8	; 0x1ce8 <ClearEvent>
     da4:	be cf       	rjmp	.-132    	; 0xd22 <FuncLEDControlTask+0xa>

00000da6 <FuncDisplayTask>:
     da6:	8f 92       	push	r8
     da8:	9f 92       	push	r9
     daa:	af 92       	push	r10
     dac:	bf 92       	push	r11
     dae:	cf 92       	push	r12
     db0:	df 92       	push	r13
     db2:	ef 92       	push	r14
     db4:	ff 92       	push	r15
     db6:	0f 93       	push	r16
     db8:	1f 93       	push	r17
     dba:	cf 93       	push	r28
     dbc:	df 93       	push	r29
     dbe:	cd b7       	in	r28, 0x3d	; 61
     dc0:	de b7       	in	r29, 0x3e	; 62
     dc2:	65 97       	sbiw	r28, 0x15	; 21
     dc4:	0f b6       	in	r0, 0x3f	; 63
     dc6:	f8 94       	cli
     dc8:	de bf       	out	0x3e, r29	; 62
     dca:	0f be       	out	0x3f, r0	; 63
     dcc:	cd bf       	out	0x3d, r28	; 61
     dce:	83 e0       	ldi	r24, 0x03	; 3
     dd0:	0e 94 32 0d 	call	0x1a64	; 0x1a64 <GetResource>
     dd4:	80 91 68 05 	lds	r24, 0x0568	; 0x800568 <_ZL13g_sensor_data+0xa>
     dd8:	88 23       	and	r24, r24
     dda:	09 f4       	brne	.+2      	; 0xdde <FuncDisplayTask+0x38>
     ddc:	69 c1       	rjmp	.+722    	; 0x10b0 <FuncDisplayTask+0x30a>
     dde:	e0 90 5e 05 	lds	r14, 0x055E	; 0x80055e <_ZL13g_sensor_data>
     de2:	f0 90 5f 05 	lds	r15, 0x055F	; 0x80055f <_ZL13g_sensor_data+0x1>
     de6:	c0 90 60 05 	lds	r12, 0x0560	; 0x800560 <_ZL13g_sensor_data+0x2>
     dea:	d0 90 61 05 	lds	r13, 0x0561	; 0x800561 <_ZL13g_sensor_data+0x3>
     dee:	10 91 62 05 	lds	r17, 0x0562	; 0x800562 <_ZL13g_sensor_data+0x4>
     df2:	00 91 63 05 	lds	r16, 0x0563	; 0x800563 <_ZL13g_sensor_data+0x5>
     df6:	b0 90 69 05 	lds	r11, 0x0569	; 0x800569 <_ZL13g_sensor_data+0xb>
     dfa:	a0 90 6a 05 	lds	r10, 0x056A	; 0x80056a <_ZL13g_sensor_data+0xc>
     dfe:	90 90 6b 05 	lds	r9, 0x056B	; 0x80056b <_ZL13g_sensor_data+0xd>
     e02:	80 90 6c 05 	lds	r8, 0x056C	; 0x80056c <_ZL13g_sensor_data+0xe>
     e06:	83 e0       	ldi	r24, 0x03	; 3
     e08:	0e 94 6f 0d 	call	0x1ade	; 0x1ade <ReleaseResource>
     e0c:	81 e0       	ldi	r24, 0x01	; 1
     e0e:	0e 94 32 0d 	call	0x1a64	; 0x1a64 <GetResource>
     e12:	0f 93       	push	r16
     e14:	1f 93       	push	r17
     e16:	df 92       	push	r13
     e18:	cf 92       	push	r12
     e1a:	ff 92       	push	r15
     e1c:	ef 92       	push	r14
     e1e:	87 e4       	ldi	r24, 0x47	; 71
     e20:	93 e0       	ldi	r25, 0x03	; 3
     e22:	9f 93       	push	r25
     e24:	8f 93       	push	r24
     e26:	8e 01       	movw	r16, r28
     e28:	0f 5f       	subi	r16, 0xFF	; 255
     e2a:	1f 4f       	sbci	r17, 0xFF	; 255
     e2c:	1f 93       	push	r17
     e2e:	0f 93       	push	r16
     e30:	0e 94 75 17 	call	0x2eea	; 0x2eea <sprintf>
     e34:	40 e0       	ldi	r20, 0x00	; 0
     e36:	60 e0       	ldi	r22, 0x00	; 0
     e38:	81 e1       	ldi	r24, 0x11	; 17
     e3a:	94 e0       	ldi	r25, 0x04	; 4
     e3c:	0e 94 ea 01 	call	0x3d4	; 0x3d4 <_ZN13LiquidCrystal9setCursorEhh>
     e40:	b8 01       	movw	r22, r16
     e42:	81 e1       	ldi	r24, 0x11	; 17
     e44:	94 e0       	ldi	r25, 0x04	; 4
     e46:	0e 94 35 0c 	call	0x186a	; 0x186a <_ZN5Print5printEPKc>
     e4a:	6c ea       	ldi	r22, 0xAC	; 172
     e4c:	73 e0       	ldi	r23, 0x03	; 3
     e4e:	81 e1       	ldi	r24, 0x11	; 17
     e50:	94 e0       	ldi	r25, 0x04	; 4
     e52:	0e 94 35 0c 	call	0x186a	; 0x186a <_ZN5Print5printEPKc>
     e56:	0f b6       	in	r0, 0x3f	; 63
     e58:	f8 94       	cli
     e5a:	de bf       	out	0x3e, r29	; 62
     e5c:	0f be       	out	0x3f, r0	; 63
     e5e:	cd bf       	out	0x3d, r28	; 61
     e60:	23 e1       	ldi	r18, 0x13	; 19
     e62:	33 e0       	ldi	r19, 0x03	; 3
     e64:	88 20       	and	r8, r8
     e66:	11 f0       	breq	.+4      	; 0xe6c <FuncDisplayTask+0xc6>
     e68:	2f e0       	ldi	r18, 0x0F	; 15
     e6a:	33 e0       	ldi	r19, 0x03	; 3
     e6c:	83 e1       	ldi	r24, 0x13	; 19
     e6e:	93 e0       	ldi	r25, 0x03	; 3
     e70:	99 20       	and	r9, r9
     e72:	11 f0       	breq	.+4      	; 0xe78 <FuncDisplayTask+0xd2>
     e74:	8f e0       	ldi	r24, 0x0F	; 15
     e76:	93 e0       	ldi	r25, 0x03	; 3
     e78:	3f 93       	push	r19
     e7a:	2f 93       	push	r18
     e7c:	9f 93       	push	r25
     e7e:	8f 93       	push	r24
     e80:	8b e5       	ldi	r24, 0x5B	; 91
     e82:	93 e0       	ldi	r25, 0x03	; 3
     e84:	9f 93       	push	r25
     e86:	8f 93       	push	r24
     e88:	1f 93       	push	r17
     e8a:	0f 93       	push	r16
     e8c:	0e 94 75 17 	call	0x2eea	; 0x2eea <sprintf>
     e90:	41 e0       	ldi	r20, 0x01	; 1
     e92:	60 e0       	ldi	r22, 0x00	; 0
     e94:	81 e1       	ldi	r24, 0x11	; 17
     e96:	94 e0       	ldi	r25, 0x04	; 4
     e98:	0e 94 ea 01 	call	0x3d4	; 0x3d4 <_ZN13LiquidCrystal9setCursorEhh>
     e9c:	b8 01       	movw	r22, r16
     e9e:	81 e1       	ldi	r24, 0x11	; 17
     ea0:	94 e0       	ldi	r25, 0x04	; 4
     ea2:	0e 94 35 0c 	call	0x186a	; 0x186a <_ZN5Print5printEPKc>
     ea6:	69 ea       	ldi	r22, 0xA9	; 169
     ea8:	73 e0       	ldi	r23, 0x03	; 3
     eaa:	81 e1       	ldi	r24, 0x11	; 17
     eac:	94 e0       	ldi	r25, 0x04	; 4
     eae:	0e 94 35 0c 	call	0x186a	; 0x186a <_ZN5Print5printEPKc>
     eb2:	0f b6       	in	r0, 0x3f	; 63
     eb4:	f8 94       	cli
     eb6:	de bf       	out	0x3e, r29	; 62
     eb8:	0f be       	out	0x3f, r0	; 63
     eba:	cd bf       	out	0x3d, r28	; 61
     ebc:	2a e1       	ldi	r18, 0x1A	; 26
     ebe:	33 e0       	ldi	r19, 0x03	; 3
     ec0:	aa 20       	and	r10, r10
     ec2:	11 f0       	breq	.+4      	; 0xec8 <FuncDisplayTask+0x122>
     ec4:	27 e1       	ldi	r18, 0x17	; 23
     ec6:	33 e0       	ldi	r19, 0x03	; 3
     ec8:	8a e1       	ldi	r24, 0x1A	; 26
     eca:	93 e0       	ldi	r25, 0x03	; 3
     ecc:	bb 20       	and	r11, r11
     ece:	11 f0       	breq	.+4      	; 0xed4 <FuncDisplayTask+0x12e>
     ed0:	87 e1       	ldi	r24, 0x17	; 23
     ed2:	93 e0       	ldi	r25, 0x03	; 3
     ed4:	3f 93       	push	r19
     ed6:	2f 93       	push	r18
     ed8:	9f 93       	push	r25
     eda:	8f 93       	push	r24
     edc:	8b e6       	ldi	r24, 0x6B	; 107
     ede:	93 e0       	ldi	r25, 0x03	; 3
     ee0:	9f 93       	push	r25
     ee2:	8f 93       	push	r24
     ee4:	1f 93       	push	r17
     ee6:	0f 93       	push	r16
     ee8:	0e 94 75 17 	call	0x2eea	; 0x2eea <sprintf>
     eec:	42 e0       	ldi	r20, 0x02	; 2
     eee:	60 e0       	ldi	r22, 0x00	; 0
     ef0:	81 e1       	ldi	r24, 0x11	; 17
     ef2:	94 e0       	ldi	r25, 0x04	; 4
     ef4:	0e 94 ea 01 	call	0x3d4	; 0x3d4 <_ZN13LiquidCrystal9setCursorEhh>
     ef8:	b8 01       	movw	r22, r16
     efa:	81 e1       	ldi	r24, 0x11	; 17
     efc:	94 e0       	ldi	r25, 0x04	; 4
     efe:	0e 94 35 0c 	call	0x186a	; 0x186a <_ZN5Print5printEPKc>
     f02:	6c ea       	ldi	r22, 0xAC	; 172
     f04:	73 e0       	ldi	r23, 0x03	; 3
     f06:	81 e1       	ldi	r24, 0x11	; 17
     f08:	94 e0       	ldi	r25, 0x04	; 4
     f0a:	0e 94 35 0c 	call	0x186a	; 0x186a <_ZN5Print5printEPKc>
     f0e:	80 91 85 01 	lds	r24, 0x0185	; 0x800185 <_ZL7seconds+0x1>
     f12:	8f 93       	push	r24
     f14:	80 91 84 01 	lds	r24, 0x0184	; 0x800184 <_ZL7seconds>
     f18:	8f 93       	push	r24
     f1a:	80 91 87 01 	lds	r24, 0x0187	; 0x800187 <_ZL7minutes+0x1>
     f1e:	8f 93       	push	r24
     f20:	80 91 86 01 	lds	r24, 0x0186	; 0x800186 <_ZL7minutes>
     f24:	8f 93       	push	r24
     f26:	80 91 89 01 	lds	r24, 0x0189	; 0x800189 <_ZL5hours+0x1>
     f2a:	8f 93       	push	r24
     f2c:	80 91 88 01 	lds	r24, 0x0188	; 0x800188 <_ZL5hours>
     f30:	8f 93       	push	r24
     f32:	8b e7       	ldi	r24, 0x7B	; 123
     f34:	93 e0       	ldi	r25, 0x03	; 3
     f36:	9f 93       	push	r25
     f38:	8f 93       	push	r24
     f3a:	1f 93       	push	r17
     f3c:	0f 93       	push	r16
     f3e:	0e 94 75 17 	call	0x2eea	; 0x2eea <sprintf>
     f42:	43 e0       	ldi	r20, 0x03	; 3
     f44:	60 e0       	ldi	r22, 0x00	; 0
     f46:	81 e1       	ldi	r24, 0x11	; 17
     f48:	94 e0       	ldi	r25, 0x04	; 4
     f4a:	0e 94 ea 01 	call	0x3d4	; 0x3d4 <_ZN13LiquidCrystal9setCursorEhh>
     f4e:	b8 01       	movw	r22, r16
     f50:	81 e1       	ldi	r24, 0x11	; 17
     f52:	94 e0       	ldi	r25, 0x04	; 4
     f54:	0e 94 35 0c 	call	0x186a	; 0x186a <_ZN5Print5printEPKc>
     f58:	6a ea       	ldi	r22, 0xAA	; 170
     f5a:	73 e0       	ldi	r23, 0x03	; 3
     f5c:	81 e1       	ldi	r24, 0x11	; 17
     f5e:	94 e0       	ldi	r25, 0x04	; 4
     f60:	0e 94 35 0c 	call	0x186a	; 0x186a <_ZN5Print5printEPKc>
     f64:	ec 18       	sub	r14, r12
     f66:	fd 08       	sbc	r15, r13
     f68:	0f b6       	in	r0, 0x3f	; 63
     f6a:	f8 94       	cli
     f6c:	de bf       	out	0x3e, r29	; 62
     f6e:	0f be       	out	0x3f, r0	; 63
     f70:	cd bf       	out	0x3d, r28	; 61
     f72:	2e e1       	ldi	r18, 0x1E	; 30
     f74:	c2 2e       	mov	r12, r18
     f76:	23 e0       	ldi	r18, 0x03	; 3
     f78:	d2 2e       	mov	r13, r18
     f7a:	33 e2       	ldi	r19, 0x23	; 35
     f7c:	a3 2e       	mov	r10, r19
     f7e:	33 e0       	ldi	r19, 0x03	; 3
     f80:	b3 2e       	mov	r11, r19
     f82:	33 e3       	ldi	r19, 0x33	; 51
     f84:	e3 16       	cp	r14, r19
     f86:	f1 04       	cpc	r15, r1
     f88:	ac f4       	brge	.+42     	; 0xfb4 <FuncDisplayTask+0x20e>
     f8a:	4c e3       	ldi	r20, 0x3C	; 60
     f8c:	c4 2e       	mov	r12, r20
     f8e:	43 e0       	ldi	r20, 0x03	; 3
     f90:	d4 2e       	mov	r13, r20
     f92:	58 e3       	ldi	r21, 0x38	; 56
     f94:	a5 2e       	mov	r10, r21
     f96:	53 e0       	ldi	r21, 0x03	; 3
     f98:	b5 2e       	mov	r11, r21
     f9a:	8e ec       	ldi	r24, 0xCE	; 206
     f9c:	e8 16       	cp	r14, r24
     f9e:	8f ef       	ldi	r24, 0xFF	; 255
     fa0:	f8 06       	cpc	r15, r24
     fa2:	44 f4       	brge	.+16     	; 0xfb4 <FuncDisplayTask+0x20e>
     fa4:	8b e2       	ldi	r24, 0x2B	; 43
     fa6:	c8 2e       	mov	r12, r24
     fa8:	83 e0       	ldi	r24, 0x03	; 3
     faa:	d8 2e       	mov	r13, r24
     fac:	90 e3       	ldi	r25, 0x30	; 48
     fae:	a9 2e       	mov	r10, r25
     fb0:	93 e0       	ldi	r25, 0x03	; 3
     fb2:	b9 2e       	mov	r11, r25
     fb4:	40 e0       	ldi	r20, 0x00	; 0
     fb6:	60 e0       	ldi	r22, 0x00	; 0
     fb8:	89 ef       	ldi	r24, 0xF9	; 249
     fba:	93 e0       	ldi	r25, 0x03	; 3
     fbc:	0e 94 ea 01 	call	0x3d4	; 0x3d4 <_ZN13LiquidCrystal9setCursorEhh>
     fc0:	6f e8       	ldi	r22, 0x8F	; 143
     fc2:	73 e0       	ldi	r23, 0x03	; 3
     fc4:	89 ef       	ldi	r24, 0xF9	; 249
     fc6:	93 e0       	ldi	r25, 0x03	; 3
     fc8:	0e 94 35 0c 	call	0x186a	; 0x186a <_ZN5Print5printEPKc>
     fcc:	41 e0       	ldi	r20, 0x01	; 1
     fce:	60 e0       	ldi	r22, 0x00	; 0
     fd0:	89 ef       	ldi	r24, 0xF9	; 249
     fd2:	93 e0       	ldi	r25, 0x03	; 3
     fd4:	0e 94 ea 01 	call	0x3d4	; 0x3d4 <_ZN13LiquidCrystal9setCursorEhh>
     fd8:	b5 01       	movw	r22, r10
     fda:	89 ef       	ldi	r24, 0xF9	; 249
     fdc:	93 e0       	ldi	r25, 0x03	; 3
     fde:	0e 94 35 0c 	call	0x186a	; 0x186a <_ZN5Print5printEPKc>
     fe2:	62 ea       	ldi	r22, 0xA2	; 162
     fe4:	73 e0       	ldi	r23, 0x03	; 3
     fe6:	89 ef       	ldi	r24, 0xF9	; 249
     fe8:	93 e0       	ldi	r25, 0x03	; 3
     fea:	0e 94 35 0c 	call	0x186a	; 0x186a <_ZN5Print5printEPKc>
     fee:	ff 92       	push	r15
     ff0:	ef 92       	push	r14
     ff2:	df 92       	push	r13
     ff4:	cf 92       	push	r12
     ff6:	80 eb       	ldi	r24, 0xB0	; 176
     ff8:	93 e0       	ldi	r25, 0x03	; 3
     ffa:	9f 93       	push	r25
     ffc:	8f 93       	push	r24
     ffe:	1f 93       	push	r17
    1000:	0f 93       	push	r16
    1002:	0e 94 75 17 	call	0x2eea	; 0x2eea <sprintf>
    1006:	42 e0       	ldi	r20, 0x02	; 2
    1008:	60 e0       	ldi	r22, 0x00	; 0
    100a:	89 ef       	ldi	r24, 0xF9	; 249
    100c:	93 e0       	ldi	r25, 0x03	; 3
    100e:	0e 94 ea 01 	call	0x3d4	; 0x3d4 <_ZN13LiquidCrystal9setCursorEhh>
    1012:	b8 01       	movw	r22, r16
    1014:	89 ef       	ldi	r24, 0xF9	; 249
    1016:	93 e0       	ldi	r25, 0x03	; 3
    1018:	0e 94 35 0c 	call	0x186a	; 0x186a <_ZN5Print5printEPKc>
    101c:	67 ea       	ldi	r22, 0xA7	; 167
    101e:	73 e0       	ldi	r23, 0x03	; 3
    1020:	89 ef       	ldi	r24, 0xF9	; 249
    1022:	93 e0       	ldi	r25, 0x03	; 3
    1024:	0e 94 35 0c 	call	0x186a	; 0x186a <_ZN5Print5printEPKc>
    1028:	0e 94 c9 04 	call	0x992	; 0x992 <is_night_time>
    102c:	0f b6       	in	r0, 0x3f	; 63
    102e:	f8 94       	cli
    1030:	de bf       	out	0x3e, r29	; 62
    1032:	0f be       	out	0x3f, r0	; 63
    1034:	cd bf       	out	0x3d, r28	; 61
    1036:	81 11       	cpse	r24, r1
    1038:	46 c0       	rjmp	.+140    	; 0x10c6 <FuncDisplayTask+0x320>
    103a:	8a e1       	ldi	r24, 0x1A	; 26
    103c:	93 e0       	ldi	r25, 0x03	; 3
    103e:	9f 93       	push	r25
    1040:	8f 93       	push	r24
    1042:	8c eb       	ldi	r24, 0xBC	; 188
    1044:	93 e0       	ldi	r25, 0x03	; 3
    1046:	9f 93       	push	r25
    1048:	8f 93       	push	r24
    104a:	1f 93       	push	r17
    104c:	0f 93       	push	r16
    104e:	0e 94 75 17 	call	0x2eea	; 0x2eea <sprintf>
    1052:	43 e0       	ldi	r20, 0x03	; 3
    1054:	60 e0       	ldi	r22, 0x00	; 0
    1056:	89 ef       	ldi	r24, 0xF9	; 249
    1058:	93 e0       	ldi	r25, 0x03	; 3
    105a:	0e 94 ea 01 	call	0x3d4	; 0x3d4 <_ZN13LiquidCrystal9setCursorEhh>
    105e:	b8 01       	movw	r22, r16
    1060:	89 ef       	ldi	r24, 0xF9	; 249
    1062:	93 e0       	ldi	r25, 0x03	; 3
    1064:	0e 94 35 0c 	call	0x186a	; 0x186a <_ZN5Print5printEPKc>
    1068:	63 ea       	ldi	r22, 0xA3	; 163
    106a:	73 e0       	ldi	r23, 0x03	; 3
    106c:	89 ef       	ldi	r24, 0xF9	; 249
    106e:	93 e0       	ldi	r25, 0x03	; 3
    1070:	0e 94 35 0c 	call	0x186a	; 0x186a <_ZN5Print5printEPKc>
    1074:	81 e0       	ldi	r24, 0x01	; 1
    1076:	0e 94 6f 0d 	call	0x1ade	; 0x1ade <ReleaseResource>
    107a:	0e 94 18 0d 	call	0x1a30	; 0x1a30 <TerminateTask>
    107e:	0f 90       	pop	r0
    1080:	0f 90       	pop	r0
    1082:	0f 90       	pop	r0
    1084:	0f 90       	pop	r0
    1086:	0f 90       	pop	r0
    1088:	0f 90       	pop	r0
    108a:	65 96       	adiw	r28, 0x15	; 21
    108c:	0f b6       	in	r0, 0x3f	; 63
    108e:	f8 94       	cli
    1090:	de bf       	out	0x3e, r29	; 62
    1092:	0f be       	out	0x3f, r0	; 63
    1094:	cd bf       	out	0x3d, r28	; 61
    1096:	df 91       	pop	r29
    1098:	cf 91       	pop	r28
    109a:	1f 91       	pop	r17
    109c:	0f 91       	pop	r16
    109e:	ff 90       	pop	r15
    10a0:	ef 90       	pop	r14
    10a2:	df 90       	pop	r13
    10a4:	cf 90       	pop	r12
    10a6:	bf 90       	pop	r11
    10a8:	af 90       	pop	r10
    10aa:	9f 90       	pop	r9
    10ac:	8f 90       	pop	r8
    10ae:	08 95       	ret
    10b0:	81 2c       	mov	r8, r1
    10b2:	91 2c       	mov	r9, r1
    10b4:	a1 2c       	mov	r10, r1
    10b6:	b1 2c       	mov	r11, r1
    10b8:	10 e0       	ldi	r17, 0x00	; 0
    10ba:	00 e0       	ldi	r16, 0x00	; 0
    10bc:	d1 2c       	mov	r13, r1
    10be:	c1 2c       	mov	r12, r1
    10c0:	f1 2c       	mov	r15, r1
    10c2:	e1 2c       	mov	r14, r1
    10c4:	a0 ce       	rjmp	.-704    	; 0xe06 <FuncDisplayTask+0x60>
    10c6:	83 e4       	ldi	r24, 0x43	; 67
    10c8:	93 e0       	ldi	r25, 0x03	; 3
    10ca:	b9 cf       	rjmp	.-142    	; 0x103e <FuncDisplayTask+0x298>

000010cc <FuncClockTask>:
    10cc:	80 91 84 01 	lds	r24, 0x0184	; 0x800184 <_ZL7seconds>
    10d0:	90 91 85 01 	lds	r25, 0x0185	; 0x800185 <_ZL7seconds+0x1>
    10d4:	01 96       	adiw	r24, 0x01	; 1
    10d6:	90 93 85 01 	sts	0x0185, r25	; 0x800185 <_ZL7seconds+0x1>
    10da:	80 93 84 01 	sts	0x0184, r24	; 0x800184 <_ZL7seconds>
    10de:	cc 97       	sbiw	r24, 0x3c	; 60
    10e0:	6c f0       	brlt	.+26     	; 0x10fc <FuncClockTask+0x30>
    10e2:	80 91 86 01 	lds	r24, 0x0186	; 0x800186 <_ZL7minutes>
    10e6:	90 91 87 01 	lds	r25, 0x0187	; 0x800187 <_ZL7minutes+0x1>
    10ea:	10 92 85 01 	sts	0x0185, r1	; 0x800185 <_ZL7seconds+0x1>
    10ee:	10 92 84 01 	sts	0x0184, r1	; 0x800184 <_ZL7seconds>
    10f2:	01 96       	adiw	r24, 0x01	; 1
    10f4:	90 93 87 01 	sts	0x0187, r25	; 0x800187 <_ZL7minutes+0x1>
    10f8:	80 93 86 01 	sts	0x0186, r24	; 0x800186 <_ZL7minutes>
    10fc:	80 91 86 01 	lds	r24, 0x0186	; 0x800186 <_ZL7minutes>
    1100:	90 91 87 01 	lds	r25, 0x0187	; 0x800187 <_ZL7minutes+0x1>
    1104:	cc 97       	sbiw	r24, 0x3c	; 60
    1106:	6c f0       	brlt	.+26     	; 0x1122 <FuncClockTask+0x56>
    1108:	80 91 88 01 	lds	r24, 0x0188	; 0x800188 <_ZL5hours>
    110c:	90 91 89 01 	lds	r25, 0x0189	; 0x800189 <_ZL5hours+0x1>
    1110:	10 92 87 01 	sts	0x0187, r1	; 0x800187 <_ZL7minutes+0x1>
    1114:	10 92 86 01 	sts	0x0186, r1	; 0x800186 <_ZL7minutes>
    1118:	01 96       	adiw	r24, 0x01	; 1
    111a:	90 93 89 01 	sts	0x0189, r25	; 0x800189 <_ZL5hours+0x1>
    111e:	80 93 88 01 	sts	0x0188, r24	; 0x800188 <_ZL5hours>
    1122:	80 91 88 01 	lds	r24, 0x0188	; 0x800188 <_ZL5hours>
    1126:	90 91 89 01 	lds	r25, 0x0189	; 0x800189 <_ZL5hours+0x1>
    112a:	48 97       	sbiw	r24, 0x18	; 24
    112c:	24 f0       	brlt	.+8      	; 0x1136 <FuncClockTask+0x6a>
    112e:	10 92 89 01 	sts	0x0189, r1	; 0x800189 <_ZL5hours+0x1>
    1132:	10 92 88 01 	sts	0x0188, r1	; 0x800188 <_ZL5hours>
    1136:	61 e0       	ldi	r22, 0x01	; 1
    1138:	70 e0       	ldi	r23, 0x00	; 0
    113a:	83 e0       	ldi	r24, 0x03	; 3
    113c:	0e 94 12 0e 	call	0x1c24	; 0x1c24 <SetEvent>
    1140:	0c 94 18 0d 	jmp	0x1a30	; 0x1a30 <TerminateTask>

00001144 <_GLOBAL__sub_I_FuncSensorTask>:
    1144:	8f e6       	ldi	r24, 0x6F	; 111
    1146:	95 e0       	ldi	r25, 0x05	; 5
    1148:	0e 94 6e 03 	call	0x6dc	; 0x6dc <_ZN11ServoTimer2C1Ev>
    114c:	8e e6       	ldi	r24, 0x6E	; 110
    114e:	95 e0       	ldi	r25, 0x05	; 5
    1150:	0c 94 6e 03 	jmp	0x6dc	; 0x6dc <_ZN11ServoTimer2C1Ev>

00001154 <__vector_16>:
	cli();
	m = timer0_millis;
	SREG = oldSREG;

	return m;
}
    1154:	1f 92       	push	r1
    1156:	0f 92       	push	r0
    1158:	0f b6       	in	r0, 0x3f	; 63
    115a:	0f 92       	push	r0
    115c:	11 24       	eor	r1, r1
    115e:	2f 93       	push	r18
    1160:	3f 93       	push	r19
    1162:	8f 93       	push	r24
    1164:	9f 93       	push	r25
    1166:	af 93       	push	r26
    1168:	bf 93       	push	r27
    116a:	80 91 71 05 	lds	r24, 0x0571	; 0x800571 <timer0_millis>
    116e:	90 91 72 05 	lds	r25, 0x0572	; 0x800572 <timer0_millis+0x1>
    1172:	a0 91 73 05 	lds	r26, 0x0573	; 0x800573 <timer0_millis+0x2>
    1176:	b0 91 74 05 	lds	r27, 0x0574	; 0x800574 <timer0_millis+0x3>
    117a:	30 91 70 05 	lds	r19, 0x0570	; 0x800570 <timer0_fract>
    117e:	23 e0       	ldi	r18, 0x03	; 3
    1180:	23 0f       	add	r18, r19
    1182:	2d 37       	cpi	r18, 0x7D	; 125
    1184:	58 f5       	brcc	.+86     	; 0x11dc <__vector_16+0x88>
    1186:	01 96       	adiw	r24, 0x01	; 1
    1188:	a1 1d       	adc	r26, r1
    118a:	b1 1d       	adc	r27, r1
    118c:	20 93 70 05 	sts	0x0570, r18	; 0x800570 <timer0_fract>
    1190:	80 93 71 05 	sts	0x0571, r24	; 0x800571 <timer0_millis>
    1194:	90 93 72 05 	sts	0x0572, r25	; 0x800572 <timer0_millis+0x1>
    1198:	a0 93 73 05 	sts	0x0573, r26	; 0x800573 <timer0_millis+0x2>
    119c:	b0 93 74 05 	sts	0x0574, r27	; 0x800574 <timer0_millis+0x3>
    11a0:	80 91 75 05 	lds	r24, 0x0575	; 0x800575 <timer0_overflow_count>
    11a4:	90 91 76 05 	lds	r25, 0x0576	; 0x800576 <timer0_overflow_count+0x1>
    11a8:	a0 91 77 05 	lds	r26, 0x0577	; 0x800577 <timer0_overflow_count+0x2>
    11ac:	b0 91 78 05 	lds	r27, 0x0578	; 0x800578 <timer0_overflow_count+0x3>
    11b0:	01 96       	adiw	r24, 0x01	; 1
    11b2:	a1 1d       	adc	r26, r1
    11b4:	b1 1d       	adc	r27, r1
    11b6:	80 93 75 05 	sts	0x0575, r24	; 0x800575 <timer0_overflow_count>
    11ba:	90 93 76 05 	sts	0x0576, r25	; 0x800576 <timer0_overflow_count+0x1>
    11be:	a0 93 77 05 	sts	0x0577, r26	; 0x800577 <timer0_overflow_count+0x2>
    11c2:	b0 93 78 05 	sts	0x0578, r27	; 0x800578 <timer0_overflow_count+0x3>
    11c6:	bf 91       	pop	r27
    11c8:	af 91       	pop	r26
    11ca:	9f 91       	pop	r25
    11cc:	8f 91       	pop	r24
    11ce:	3f 91       	pop	r19
    11d0:	2f 91       	pop	r18
    11d2:	0f 90       	pop	r0
    11d4:	0f be       	out	0x3f, r0	; 63
    11d6:	0f 90       	pop	r0
    11d8:	1f 90       	pop	r1
    11da:	18 95       	reti
    11dc:	26 e8       	ldi	r18, 0x86	; 134
    11de:	23 0f       	add	r18, r19
    11e0:	02 96       	adiw	r24, 0x02	; 2
    11e2:	a1 1d       	adc	r26, r1
    11e4:	b1 1d       	adc	r27, r1
    11e6:	d2 cf       	rjmp	.-92     	; 0x118c <__vector_16+0x38>

000011e8 <micros>:

unsigned long micros() {
	unsigned long m;
	uint8_t oldSREG = SREG, t;
    11e8:	3f b7       	in	r19, 0x3f	; 63
	
	cli();
    11ea:	f8 94       	cli
	m = timer0_overflow_count;
    11ec:	80 91 75 05 	lds	r24, 0x0575	; 0x800575 <timer0_overflow_count>
    11f0:	90 91 76 05 	lds	r25, 0x0576	; 0x800576 <timer0_overflow_count+0x1>
    11f4:	a0 91 77 05 	lds	r26, 0x0577	; 0x800577 <timer0_overflow_count+0x2>
    11f8:	b0 91 78 05 	lds	r27, 0x0578	; 0x800578 <timer0_overflow_count+0x3>
#if defined(TCNT0)
	t = TCNT0;
    11fc:	26 b5       	in	r18, 0x26	; 38
#else
	#error TIMER 0 not defined
#endif

#ifdef TIFR0
	if ((TIFR0 & _BV(TOV0)) && (t < 255))
    11fe:	a8 9b       	sbis	0x15, 0	; 21
    1200:	05 c0       	rjmp	.+10     	; 0x120c <micros+0x24>
    1202:	2f 3f       	cpi	r18, 0xFF	; 255
    1204:	19 f0       	breq	.+6      	; 0x120c <micros+0x24>
		m++;
    1206:	01 96       	adiw	r24, 0x01	; 1
    1208:	a1 1d       	adc	r26, r1
    120a:	b1 1d       	adc	r27, r1
#else
	if ((TIFR & _BV(TOV0)) && (t < 255))
		m++;
#endif

	SREG = oldSREG;
    120c:	3f bf       	out	0x3f, r19	; 63
	
	return ((m << 8) + t) * (64 / clockCyclesPerMicrosecond());
    120e:	ba 2f       	mov	r27, r26
    1210:	a9 2f       	mov	r26, r25
    1212:	98 2f       	mov	r25, r24
    1214:	88 27       	eor	r24, r24
    1216:	bc 01       	movw	r22, r24
    1218:	cd 01       	movw	r24, r26
    121a:	62 0f       	add	r22, r18
    121c:	71 1d       	adc	r23, r1
    121e:	81 1d       	adc	r24, r1
    1220:	91 1d       	adc	r25, r1
    1222:	42 e0       	ldi	r20, 0x02	; 2
    1224:	66 0f       	add	r22, r22
    1226:	77 1f       	adc	r23, r23
    1228:	88 1f       	adc	r24, r24
    122a:	99 1f       	adc	r25, r25
    122c:	4a 95       	dec	r20
    122e:	d1 f7       	brne	.-12     	; 0x1224 <micros+0x3c>
}
    1230:	08 95       	ret

00001232 <delay>:

void delay(unsigned long ms)
{
    1232:	8f 92       	push	r8
    1234:	9f 92       	push	r9
    1236:	af 92       	push	r10
    1238:	bf 92       	push	r11
    123a:	cf 92       	push	r12
    123c:	df 92       	push	r13
    123e:	ef 92       	push	r14
    1240:	ff 92       	push	r15
    1242:	6b 01       	movw	r12, r22
    1244:	7c 01       	movw	r14, r24
	uint32_t start = micros();
    1246:	0e 94 f4 08 	call	0x11e8	; 0x11e8 <micros>
    124a:	4b 01       	movw	r8, r22
    124c:	5c 01       	movw	r10, r24

	while (ms > 0) {
    124e:	c1 14       	cp	r12, r1
    1250:	d1 04       	cpc	r13, r1
    1252:	e1 04       	cpc	r14, r1
    1254:	f1 04       	cpc	r15, r1
    1256:	e9 f0       	breq	.+58     	; 0x1292 <delay+0x60>
		yield();
    1258:	0e 94 3d 0c 	call	0x187a	; 0x187a <yield>
		while ( ms > 0 && (micros() - start) >= 1000) {
    125c:	0e 94 f4 08 	call	0x11e8	; 0x11e8 <micros>
    1260:	68 19       	sub	r22, r8
    1262:	79 09       	sbc	r23, r9
    1264:	8a 09       	sbc	r24, r10
    1266:	9b 09       	sbc	r25, r11
    1268:	68 3e       	cpi	r22, 0xE8	; 232
    126a:	73 40       	sbci	r23, 0x03	; 3
    126c:	81 05       	cpc	r24, r1
    126e:	91 05       	cpc	r25, r1
    1270:	70 f3       	brcs	.-36     	; 0x124e <delay+0x1c>
			ms--;
    1272:	21 e0       	ldi	r18, 0x01	; 1
    1274:	c2 1a       	sub	r12, r18
    1276:	d1 08       	sbc	r13, r1
    1278:	e1 08       	sbc	r14, r1
    127a:	f1 08       	sbc	r15, r1
			start += 1000;
    127c:	88 ee       	ldi	r24, 0xE8	; 232
    127e:	88 0e       	add	r8, r24
    1280:	83 e0       	ldi	r24, 0x03	; 3
    1282:	98 1e       	adc	r9, r24
    1284:	a1 1c       	adc	r10, r1
    1286:	b1 1c       	adc	r11, r1
{
	uint32_t start = micros();

	while (ms > 0) {
		yield();
		while ( ms > 0 && (micros() - start) >= 1000) {
    1288:	c1 14       	cp	r12, r1
    128a:	d1 04       	cpc	r13, r1
    128c:	e1 04       	cpc	r14, r1
    128e:	f1 04       	cpc	r15, r1
    1290:	29 f7       	brne	.-54     	; 0x125c <delay+0x2a>
			ms--;
			start += 1000;
		}
	}
}
    1292:	ff 90       	pop	r15
    1294:	ef 90       	pop	r14
    1296:	df 90       	pop	r13
    1298:	cf 90       	pop	r12
    129a:	bf 90       	pop	r11
    129c:	af 90       	pop	r10
    129e:	9f 90       	pop	r9
    12a0:	8f 90       	pop	r8
    12a2:	08 95       	ret

000012a4 <delayMicroseconds>:
#elif F_CPU >= 16000000L
	// for the 16 MHz clock on most Arduino boards

	// for a one-microsecond delay, simply return.  the overhead
	// of the function call takes 14 (16) cycles, which is 1us
	if (us <= 1) return; //  = 3 cycles, (4 when true)
    12a4:	82 30       	cpi	r24, 0x02	; 2
    12a6:	91 05       	cpc	r25, r1
    12a8:	38 f0       	brcs	.+14     	; 0x12b8 <delayMicroseconds+0x14>

	// the following loop takes 1/4 of a microsecond (4 cycles)
	// per iteration, so execute it four times for each microsecond of
	// delay requested.
	us <<= 2; // x4 us, = 4 cycles
    12aa:	88 0f       	add	r24, r24
    12ac:	99 1f       	adc	r25, r25
    12ae:	88 0f       	add	r24, r24
    12b0:	99 1f       	adc	r25, r25

	// account for the time taken in the preceeding commands.
	// we just burned 19 (21) cycles above, remove 5, (5*4=20)
	// us is at least 8 so we can substract 5
	us -= 5; // = 2 cycles,
    12b2:	05 97       	sbiw	r24, 0x05	; 5
	

#endif

	// busy wait
	__asm__ __volatile__ (
    12b4:	01 97       	sbiw	r24, 0x01	; 1
    12b6:	f1 f7       	brne	.-4      	; 0x12b4 <delayMicroseconds+0x10>
		"1: sbiw %0,1" "\n\t" // 2 cycles
		"brne 1b" : "=w" (us) : "0" (us) // 2 cycles
	);
	// return = 4 cycles
}
    12b8:	08 95       	ret

000012ba <init>:

void init()
{
	// this needs to be called before setup() or some functions won't
	// work there
	sei();
    12ba:	78 94       	sei
	
	// on the ATmega168, timer 0 is also used for fast hardware pwm
	// (using phase-correct PWM would mean that timer 0 overflowed half as often
	// resulting in different millis() behavior on the ATmega8 and ATmega168)
#if defined(TCCR0A) && defined(WGM01)
	sbi(TCCR0A, WGM01);
    12bc:	84 b5       	in	r24, 0x24	; 36
    12be:	82 60       	ori	r24, 0x02	; 2
    12c0:	84 bd       	out	0x24, r24	; 36
	sbi(TCCR0A, WGM00);
    12c2:	84 b5       	in	r24, 0x24	; 36
    12c4:	81 60       	ori	r24, 0x01	; 1
    12c6:	84 bd       	out	0x24, r24	; 36
	// this combination is for the standard atmega8
	sbi(TCCR0, CS01);
	sbi(TCCR0, CS00);
#elif defined(TCCR0B) && defined(CS01) && defined(CS00)
	// this combination is for the standard 168/328/1280/2560
	sbi(TCCR0B, CS01);
    12c8:	85 b5       	in	r24, 0x25	; 37
    12ca:	82 60       	ori	r24, 0x02	; 2
    12cc:	85 bd       	out	0x25, r24	; 37
	sbi(TCCR0B, CS00);
    12ce:	85 b5       	in	r24, 0x25	; 37
    12d0:	81 60       	ori	r24, 0x01	; 1
    12d2:	85 bd       	out	0x25, r24	; 37

	// enable timer 0 overflow interrupt
#if defined(TIMSK) && defined(TOIE0)
	sbi(TIMSK, TOIE0);
#elif defined(TIMSK0) && defined(TOIE0)
	sbi(TIMSK0, TOIE0);
    12d4:	ee e6       	ldi	r30, 0x6E	; 110
    12d6:	f0 e0       	ldi	r31, 0x00	; 0
    12d8:	80 81       	ld	r24, Z
    12da:	81 60       	ori	r24, 0x01	; 1
    12dc:	80 83       	st	Z, r24
	// this is better for motors as it ensures an even waveform
	// note, however, that fast pwm mode can achieve a frequency of up
	// 8 MHz (with a 16 MHz clock) at 50% duty cycle

#if defined(TCCR1B) && defined(CS11) && defined(CS10)
	TCCR1B = 0;
    12de:	e1 e8       	ldi	r30, 0x81	; 129
    12e0:	f0 e0       	ldi	r31, 0x00	; 0
    12e2:	10 82       	st	Z, r1

	// set timer 1 prescale factor to 64
	sbi(TCCR1B, CS11);
    12e4:	80 81       	ld	r24, Z
    12e6:	82 60       	ori	r24, 0x02	; 2
    12e8:	80 83       	st	Z, r24
#if F_CPU >= 8000000L
	sbi(TCCR1B, CS10);
    12ea:	80 81       	ld	r24, Z
    12ec:	81 60       	ori	r24, 0x01	; 1
    12ee:	80 83       	st	Z, r24
	sbi(TCCR1, CS10);
#endif
#endif
	// put timer 1 in 8-bit phase correct pwm mode
#if defined(TCCR1A) && defined(WGM10)
	sbi(TCCR1A, WGM10);
    12f0:	e0 e8       	ldi	r30, 0x80	; 128
    12f2:	f0 e0       	ldi	r31, 0x00	; 0
    12f4:	80 81       	ld	r24, Z
    12f6:	81 60       	ori	r24, 0x01	; 1
    12f8:	80 83       	st	Z, r24

	// set timer 2 prescale factor to 64
#if defined(TCCR2) && defined(CS22)
	sbi(TCCR2, CS22);
#elif defined(TCCR2B) && defined(CS22)
	sbi(TCCR2B, CS22);
    12fa:	e1 eb       	ldi	r30, 0xB1	; 177
    12fc:	f0 e0       	ldi	r31, 0x00	; 0
    12fe:	80 81       	ld	r24, Z
    1300:	84 60       	ori	r24, 0x04	; 4
    1302:	80 83       	st	Z, r24

	// configure timer 2 for phase correct pwm (8-bit)
#if defined(TCCR2) && defined(WGM20)
	sbi(TCCR2, WGM20);
#elif defined(TCCR2A) && defined(WGM20)
	sbi(TCCR2A, WGM20);
    1304:	e0 eb       	ldi	r30, 0xB0	; 176
    1306:	f0 e0       	ldi	r31, 0x00	; 0
    1308:	80 81       	ld	r24, Z
    130a:	81 60       	ori	r24, 0x01	; 1
    130c:	80 83       	st	Z, r24
#endif

#if defined(ADCSRA)
	// set a2d prescaler so we are inside the desired 50-200 KHz range.
	#if F_CPU >= 16000000 // 16 MHz / 128 = 125 KHz
		sbi(ADCSRA, ADPS2);
    130e:	ea e7       	ldi	r30, 0x7A	; 122
    1310:	f0 e0       	ldi	r31, 0x00	; 0
    1312:	80 81       	ld	r24, Z
    1314:	84 60       	ori	r24, 0x04	; 4
    1316:	80 83       	st	Z, r24
		sbi(ADCSRA, ADPS1);
    1318:	80 81       	ld	r24, Z
    131a:	82 60       	ori	r24, 0x02	; 2
    131c:	80 83       	st	Z, r24
		sbi(ADCSRA, ADPS0);
    131e:	80 81       	ld	r24, Z
    1320:	81 60       	ori	r24, 0x01	; 1
    1322:	80 83       	st	Z, r24
		cbi(ADCSRA, ADPS2);
		cbi(ADCSRA, ADPS1);
		sbi(ADCSRA, ADPS0);
	#endif
	// enable a2d conversions
	sbi(ADCSRA, ADEN);
    1324:	80 81       	ld	r24, Z
    1326:	80 68       	ori	r24, 0x80	; 128
    1328:	80 83       	st	Z, r24
	// here so they can be used as normal digital i/o; they will be
	// reconnected in Serial.begin()
#if defined(UCSRB)
	UCSRB = 0;
#elif defined(UCSR0B)
	UCSR0B = 0;
    132a:	10 92 c1 00 	sts	0x00C1, r1	; 0x8000c1 <__DATA_REGION_ORIGIN__+0x61>
#endif
}
    132e:	08 95       	ret

00001330 <turnOffPWM>:
//
//static inline void turnOffPWM(uint8_t timer) __attribute__ ((always_inline));
//static inline void turnOffPWM(uint8_t timer)
static void turnOffPWM(uint8_t timer)
{
	switch (timer)
    1330:	83 30       	cpi	r24, 0x03	; 3
    1332:	81 f0       	breq	.+32     	; 0x1354 <turnOffPWM+0x24>
    1334:	28 f4       	brcc	.+10     	; 0x1340 <turnOffPWM+0x10>
    1336:	81 30       	cpi	r24, 0x01	; 1
    1338:	99 f0       	breq	.+38     	; 0x1360 <turnOffPWM+0x30>
    133a:	82 30       	cpi	r24, 0x02	; 2
    133c:	a9 f0       	breq	.+42     	; 0x1368 <turnOffPWM+0x38>
    133e:	08 95       	ret
    1340:	87 30       	cpi	r24, 0x07	; 7
    1342:	a9 f0       	breq	.+42     	; 0x136e <turnOffPWM+0x3e>
    1344:	88 30       	cpi	r24, 0x08	; 8
    1346:	c9 f0       	breq	.+50     	; 0x137a <turnOffPWM+0x4a>
    1348:	84 30       	cpi	r24, 0x04	; 4
    134a:	b1 f4       	brne	.+44     	; 0x1378 <turnOffPWM+0x48>
	{
		#if defined(TCCR1A) && defined(COM1A1)
		case TIMER1A:   cbi(TCCR1A, COM1A1);    break;
		#endif
		#if defined(TCCR1A) && defined(COM1B1)
		case TIMER1B:   cbi(TCCR1A, COM1B1);    break;
    134c:	80 91 80 00 	lds	r24, 0x0080	; 0x800080 <__DATA_REGION_ORIGIN__+0x20>
    1350:	8f 7d       	andi	r24, 0xDF	; 223
    1352:	03 c0       	rjmp	.+6      	; 0x135a <turnOffPWM+0x2a>
static void turnOffPWM(uint8_t timer)
{
	switch (timer)
	{
		#if defined(TCCR1A) && defined(COM1A1)
		case TIMER1A:   cbi(TCCR1A, COM1A1);    break;
    1354:	80 91 80 00 	lds	r24, 0x0080	; 0x800080 <__DATA_REGION_ORIGIN__+0x20>
    1358:	8f 77       	andi	r24, 0x7F	; 127
		#endif
		#if defined(TCCR1A) && defined(COM1B1)
		case TIMER1B:   cbi(TCCR1A, COM1B1);    break;
    135a:	80 93 80 00 	sts	0x0080, r24	; 0x800080 <__DATA_REGION_ORIGIN__+0x20>
    135e:	08 95       	ret
		#if defined(TCCR2) && defined(COM21)
		case  TIMER2:   cbi(TCCR2, COM21);      break;
		#endif
		
		#if defined(TCCR0A) && defined(COM0A1)
		case  TIMER0A:  cbi(TCCR0A, COM0A1);    break;
    1360:	84 b5       	in	r24, 0x24	; 36
    1362:	8f 77       	andi	r24, 0x7F	; 127
		#endif
		
		#if defined(TCCR0A) && defined(COM0B1)
		case  TIMER0B:  cbi(TCCR0A, COM0B1);    break;
    1364:	84 bd       	out	0x24, r24	; 36
    1366:	08 95       	ret
    1368:	84 b5       	in	r24, 0x24	; 36
    136a:	8f 7d       	andi	r24, 0xDF	; 223
    136c:	fb cf       	rjmp	.-10     	; 0x1364 <turnOffPWM+0x34>
		#endif
		#if defined(TCCR2A) && defined(COM2A1)
		case  TIMER2A:  cbi(TCCR2A, COM2A1);    break;
    136e:	80 91 b0 00 	lds	r24, 0x00B0	; 0x8000b0 <__DATA_REGION_ORIGIN__+0x50>
    1372:	8f 77       	andi	r24, 0x7F	; 127
		#endif
		#if defined(TCCR2A) && defined(COM2B1)
		case  TIMER2B:  cbi(TCCR2A, COM2B1);    break;
    1374:	80 93 b0 00 	sts	0x00B0, r24	; 0x8000b0 <__DATA_REGION_ORIGIN__+0x50>
		case  TIMER5A:  cbi(TCCR5A, COM5A1);    break;
		case  TIMER5B:  cbi(TCCR5A, COM5B1);    break;
		case  TIMER5C:  cbi(TCCR5A, COM5C1);    break;
		#endif
	}
}
    1378:	08 95       	ret
		#endif
		#if defined(TCCR2A) && defined(COM2A1)
		case  TIMER2A:  cbi(TCCR2A, COM2A1);    break;
		#endif
		#if defined(TCCR2A) && defined(COM2B1)
		case  TIMER2B:  cbi(TCCR2A, COM2B1);    break;
    137a:	80 91 b0 00 	lds	r24, 0x00B0	; 0x8000b0 <__DATA_REGION_ORIGIN__+0x50>
    137e:	8f 7d       	andi	r24, 0xDF	; 223
    1380:	f9 cf       	rjmp	.-14     	; 0x1374 <turnOffPWM+0x44>

00001382 <pinMode>:
#define ARDUINO_MAIN
#include "wiring_private.h"
#include "pins_arduino.h"

void pinMode(uint8_t pin, uint8_t mode)
{
    1382:	cf 93       	push	r28
    1384:	df 93       	push	r29
	uint8_t bit = digitalPinToBitMask(pin);
    1386:	90 e0       	ldi	r25, 0x00	; 0
    1388:	fc 01       	movw	r30, r24
    138a:	e2 50       	subi	r30, 0x02	; 2
    138c:	ff 4f       	sbci	r31, 0xFF	; 255
    138e:	24 91       	lpm	r18, Z
	uint8_t port = digitalPinToPort(pin);
    1390:	8e 5e       	subi	r24, 0xEE	; 238
    1392:	9e 4f       	sbci	r25, 0xFE	; 254
    1394:	fc 01       	movw	r30, r24
    1396:	84 91       	lpm	r24, Z
	volatile uint8_t *reg, *out;

	if (port == NOT_A_PIN) return;
    1398:	88 23       	and	r24, r24
    139a:	c9 f0       	breq	.+50     	; 0x13ce <pinMode+0x4c>

	// JWS: can I let the optimizer do this?
	reg = portModeRegister(port);
    139c:	90 e0       	ldi	r25, 0x00	; 0
    139e:	88 0f       	add	r24, r24
    13a0:	99 1f       	adc	r25, r25
    13a2:	fc 01       	movw	r30, r24
    13a4:	e0 5d       	subi	r30, 0xD0	; 208
    13a6:	fe 4f       	sbci	r31, 0xFE	; 254
    13a8:	a5 91       	lpm	r26, Z+
    13aa:	b4 91       	lpm	r27, Z
	out = portOutputRegister(port);
    13ac:	fc 01       	movw	r30, r24
    13ae:	ea 5d       	subi	r30, 0xDA	; 218
    13b0:	fe 4f       	sbci	r31, 0xFE	; 254
    13b2:	c5 91       	lpm	r28, Z+
    13b4:	d4 91       	lpm	r29, Z

	if (mode == INPUT) { 
    13b6:	61 11       	cpse	r22, r1
    13b8:	0d c0       	rjmp	.+26     	; 0x13d4 <pinMode+0x52>
		uint8_t oldSREG = SREG;
    13ba:	9f b7       	in	r25, 0x3f	; 63
                cli();
    13bc:	f8 94       	cli
		*reg &= ~bit;
    13be:	8c 91       	ld	r24, X
    13c0:	20 95       	com	r18
    13c2:	82 23       	and	r24, r18
    13c4:	8c 93       	st	X, r24
		*out &= ~bit;
    13c6:	88 81       	ld	r24, Y
    13c8:	28 23       	and	r18, r24
		SREG = oldSREG;
	} else if (mode == INPUT_PULLUP) {
		uint8_t oldSREG = SREG;
                cli();
		*reg &= ~bit;
		*out |= bit;
    13ca:	28 83       	st	Y, r18
		SREG = oldSREG;
    13cc:	9f bf       	out	0x3f, r25	; 63
		uint8_t oldSREG = SREG;
                cli();
		*reg |= bit;
		SREG = oldSREG;
	}
}
    13ce:	df 91       	pop	r29
    13d0:	cf 91       	pop	r28
    13d2:	08 95       	ret
		uint8_t oldSREG = SREG;
                cli();
		*reg &= ~bit;
		*out &= ~bit;
		SREG = oldSREG;
	} else if (mode == INPUT_PULLUP) {
    13d4:	62 30       	cpi	r22, 0x02	; 2
    13d6:	51 f4       	brne	.+20     	; 0x13ec <pinMode+0x6a>
		uint8_t oldSREG = SREG;
    13d8:	9f b7       	in	r25, 0x3f	; 63
                cli();
    13da:	f8 94       	cli
		*reg &= ~bit;
    13dc:	3c 91       	ld	r19, X
    13de:	82 2f       	mov	r24, r18
    13e0:	80 95       	com	r24
    13e2:	83 23       	and	r24, r19
    13e4:	8c 93       	st	X, r24
		*out |= bit;
    13e6:	e8 81       	ld	r30, Y
    13e8:	2e 2b       	or	r18, r30
    13ea:	ef cf       	rjmp	.-34     	; 0x13ca <pinMode+0x48>
		SREG = oldSREG;
	} else {
		uint8_t oldSREG = SREG;
    13ec:	8f b7       	in	r24, 0x3f	; 63
                cli();
    13ee:	f8 94       	cli
		*reg |= bit;
    13f0:	ec 91       	ld	r30, X
    13f2:	2e 2b       	or	r18, r30
    13f4:	2c 93       	st	X, r18
		SREG = oldSREG;
    13f6:	8f bf       	out	0x3f, r24	; 63
    13f8:	ea cf       	rjmp	.-44     	; 0x13ce <pinMode+0x4c>

000013fa <digitalWrite>:
		#endif
	}
}

void digitalWrite(uint8_t pin, uint8_t val)
{
    13fa:	1f 93       	push	r17
    13fc:	cf 93       	push	r28
    13fe:	df 93       	push	r29
	uint8_t timer = digitalPinToTimer(pin);
    1400:	28 2f       	mov	r18, r24
    1402:	30 e0       	ldi	r19, 0x00	; 0
    1404:	f9 01       	movw	r30, r18
    1406:	e6 51       	subi	r30, 0x16	; 22
    1408:	ff 4f       	sbci	r31, 0xFF	; 255
    140a:	84 91       	lpm	r24, Z
	uint8_t bit = digitalPinToBitMask(pin);
    140c:	f9 01       	movw	r30, r18
    140e:	e2 50       	subi	r30, 0x02	; 2
    1410:	ff 4f       	sbci	r31, 0xFF	; 255
    1412:	d4 91       	lpm	r29, Z
	uint8_t port = digitalPinToPort(pin);
    1414:	f9 01       	movw	r30, r18
    1416:	ee 5e       	subi	r30, 0xEE	; 238
    1418:	fe 4f       	sbci	r31, 0xFE	; 254
    141a:	c4 91       	lpm	r28, Z
	volatile uint8_t *out;

	if (port == NOT_A_PIN) return;
    141c:	cc 23       	and	r28, r28
    141e:	a9 f0       	breq	.+42     	; 0x144a <digitalWrite+0x50>
    1420:	16 2f       	mov	r17, r22

	// If the pin that support PWM output, we need to turn it off
	// before doing a digital write.
	if (timer != NOT_ON_TIMER) turnOffPWM(timer);
    1422:	81 11       	cpse	r24, r1
    1424:	0e 94 98 09 	call	0x1330	; 0x1330 <turnOffPWM>

	out = portOutputRegister(port);
    1428:	ec 2f       	mov	r30, r28
    142a:	f0 e0       	ldi	r31, 0x00	; 0
    142c:	ee 0f       	add	r30, r30
    142e:	ff 1f       	adc	r31, r31
    1430:	ea 5d       	subi	r30, 0xDA	; 218
    1432:	fe 4f       	sbci	r31, 0xFE	; 254
    1434:	a5 91       	lpm	r26, Z+
    1436:	b4 91       	lpm	r27, Z

	uint8_t oldSREG = SREG;
    1438:	8f b7       	in	r24, 0x3f	; 63
	cli();
    143a:	f8 94       	cli

	if (val == LOW) {
		*out &= ~bit;
    143c:	ec 91       	ld	r30, X
	out = portOutputRegister(port);

	uint8_t oldSREG = SREG;
	cli();

	if (val == LOW) {
    143e:	11 11       	cpse	r17, r1
    1440:	08 c0       	rjmp	.+16     	; 0x1452 <digitalWrite+0x58>
		*out &= ~bit;
    1442:	d0 95       	com	r29
    1444:	de 23       	and	r29, r30
	} else {
		*out |= bit;
    1446:	dc 93       	st	X, r29
	}

	SREG = oldSREG;
    1448:	8f bf       	out	0x3f, r24	; 63
}
    144a:	df 91       	pop	r29
    144c:	cf 91       	pop	r28
    144e:	1f 91       	pop	r17
    1450:	08 95       	ret
	cli();

	if (val == LOW) {
		*out &= ~bit;
	} else {
		*out |= bit;
    1452:	de 2b       	or	r29, r30
    1454:	f8 cf       	rjmp	.-16     	; 0x1446 <digitalWrite+0x4c>

00001456 <analogRead>:
#elif defined(__AVR_ATmega32U4__)
	if (pin >= 18) pin -= 18; // allow for channel or pin numbers
#elif defined(__AVR_ATmega1284__) || defined(__AVR_ATmega1284P__) || defined(__AVR_ATmega644__) || defined(__AVR_ATmega644A__) || defined(__AVR_ATmega644P__) || defined(__AVR_ATmega644PA__)
	if (pin >= 24) pin -= 24; // allow for channel or pin numbers
#else
	if (pin >= 14) pin -= 14; // allow for channel or pin numbers
    1456:	8e 30       	cpi	r24, 0x0E	; 14
    1458:	08 f0       	brcs	.+2      	; 0x145c <analogRead+0x6>
    145a:	8e 50       	subi	r24, 0x0E	; 14
	// to 0 (the default).
#if defined(ADMUX)
#if defined(__AVR_ATtiny25__) || defined(__AVR_ATtiny45__) || defined(__AVR_ATtiny85__)
	ADMUX = (analog_reference << 4) | (pin & 0x07);
#else
	ADMUX = (analog_reference << 6) | (pin & 0x07);
    145c:	20 91 92 01 	lds	r18, 0x0192	; 0x800192 <analog_reference>
    1460:	90 e4       	ldi	r25, 0x40	; 64
    1462:	29 9f       	mul	r18, r25
    1464:	90 01       	movw	r18, r0
    1466:	11 24       	eor	r1, r1
    1468:	87 70       	andi	r24, 0x07	; 7
    146a:	82 2b       	or	r24, r18
    146c:	80 93 7c 00 	sts	0x007C, r24	; 0x80007c <__DATA_REGION_ORIGIN__+0x1c>
	// without a delay, we seem to read from the wrong channel
	//delay(1);

#if defined(ADCSRA) && defined(ADCL)
	// start the conversion
	sbi(ADCSRA, ADSC);
    1470:	80 91 7a 00 	lds	r24, 0x007A	; 0x80007a <__DATA_REGION_ORIGIN__+0x1a>
    1474:	80 64       	ori	r24, 0x40	; 64
    1476:	80 93 7a 00 	sts	0x007A, r24	; 0x80007a <__DATA_REGION_ORIGIN__+0x1a>

	// ADSC is cleared when the conversion finishes
	while (bit_is_set(ADCSRA, ADSC));
    147a:	80 91 7a 00 	lds	r24, 0x007A	; 0x80007a <__DATA_REGION_ORIGIN__+0x1a>
    147e:	86 fd       	sbrc	r24, 6
    1480:	fc cf       	rjmp	.-8      	; 0x147a <analogRead+0x24>

	// we have to read ADCL first; doing so locks both ADCL
	// and ADCH until ADCH is read.  reading ADCL second would
	// cause the results of each conversion to be discarded,
	// as ADCL and ADCH would be locked when it completed.
	low  = ADCL;
    1482:	80 91 78 00 	lds	r24, 0x0078	; 0x800078 <__DATA_REGION_ORIGIN__+0x18>
	high = ADCH;
    1486:	90 91 79 00 	lds	r25, 0x0079	; 0x800079 <__DATA_REGION_ORIGIN__+0x19>
	high = 0;
#endif

	// combine the two bytes
	return (high << 8) | low;
}
    148a:	08 95       	ret

0000148c <_ZN14HardwareSerial9availableEv>:
  if (Serial2_available && serialEvent2 && Serial2_available()) serialEvent2();
#endif
#if defined(HAVE_HWSERIAL3)
  if (Serial3_available && serialEvent3 && Serial3_available()) serialEvent3();
#endif
}
    148c:	fc 01       	movw	r30, r24
    148e:	91 8d       	ldd	r25, Z+25	; 0x19
    1490:	22 8d       	ldd	r18, Z+26	; 0x1a
    1492:	89 2f       	mov	r24, r25
    1494:	90 e0       	ldi	r25, 0x00	; 0
    1496:	80 5c       	subi	r24, 0xC0	; 192
    1498:	9f 4f       	sbci	r25, 0xFF	; 255
    149a:	82 1b       	sub	r24, r18
    149c:	91 09       	sbc	r25, r1
    149e:	8f 73       	andi	r24, 0x3F	; 63
    14a0:	99 27       	eor	r25, r25
    14a2:	08 95       	ret

000014a4 <_ZN14HardwareSerial4peekEv>:
    14a4:	fc 01       	movw	r30, r24
    14a6:	91 8d       	ldd	r25, Z+25	; 0x19
    14a8:	82 8d       	ldd	r24, Z+26	; 0x1a
    14aa:	98 17       	cp	r25, r24
    14ac:	31 f0       	breq	.+12     	; 0x14ba <_ZN14HardwareSerial4peekEv+0x16>
    14ae:	82 8d       	ldd	r24, Z+26	; 0x1a
    14b0:	e8 0f       	add	r30, r24
    14b2:	f1 1d       	adc	r31, r1
    14b4:	85 8d       	ldd	r24, Z+29	; 0x1d
    14b6:	90 e0       	ldi	r25, 0x00	; 0
    14b8:	08 95       	ret
    14ba:	8f ef       	ldi	r24, 0xFF	; 255
    14bc:	9f ef       	ldi	r25, 0xFF	; 255
    14be:	08 95       	ret

000014c0 <_ZN14HardwareSerial4readEv>:
    14c0:	fc 01       	movw	r30, r24
    14c2:	91 8d       	ldd	r25, Z+25	; 0x19
    14c4:	82 8d       	ldd	r24, Z+26	; 0x1a
    14c6:	98 17       	cp	r25, r24
    14c8:	61 f0       	breq	.+24     	; 0x14e2 <_ZN14HardwareSerial4readEv+0x22>
    14ca:	a2 8d       	ldd	r26, Z+26	; 0x1a
    14cc:	ae 0f       	add	r26, r30
    14ce:	bf 2f       	mov	r27, r31
    14d0:	b1 1d       	adc	r27, r1
    14d2:	5d 96       	adiw	r26, 0x1d	; 29
    14d4:	8c 91       	ld	r24, X
    14d6:	92 8d       	ldd	r25, Z+26	; 0x1a
    14d8:	9f 5f       	subi	r25, 0xFF	; 255
    14da:	9f 73       	andi	r25, 0x3F	; 63
    14dc:	92 8f       	std	Z+26, r25	; 0x1a
    14de:	90 e0       	ldi	r25, 0x00	; 0
    14e0:	08 95       	ret
    14e2:	8f ef       	ldi	r24, 0xFF	; 255
    14e4:	9f ef       	ldi	r25, 0xFF	; 255
    14e6:	08 95       	ret

000014e8 <_ZN14HardwareSerial17availableForWriteEv>:
    14e8:	fc 01       	movw	r30, r24
    14ea:	53 8d       	ldd	r21, Z+27	; 0x1b
    14ec:	44 8d       	ldd	r20, Z+28	; 0x1c
    14ee:	25 2f       	mov	r18, r21
    14f0:	30 e0       	ldi	r19, 0x00	; 0
    14f2:	84 2f       	mov	r24, r20
    14f4:	90 e0       	ldi	r25, 0x00	; 0
    14f6:	82 1b       	sub	r24, r18
    14f8:	93 0b       	sbc	r25, r19
    14fa:	54 17       	cp	r21, r20
    14fc:	10 f0       	brcs	.+4      	; 0x1502 <_ZN14HardwareSerial17availableForWriteEv+0x1a>
    14fe:	cf 96       	adiw	r24, 0x3f	; 63
    1500:	08 95       	ret
    1502:	01 97       	sbiw	r24, 0x01	; 1
    1504:	08 95       	ret

00001506 <_ZN14HardwareSerial17_tx_udr_empty_irqEv>:
#endif

// Actual interrupt handlers //////////////////////////////////////////////////////////////

void HardwareSerial::_tx_udr_empty_irq(void)
{
    1506:	fc 01       	movw	r30, r24
  // If interrupts are enabled, there must be more data in the output
  // buffer. Send the next byte
  unsigned char c = _tx_buffer[_tx_buffer_tail];
    1508:	a4 8d       	ldd	r26, Z+28	; 0x1c
    150a:	a8 0f       	add	r26, r24
    150c:	b9 2f       	mov	r27, r25
    150e:	b1 1d       	adc	r27, r1
    1510:	a3 5a       	subi	r26, 0xA3	; 163
    1512:	bf 4f       	sbci	r27, 0xFF	; 255
    1514:	2c 91       	ld	r18, X
  _tx_buffer_tail = (_tx_buffer_tail + 1) % SERIAL_TX_BUFFER_SIZE;
    1516:	84 8d       	ldd	r24, Z+28	; 0x1c
    1518:	90 e0       	ldi	r25, 0x00	; 0
    151a:	01 96       	adiw	r24, 0x01	; 1
    151c:	8f 73       	andi	r24, 0x3F	; 63
    151e:	99 27       	eor	r25, r25
    1520:	84 8f       	std	Z+28, r24	; 0x1c

  *_udr = c;
    1522:	a6 89       	ldd	r26, Z+22	; 0x16
    1524:	b7 89       	ldd	r27, Z+23	; 0x17
    1526:	2c 93       	st	X, r18
  // location". This makes sure flush() won't return until the bytes
  // actually got written. Other r/w bits are preserved, and zeroes
  // written to the rest.

#ifdef MPCM0
  *_ucsra = ((*_ucsra) & ((1 << U2X0) | (1 << MPCM0))) | (1 << TXC0);
    1528:	a0 89       	ldd	r26, Z+16	; 0x10
    152a:	b1 89       	ldd	r27, Z+17	; 0x11
    152c:	8c 91       	ld	r24, X
    152e:	83 70       	andi	r24, 0x03	; 3
    1530:	80 64       	ori	r24, 0x40	; 64
    1532:	8c 93       	st	X, r24
#else
  *_ucsra = ((*_ucsra) & ((1 << U2X0) | (1 << TXC0)));
#endif

  if (_tx_buffer_head == _tx_buffer_tail) {
    1534:	93 8d       	ldd	r25, Z+27	; 0x1b
    1536:	84 8d       	ldd	r24, Z+28	; 0x1c
    1538:	98 13       	cpse	r25, r24
    153a:	06 c0       	rjmp	.+12     	; 0x1548 <_ZN14HardwareSerial17_tx_udr_empty_irqEv+0x42>
    // Buffer empty, so disable interrupts
    cbi(*_ucsrb, UDRIE0);
    153c:	02 88       	ldd	r0, Z+18	; 0x12
    153e:	f3 89       	ldd	r31, Z+19	; 0x13
    1540:	e0 2d       	mov	r30, r0
    1542:	80 81       	ld	r24, Z
    1544:	8f 7d       	andi	r24, 0xDF	; 223
    1546:	80 83       	st	Z, r24
  }
}
    1548:	08 95       	ret

0000154a <_ZN14HardwareSerial5flushEv>:
  if (head >= tail) return SERIAL_TX_BUFFER_SIZE - 1 - head + tail;
  return tail - head - 1;
}

void HardwareSerial::flush()
{
    154a:	cf 93       	push	r28
    154c:	df 93       	push	r29
    154e:	ec 01       	movw	r28, r24
  // If we have never written a byte, no need to flush. This special
  // case is needed since there is no way to force the TXC (transmit
  // complete) bit to 1 during initialization
  if (!_written)
    1550:	88 8d       	ldd	r24, Y+24	; 0x18
    1552:	88 23       	and	r24, r24
    1554:	b9 f0       	breq	.+46     	; 0x1584 <_ZN14HardwareSerial5flushEv+0x3a>
    return;

  while (bit_is_set(*_ucsrb, UDRIE0) || bit_is_clear(*_ucsra, TXC0)) {
    1556:	aa 89       	ldd	r26, Y+18	; 0x12
    1558:	bb 89       	ldd	r27, Y+19	; 0x13
    155a:	e8 89       	ldd	r30, Y+16	; 0x10
    155c:	f9 89       	ldd	r31, Y+17	; 0x11
    155e:	8c 91       	ld	r24, X
    1560:	85 fd       	sbrc	r24, 5
    1562:	03 c0       	rjmp	.+6      	; 0x156a <_ZN14HardwareSerial5flushEv+0x20>
    1564:	80 81       	ld	r24, Z
    1566:	86 fd       	sbrc	r24, 6
    1568:	0d c0       	rjmp	.+26     	; 0x1584 <_ZN14HardwareSerial5flushEv+0x3a>
    if (bit_is_clear(SREG, SREG_I) && bit_is_set(*_ucsrb, UDRIE0))
    156a:	0f b6       	in	r0, 0x3f	; 63
    156c:	07 fc       	sbrc	r0, 7
    156e:	f7 cf       	rjmp	.-18     	; 0x155e <_ZN14HardwareSerial5flushEv+0x14>
    1570:	8c 91       	ld	r24, X
    1572:	85 ff       	sbrs	r24, 5
    1574:	f2 cf       	rjmp	.-28     	; 0x155a <_ZN14HardwareSerial5flushEv+0x10>
	// Interrupts are globally disabled, but the DR empty
	// interrupt should be enabled, so poll the DR empty flag to
	// prevent deadlock
	if (bit_is_set(*_ucsra, UDRE0))
    1576:	80 81       	ld	r24, Z
    1578:	85 ff       	sbrs	r24, 5
    157a:	ed cf       	rjmp	.-38     	; 0x1556 <_ZN14HardwareSerial5flushEv+0xc>
	  _tx_udr_empty_irq();
    157c:	ce 01       	movw	r24, r28
    157e:	0e 94 83 0a 	call	0x1506	; 0x1506 <_ZN14HardwareSerial17_tx_udr_empty_irqEv>
    1582:	e9 cf       	rjmp	.-46     	; 0x1556 <_ZN14HardwareSerial5flushEv+0xc>
  }
  // If we get here, nothing is queued anymore (DRIE is disabled) and
  // the hardware finished tranmission (TXC is set).
}
    1584:	df 91       	pop	r29
    1586:	cf 91       	pop	r28
    1588:	08 95       	ret

0000158a <_ZN14HardwareSerial5writeEh>:

size_t HardwareSerial::write(uint8_t c)
{
    158a:	ef 92       	push	r14
    158c:	ff 92       	push	r15
    158e:	0f 93       	push	r16
    1590:	1f 93       	push	r17
    1592:	cf 93       	push	r28
    1594:	df 93       	push	r29
    1596:	ec 01       	movw	r28, r24
  _written = true;
    1598:	81 e0       	ldi	r24, 0x01	; 1
    159a:	88 8f       	std	Y+24, r24	; 0x18
  // If the buffer and the data register is empty, just write the byte
  // to the data register and be done. This shortcut helps
  // significantly improve the effective datarate at high (>
  // 500kbit/s) bitrates, where interrupt overhead becomes a slowdown.
  if (_tx_buffer_head == _tx_buffer_tail && bit_is_set(*_ucsra, UDRE0)) {
    159c:	9b 8d       	ldd	r25, Y+27	; 0x1b
    159e:	8c 8d       	ldd	r24, Y+28	; 0x1c
    15a0:	98 13       	cpse	r25, r24
    15a2:	1a c0       	rjmp	.+52     	; 0x15d8 <_ZN14HardwareSerial5writeEh+0x4e>
    15a4:	e8 89       	ldd	r30, Y+16	; 0x10
    15a6:	f9 89       	ldd	r31, Y+17	; 0x11
    15a8:	80 81       	ld	r24, Z
    15aa:	85 ff       	sbrs	r24, 5
    15ac:	15 c0       	rjmp	.+42     	; 0x15d8 <_ZN14HardwareSerial5writeEh+0x4e>
    // So writing UDR must happen first.
    // Writing UDR and clearing TC must be done atomically, otherwise
    // interrupts might delay the TXC clear so the byte written to UDR
    // is transmitted (setting TXC) before clearing TXC. Then TXC will
    // be cleared when no bytes are left, causing flush() to hang
    ATOMIC_BLOCK(ATOMIC_RESTORESTATE) {
    15ae:	9f b7       	in	r25, 0x3f	; 63
    return 1;
}

static __inline__ uint8_t __iCliRetVal(void)
{
    cli();
    15b0:	f8 94       	cli
      *_udr = c;
    15b2:	ee 89       	ldd	r30, Y+22	; 0x16
    15b4:	ff 89       	ldd	r31, Y+23	; 0x17
    15b6:	60 83       	st	Z, r22
#ifdef MPCM0
      *_ucsra = ((*_ucsra) & ((1 << U2X0) | (1 << MPCM0))) | (1 << TXC0);
    15b8:	e8 89       	ldd	r30, Y+16	; 0x10
    15ba:	f9 89       	ldd	r31, Y+17	; 0x11
    15bc:	80 81       	ld	r24, Z
    15be:	83 70       	andi	r24, 0x03	; 3
    15c0:	80 64       	ori	r24, 0x40	; 64
  // make atomic to prevent execution of ISR between setting the
  // head pointer and setting the interrupt flag resulting in buffer
  // retransmission
  ATOMIC_BLOCK(ATOMIC_RESTORESTATE) {
    _tx_buffer_head = i;
    sbi(*_ucsrb, UDRIE0);
    15c2:	80 83       	st	Z, r24
    (void)__s;
}

static __inline__ void __iRestore(const  uint8_t *__s)
{
    SREG = *__s;
    15c4:	9f bf       	out	0x3f, r25	; 63
  }
  
  return 1;
}
    15c6:	81 e0       	ldi	r24, 0x01	; 1
    15c8:	90 e0       	ldi	r25, 0x00	; 0
    15ca:	df 91       	pop	r29
    15cc:	cf 91       	pop	r28
    15ce:	1f 91       	pop	r17
    15d0:	0f 91       	pop	r16
    15d2:	ff 90       	pop	r15
    15d4:	ef 90       	pop	r14
    15d6:	08 95       	ret
    15d8:	f6 2e       	mov	r15, r22
      *_ucsra = ((*_ucsra) & ((1 << U2X0) | (1 << TXC0)));
#endif
    }
    return 1;
  }
  tx_buffer_index_t i = (_tx_buffer_head + 1) % SERIAL_TX_BUFFER_SIZE;
    15da:	0b 8d       	ldd	r16, Y+27	; 0x1b
    15dc:	10 e0       	ldi	r17, 0x00	; 0
    15de:	0f 5f       	subi	r16, 0xFF	; 255
    15e0:	1f 4f       	sbci	r17, 0xFF	; 255
    15e2:	0f 73       	andi	r16, 0x3F	; 63
    15e4:	11 27       	eor	r17, r17
    15e6:	e0 2e       	mov	r14, r16
	
  // If the output buffer is full, there's nothing for it other than to 
  // wait for the interrupt handler to empty it a bit
  while (i == _tx_buffer_tail) {
    15e8:	8c 8d       	ldd	r24, Y+28	; 0x1c
    15ea:	8e 11       	cpse	r24, r14
    15ec:	0c c0       	rjmp	.+24     	; 0x1606 <_ZN14HardwareSerial5writeEh+0x7c>
    if (bit_is_clear(SREG, SREG_I)) {
    15ee:	0f b6       	in	r0, 0x3f	; 63
    15f0:	07 fc       	sbrc	r0, 7
    15f2:	fa cf       	rjmp	.-12     	; 0x15e8 <_ZN14HardwareSerial5writeEh+0x5e>
      // Interrupts are disabled, so we'll have to poll the data
      // register empty flag ourselves. If it is set, pretend an
      // interrupt has happened and call the handler to free up
      // space for us.
      if(bit_is_set(*_ucsra, UDRE0))
    15f4:	e8 89       	ldd	r30, Y+16	; 0x10
    15f6:	f9 89       	ldd	r31, Y+17	; 0x11
    15f8:	80 81       	ld	r24, Z
    15fa:	85 ff       	sbrs	r24, 5
    15fc:	f5 cf       	rjmp	.-22     	; 0x15e8 <_ZN14HardwareSerial5writeEh+0x5e>
	_tx_udr_empty_irq();
    15fe:	ce 01       	movw	r24, r28
    1600:	0e 94 83 0a 	call	0x1506	; 0x1506 <_ZN14HardwareSerial17_tx_udr_empty_irqEv>
    1604:	f1 cf       	rjmp	.-30     	; 0x15e8 <_ZN14HardwareSerial5writeEh+0x5e>
    } else {
      // nop, the interrupt handler will free up space for us
    }
  }

  _tx_buffer[_tx_buffer_head] = c;
    1606:	eb 8d       	ldd	r30, Y+27	; 0x1b
    1608:	ec 0f       	add	r30, r28
    160a:	fd 2f       	mov	r31, r29
    160c:	f1 1d       	adc	r31, r1
    160e:	e3 5a       	subi	r30, 0xA3	; 163
    1610:	ff 4f       	sbci	r31, 0xFF	; 255
    1612:	f0 82       	st	Z, r15

  // make atomic to prevent execution of ISR between setting the
  // head pointer and setting the interrupt flag resulting in buffer
  // retransmission
  ATOMIC_BLOCK(ATOMIC_RESTORESTATE) {
    1614:	9f b7       	in	r25, 0x3f	; 63
    return 1;
}

static __inline__ uint8_t __iCliRetVal(void)
{
    cli();
    1616:	f8 94       	cli
    _tx_buffer_head = i;
    1618:	0b 8f       	std	Y+27, r16	; 0x1b
    sbi(*_ucsrb, UDRIE0);
    161a:	ea 89       	ldd	r30, Y+18	; 0x12
    161c:	fb 89       	ldd	r31, Y+19	; 0x13
    161e:	80 81       	ld	r24, Z
    1620:	80 62       	ori	r24, 0x20	; 32
    1622:	cf cf       	rjmp	.-98     	; 0x15c2 <_ZN14HardwareSerial5writeEh+0x38>

00001624 <_ZN14HardwareSerial5beginEmh>:
}

// Public Methods //////////////////////////////////////////////////////////////

void HardwareSerial::begin(unsigned long baud, byte config)
{
    1624:	cf 92       	push	r12
    1626:	df 92       	push	r13
    1628:	ef 92       	push	r14
    162a:	ff 92       	push	r15
    162c:	1f 93       	push	r17
    162e:	cf 93       	push	r28
    1630:	df 93       	push	r29
    1632:	ec 01       	movw	r28, r24
    1634:	6a 01       	movw	r12, r20
    1636:	7b 01       	movw	r14, r22
    1638:	12 2f       	mov	r17, r18
  // Try u2x mode first
  uint16_t baud_setting = (F_CPU / 4 / baud - 1) / 2;
  *_ucsra = 1 << U2X0;
    163a:	e8 89       	ldd	r30, Y+16	; 0x10
    163c:	f9 89       	ldd	r31, Y+17	; 0x11
    163e:	82 e0       	ldi	r24, 0x02	; 2
    1640:	80 83       	st	Z, r24
  // hardcoded exception for 57600 for compatibility with the bootloader
  // shipped with the Duemilanove and previous boards and the firmware
  // on the 8U2 on the Uno and Mega 2560. Also, The baud_setting cannot
  // be > 4095, so switch back to non-u2x mode if the baud rate is too
  // low.
  if (((F_CPU == 16000000UL) && (baud == 57600)) || (baud_setting >4095))
    1642:	c1 14       	cp	r12, r1
    1644:	81 ee       	ldi	r24, 0xE1	; 225
    1646:	d8 06       	cpc	r13, r24
    1648:	e1 04       	cpc	r14, r1
    164a:	f1 04       	cpc	r15, r1
    164c:	a1 f0       	breq	.+40     	; 0x1676 <_ZN14HardwareSerial5beginEmh+0x52>
// Public Methods //////////////////////////////////////////////////////////////

void HardwareSerial::begin(unsigned long baud, byte config)
{
  // Try u2x mode first
  uint16_t baud_setting = (F_CPU / 4 / baud - 1) / 2;
    164e:	60 e0       	ldi	r22, 0x00	; 0
    1650:	79 e0       	ldi	r23, 0x09	; 9
    1652:	8d e3       	ldi	r24, 0x3D	; 61
    1654:	90 e0       	ldi	r25, 0x00	; 0
    1656:	a7 01       	movw	r20, r14
    1658:	96 01       	movw	r18, r12
    165a:	0e 94 4d 17 	call	0x2e9a	; 0x2e9a <__udivmodsi4>
    165e:	21 50       	subi	r18, 0x01	; 1
    1660:	31 09       	sbc	r19, r1
    1662:	41 09       	sbc	r20, r1
    1664:	51 09       	sbc	r21, r1
    1666:	56 95       	lsr	r21
    1668:	47 95       	ror	r20
    166a:	37 95       	ror	r19
    166c:	27 95       	ror	r18
  // hardcoded exception for 57600 for compatibility with the bootloader
  // shipped with the Duemilanove and previous boards and the firmware
  // on the 8U2 on the Uno and Mega 2560. Also, The baud_setting cannot
  // be > 4095, so switch back to non-u2x mode if the baud rate is too
  // low.
  if (((F_CPU == 16000000UL) && (baud == 57600)) || (baud_setting >4095))
    166e:	21 15       	cp	r18, r1
    1670:	80 e1       	ldi	r24, 0x10	; 16
    1672:	38 07       	cpc	r19, r24
    1674:	98 f0       	brcs	.+38     	; 0x169c <_ZN14HardwareSerial5beginEmh+0x78>
  {
    *_ucsra = 0;
    1676:	e8 89       	ldd	r30, Y+16	; 0x10
    1678:	f9 89       	ldd	r31, Y+17	; 0x11
    167a:	10 82       	st	Z, r1
    baud_setting = (F_CPU / 8 / baud - 1) / 2;
    167c:	60 e8       	ldi	r22, 0x80	; 128
    167e:	74 e8       	ldi	r23, 0x84	; 132
    1680:	8e e1       	ldi	r24, 0x1E	; 30
    1682:	90 e0       	ldi	r25, 0x00	; 0
    1684:	a7 01       	movw	r20, r14
    1686:	96 01       	movw	r18, r12
    1688:	0e 94 4d 17 	call	0x2e9a	; 0x2e9a <__udivmodsi4>
    168c:	21 50       	subi	r18, 0x01	; 1
    168e:	31 09       	sbc	r19, r1
    1690:	41 09       	sbc	r20, r1
    1692:	51 09       	sbc	r21, r1
    1694:	56 95       	lsr	r21
    1696:	47 95       	ror	r20
    1698:	37 95       	ror	r19
    169a:	27 95       	ror	r18
  }

  // assign the baud_setting, a.k.a. ubrr (USART Baud Rate Register)
  *_ubrrh = baud_setting >> 8;
    169c:	ec 85       	ldd	r30, Y+12	; 0x0c
    169e:	fd 85       	ldd	r31, Y+13	; 0x0d
    16a0:	30 83       	st	Z, r19
  *_ubrrl = baud_setting;
    16a2:	ee 85       	ldd	r30, Y+14	; 0x0e
    16a4:	ff 85       	ldd	r31, Y+15	; 0x0f
    16a6:	20 83       	st	Z, r18

  _written = false;
    16a8:	18 8e       	std	Y+24, r1	; 0x18

  //set the data bits, parity, and stop bits
#if defined(__AVR_ATmega8__)
  config |= 0x80; // select UCSRC register (shared with UBRRH)
#endif
  *_ucsrc = config;
    16aa:	ec 89       	ldd	r30, Y+20	; 0x14
    16ac:	fd 89       	ldd	r31, Y+21	; 0x15
    16ae:	10 83       	st	Z, r17
  
  sbi(*_ucsrb, RXEN0);
    16b0:	ea 89       	ldd	r30, Y+18	; 0x12
    16b2:	fb 89       	ldd	r31, Y+19	; 0x13
    16b4:	80 81       	ld	r24, Z
    16b6:	80 61       	ori	r24, 0x10	; 16
    16b8:	80 83       	st	Z, r24
  sbi(*_ucsrb, TXEN0);
    16ba:	ea 89       	ldd	r30, Y+18	; 0x12
    16bc:	fb 89       	ldd	r31, Y+19	; 0x13
    16be:	80 81       	ld	r24, Z
    16c0:	88 60       	ori	r24, 0x08	; 8
    16c2:	80 83       	st	Z, r24
  sbi(*_ucsrb, RXCIE0);
    16c4:	ea 89       	ldd	r30, Y+18	; 0x12
    16c6:	fb 89       	ldd	r31, Y+19	; 0x13
    16c8:	80 81       	ld	r24, Z
    16ca:	80 68       	ori	r24, 0x80	; 128
    16cc:	80 83       	st	Z, r24
  cbi(*_ucsrb, UDRIE0);
    16ce:	ea 89       	ldd	r30, Y+18	; 0x12
    16d0:	fb 89       	ldd	r31, Y+19	; 0x13
    16d2:	80 81       	ld	r24, Z
    16d4:	8f 7d       	andi	r24, 0xDF	; 223
    16d6:	80 83       	st	Z, r24
}
    16d8:	df 91       	pop	r29
    16da:	cf 91       	pop	r28
    16dc:	1f 91       	pop	r17
    16de:	ff 90       	pop	r15
    16e0:	ef 90       	pop	r14
    16e2:	df 90       	pop	r13
    16e4:	cf 90       	pop	r12
    16e6:	08 95       	ret

000016e8 <__vector_18>:

// Function that can be weakly referenced by serialEventRun to prevent
// pulling in this file if it's not otherwise used.
bool Serial0_available() {
  return Serial.available();
}
    16e8:	1f 92       	push	r1
    16ea:	0f 92       	push	r0
    16ec:	0f b6       	in	r0, 0x3f	; 63
    16ee:	0f 92       	push	r0
    16f0:	11 24       	eor	r1, r1
    16f2:	2f 93       	push	r18
    16f4:	8f 93       	push	r24
    16f6:	9f 93       	push	r25
    16f8:	ef 93       	push	r30
    16fa:	ff 93       	push	r31
    16fc:	e0 91 89 05 	lds	r30, 0x0589	; 0x800589 <Serial+0x10>
    1700:	f0 91 8a 05 	lds	r31, 0x058A	; 0x80058a <Serial+0x11>
    1704:	80 81       	ld	r24, Z
    1706:	e0 91 8f 05 	lds	r30, 0x058F	; 0x80058f <Serial+0x16>
    170a:	f0 91 90 05 	lds	r31, 0x0590	; 0x800590 <Serial+0x17>
    170e:	82 fd       	sbrc	r24, 2
    1710:	1b c0       	rjmp	.+54     	; 0x1748 <__vector_18+0x60>
    1712:	90 81       	ld	r25, Z
    1714:	80 91 92 05 	lds	r24, 0x0592	; 0x800592 <Serial+0x19>
    1718:	8f 5f       	subi	r24, 0xFF	; 255
    171a:	8f 73       	andi	r24, 0x3F	; 63
    171c:	20 91 93 05 	lds	r18, 0x0593	; 0x800593 <Serial+0x1a>
    1720:	82 17       	cp	r24, r18
    1722:	41 f0       	breq	.+16     	; 0x1734 <__vector_18+0x4c>
    1724:	e0 91 92 05 	lds	r30, 0x0592	; 0x800592 <Serial+0x19>
    1728:	f0 e0       	ldi	r31, 0x00	; 0
    172a:	e7 58       	subi	r30, 0x87	; 135
    172c:	fa 4f       	sbci	r31, 0xFA	; 250
    172e:	95 8f       	std	Z+29, r25	; 0x1d
    1730:	80 93 92 05 	sts	0x0592, r24	; 0x800592 <Serial+0x19>
    1734:	ff 91       	pop	r31
    1736:	ef 91       	pop	r30
    1738:	9f 91       	pop	r25
    173a:	8f 91       	pop	r24
    173c:	2f 91       	pop	r18
    173e:	0f 90       	pop	r0
    1740:	0f be       	out	0x3f, r0	; 63
    1742:	0f 90       	pop	r0
    1744:	1f 90       	pop	r1
    1746:	18 95       	reti
    1748:	80 81       	ld	r24, Z
    174a:	f4 cf       	rjmp	.-24     	; 0x1734 <__vector_18+0x4c>

0000174c <__vector_19>:
    174c:	1f 92       	push	r1
    174e:	0f 92       	push	r0
    1750:	0f b6       	in	r0, 0x3f	; 63
    1752:	0f 92       	push	r0
    1754:	11 24       	eor	r1, r1
    1756:	2f 93       	push	r18
    1758:	3f 93       	push	r19
    175a:	4f 93       	push	r20
    175c:	5f 93       	push	r21
    175e:	6f 93       	push	r22
    1760:	7f 93       	push	r23
    1762:	8f 93       	push	r24
    1764:	9f 93       	push	r25
    1766:	af 93       	push	r26
    1768:	bf 93       	push	r27
    176a:	ef 93       	push	r30
    176c:	ff 93       	push	r31
    176e:	89 e7       	ldi	r24, 0x79	; 121
    1770:	95 e0       	ldi	r25, 0x05	; 5
    1772:	0e 94 83 0a 	call	0x1506	; 0x1506 <_ZN14HardwareSerial17_tx_udr_empty_irqEv>
    1776:	ff 91       	pop	r31
    1778:	ef 91       	pop	r30
    177a:	bf 91       	pop	r27
    177c:	af 91       	pop	r26
    177e:	9f 91       	pop	r25
    1780:	8f 91       	pop	r24
    1782:	7f 91       	pop	r23
    1784:	6f 91       	pop	r22
    1786:	5f 91       	pop	r21
    1788:	4f 91       	pop	r20
    178a:	3f 91       	pop	r19
    178c:	2f 91       	pop	r18
    178e:	0f 90       	pop	r0
    1790:	0f be       	out	0x3f, r0	; 63
    1792:	0f 90       	pop	r0
    1794:	1f 90       	pop	r1
    1796:	18 95       	reti

00001798 <_GLOBAL__sub_I___vector_18>:
    size_t printNumber(unsigned long, uint8_t);
    size_t printFloat(double, uint8_t);
  protected:
    void setWriteError(int err = 1) { write_error = err; }
  public:
    Print() : write_error(0) {}
    1798:	e9 e7       	ldi	r30, 0x79	; 121
    179a:	f5 e0       	ldi	r31, 0x05	; 5
    179c:	13 82       	std	Z+3, r1	; 0x03
    179e:	12 82       	std	Z+2, r1	; 0x02
  public:
    virtual int available() = 0;
    virtual int read() = 0;
    virtual int peek() = 0;

    Stream() {_timeout=1000;}
    17a0:	88 ee       	ldi	r24, 0xE8	; 232
    17a2:	93 e0       	ldi	r25, 0x03	; 3
    17a4:	a0 e0       	ldi	r26, 0x00	; 0
    17a6:	b0 e0       	ldi	r27, 0x00	; 0
    17a8:	84 83       	std	Z+4, r24	; 0x04
    17aa:	95 83       	std	Z+5, r25	; 0x05
    17ac:	a6 83       	std	Z+6, r26	; 0x06
    17ae:	b7 83       	std	Z+7, r27	; 0x07
  volatile uint8_t *ucsrc, volatile uint8_t *udr) :
    _ubrrh(ubrrh), _ubrrl(ubrrl),
    _ucsra(ucsra), _ucsrb(ucsrb), _ucsrc(ucsrc),
    _udr(udr),
    _rx_buffer_head(0), _rx_buffer_tail(0),
    _tx_buffer_head(0), _tx_buffer_tail(0)
    17b0:	89 ec       	ldi	r24, 0xC9	; 201
    17b2:	93 e0       	ldi	r25, 0x03	; 3
    17b4:	91 83       	std	Z+1, r25	; 0x01
    17b6:	80 83       	st	Z, r24
    17b8:	85 ec       	ldi	r24, 0xC5	; 197
    17ba:	90 e0       	ldi	r25, 0x00	; 0
    17bc:	95 87       	std	Z+13, r25	; 0x0d
    17be:	84 87       	std	Z+12, r24	; 0x0c
    17c0:	84 ec       	ldi	r24, 0xC4	; 196
    17c2:	90 e0       	ldi	r25, 0x00	; 0
    17c4:	97 87       	std	Z+15, r25	; 0x0f
    17c6:	86 87       	std	Z+14, r24	; 0x0e
    17c8:	80 ec       	ldi	r24, 0xC0	; 192
    17ca:	90 e0       	ldi	r25, 0x00	; 0
    17cc:	91 8b       	std	Z+17, r25	; 0x11
    17ce:	80 8b       	std	Z+16, r24	; 0x10
    17d0:	81 ec       	ldi	r24, 0xC1	; 193
    17d2:	90 e0       	ldi	r25, 0x00	; 0
    17d4:	93 8b       	std	Z+19, r25	; 0x13
    17d6:	82 8b       	std	Z+18, r24	; 0x12
    17d8:	82 ec       	ldi	r24, 0xC2	; 194
    17da:	90 e0       	ldi	r25, 0x00	; 0
    17dc:	95 8b       	std	Z+21, r25	; 0x15
    17de:	84 8b       	std	Z+20, r24	; 0x14
    17e0:	86 ec       	ldi	r24, 0xC6	; 198
    17e2:	90 e0       	ldi	r25, 0x00	; 0
    17e4:	97 8b       	std	Z+23, r25	; 0x17
    17e6:	86 8b       	std	Z+22, r24	; 0x16
    17e8:	11 8e       	std	Z+25, r1	; 0x19
    17ea:	12 8e       	std	Z+26, r1	; 0x1a
    17ec:	13 8e       	std	Z+27, r1	; 0x1b
    17ee:	14 8e       	std	Z+28, r1	; 0x1c
    17f0:	08 95       	ret

000017f2 <_ZN5Print5writeEPKhj>:
      if (str == NULL) return 0;
      return write((const uint8_t *)str, strlen(str));
    }
    virtual size_t write(const uint8_t *buffer, size_t size);
    size_t write(const char *buffer, size_t size) {
      return write((const uint8_t *)buffer, size);
    17f2:	af 92       	push	r10
    17f4:	bf 92       	push	r11
    17f6:	cf 92       	push	r12
    17f8:	df 92       	push	r13
    17fa:	ef 92       	push	r14
    17fc:	ff 92       	push	r15
    17fe:	0f 93       	push	r16
    1800:	1f 93       	push	r17
    1802:	cf 93       	push	r28
    1804:	df 93       	push	r29
    1806:	6c 01       	movw	r12, r24
    1808:	7b 01       	movw	r14, r22
    180a:	8b 01       	movw	r16, r22
    180c:	04 0f       	add	r16, r20
    180e:	15 1f       	adc	r17, r21
    1810:	eb 01       	movw	r28, r22
    1812:	5e 01       	movw	r10, r28
    1814:	ae 18       	sub	r10, r14
    1816:	bf 08       	sbc	r11, r15
    1818:	c0 17       	cp	r28, r16
    181a:	d1 07       	cpc	r29, r17
    181c:	59 f0       	breq	.+22     	; 0x1834 <_ZN5Print5writeEPKhj+0x42>
    181e:	69 91       	ld	r22, Y+
    1820:	d6 01       	movw	r26, r12
    1822:	ed 91       	ld	r30, X+
    1824:	fc 91       	ld	r31, X
    1826:	01 90       	ld	r0, Z+
    1828:	f0 81       	ld	r31, Z
    182a:	e0 2d       	mov	r30, r0
    182c:	c6 01       	movw	r24, r12
    182e:	09 95       	icall
    1830:	89 2b       	or	r24, r25
    1832:	79 f7       	brne	.-34     	; 0x1812 <_ZN5Print5writeEPKhj+0x20>
    1834:	c5 01       	movw	r24, r10
    1836:	df 91       	pop	r29
    1838:	cf 91       	pop	r28
    183a:	1f 91       	pop	r17
    183c:	0f 91       	pop	r16
    183e:	ff 90       	pop	r15
    1840:	ef 90       	pop	r14
    1842:	df 90       	pop	r13
    1844:	cf 90       	pop	r12
    1846:	bf 90       	pop	r11
    1848:	af 90       	pop	r10
    184a:	08 95       	ret

0000184c <_ZN5Print5writeEPKc.part.2>:
    184c:	fb 01       	movw	r30, r22
    184e:	01 90       	ld	r0, Z+
    1850:	00 20       	and	r0, r0
    1852:	e9 f7       	brne	.-6      	; 0x184e <_ZN5Print5writeEPKc.part.2+0x2>
    1854:	31 97       	sbiw	r30, 0x01	; 1
    1856:	af 01       	movw	r20, r30
    1858:	46 1b       	sub	r20, r22
    185a:	57 0b       	sbc	r21, r23
    185c:	dc 01       	movw	r26, r24
    185e:	ed 91       	ld	r30, X+
    1860:	fc 91       	ld	r31, X
    1862:	02 80       	ldd	r0, Z+2	; 0x02
    1864:	f3 81       	ldd	r31, Z+3	; 0x03
    1866:	e0 2d       	mov	r30, r0
    1868:	09 94       	ijmp

0000186a <_ZN5Print5printEPKc>:
    int getWriteError() { return write_error; }
    void clearWriteError() { setWriteError(0); }
  
    virtual size_t write(uint8_t) = 0;
    size_t write(const char *str) {
      if (str == NULL) return 0;
    186a:	61 15       	cp	r22, r1
    186c:	71 05       	cpc	r23, r1
    186e:	11 f0       	breq	.+4      	; 0x1874 <_ZN5Print5printEPKc+0xa>
    1870:	0c 94 26 0c 	jmp	0x184c	; 0x184c <_ZN5Print5writeEPKc.part.2>
}

size_t Print::print(const char str[])
{
  return write(str);
}
    1874:	90 e0       	ldi	r25, 0x00	; 0
    1876:	80 e0       	ldi	r24, 0x00	; 0
    1878:	08 95       	ret

0000187a <yield>:
 * Its defined as a weak symbol and it can be redefined to implement a
 * real cooperative scheduler.
 */
static void __empty() {
	// Empty
}
    187a:	08 95       	ret

0000187c <osEE_avr8_system_timer_init>:
#define OSEE_AVR8_TIMER0_COMPA  (1U)

#if	(defined(OSEE_SYSTEM_TIMER_DEVICE))
#if	(OSEE_SYSTEM_TIMER_DEVICE == OSEE_AVR8_TIMER1_COMPA)
void osEE_avr8_system_timer_init(void) {
  OsEE_atmega_startTimer1(OSTICKDURATION / OSEE_KILO);
    187c:	68 ee       	ldi	r22, 0xE8	; 232
    187e:	73 e0       	ldi	r23, 0x03	; 3
    1880:	80 e0       	ldi	r24, 0x00	; 0
    1882:	90 e0       	ldi	r25, 0x00	; 0
    1884:	0c 94 33 13 	jmp	0x2666	; 0x2666 <OsEE_atmega_startTimer1>

00001888 <osEE_avr8_system_timer_handler>:
	 */
#endif	/* OSEE_SYSTEM_TIMER_DEVICE */

ISR2(osEE_avr8_system_timer_handler) {
  OsEE_CDB * p_cdb = osEE_get_curr_core();
  osEE_counter_increment(p_cdb->p_sys_counter_db);
    1888:	80 91 18 02 	lds	r24, 0x0218	; 0x800218 <osEE_cdb_var+0x6>
    188c:	90 91 19 02 	lds	r25, 0x0219	; 0x800219 <osEE_cdb_var+0x7>
    1890:	0c 94 b0 11 	jmp	0x2360	; 0x2360 <osEE_counter_increment>

00001894 <StartOS>:
#endif /* OSEE_HAS_ERRORHOOK */

  osEE_orti_trace_service_exit(p_ccb, OSServiceId_GetAlarmBase);

  return ev;
}
    1894:	4f 92       	push	r4
    1896:	5f 92       	push	r5
    1898:	6f 92       	push	r6
    189a:	7f 92       	push	r7
    189c:	8f 92       	push	r8
    189e:	9f 92       	push	r9
    18a0:	af 92       	push	r10
    18a2:	bf 92       	push	r11
    18a4:	cf 92       	push	r12
    18a6:	df 92       	push	r13
    18a8:	ef 92       	push	r14
    18aa:	ff 92       	push	r15
    18ac:	0f 93       	push	r16
    18ae:	1f 93       	push	r17
    18b0:	cf 93       	push	r28
    18b2:	df 93       	push	r29
    18b4:	00 d0       	rcall	.+0      	; 0x18b6 <StartOS+0x22>
    18b6:	cd b7       	in	r28, 0x3d	; 61
    18b8:	de b7       	in	r29, 0x3e	; 62
    18ba:	00 91 12 02 	lds	r16, 0x0212	; 0x800212 <osEE_cdb_var>
    18be:	10 91 13 02 	lds	r17, 0x0213	; 0x800213 <osEE_cdb_var+0x1>
    18c2:	9f b7       	in	r25, 0x3f	; 63
    18c4:	f8 94       	cli
    18c6:	d8 01       	movw	r26, r16
    18c8:	18 96       	adiw	r26, 0x08	; 8
    18ca:	2d 91       	ld	r18, X+
    18cc:	3c 91       	ld	r19, X
    18ce:	23 2b       	or	r18, r19
    18d0:	b1 f0       	breq	.+44     	; 0x18fe <StartOS+0x6a>
    18d2:	9f bf       	out	0x3f, r25	; 63
    18d4:	81 e0       	ldi	r24, 0x01	; 1
    18d6:	90 e0       	ldi	r25, 0x00	; 0
    18d8:	0f 90       	pop	r0
    18da:	0f 90       	pop	r0
    18dc:	df 91       	pop	r29
    18de:	cf 91       	pop	r28
    18e0:	1f 91       	pop	r17
    18e2:	0f 91       	pop	r16
    18e4:	ff 90       	pop	r15
    18e6:	ef 90       	pop	r14
    18e8:	df 90       	pop	r13
    18ea:	cf 90       	pop	r12
    18ec:	bf 90       	pop	r11
    18ee:	af 90       	pop	r10
    18f0:	9f 90       	pop	r9
    18f2:	8f 90       	pop	r8
    18f4:	7f 90       	pop	r7
    18f6:	6f 90       	pop	r6
    18f8:	5f 90       	pop	r5
    18fa:	4f 90       	pop	r4
    18fc:	08 95       	ret
    18fe:	e8 2e       	mov	r14, r24
    1900:	89 e0       	ldi	r24, 0x09	; 9
    1902:	93 e1       	ldi	r25, 0x13	; 19
    1904:	9a 83       	std	Y+2, r25	; 0x02
    1906:	89 83       	std	Y+1, r24	; 0x01
    1908:	0e 94 3e 0c 	call	0x187c	; 0x187c <osEE_avr8_system_timer_init>
    190c:	c0 90 16 02 	lds	r12, 0x0216	; 0x800216 <osEE_cdb_var+0x4>
    1910:	d0 90 17 02 	lds	r13, 0x0217	; 0x800217 <osEE_cdb_var+0x5>
    1914:	81 e0       	ldi	r24, 0x01	; 1
    1916:	90 e0       	ldi	r25, 0x00	; 0
    1918:	f8 01       	movw	r30, r16
    191a:	91 87       	std	Z+9, r25	; 0x09
    191c:	80 87       	std	Z+8, r24	; 0x08
    191e:	e2 86       	std	Z+10, r14	; 0x0a
    1920:	0e 94 e7 03 	call	0x7ce	; 0x7ce <StartupHook>
    1924:	60 90 1e 02 	lds	r6, 0x021E	; 0x80021e <osEE_cdb_var+0xc>
    1928:	70 90 1f 02 	lds	r7, 0x021F	; 0x80021f <osEE_cdb_var+0xd>
    192c:	f4 e0       	ldi	r31, 0x04	; 4
    192e:	ef 9e       	mul	r14, r31
    1930:	70 01       	movw	r14, r0
    1932:	11 24       	eor	r1, r1
    1934:	6e 0c       	add	r6, r14
    1936:	7f 1c       	adc	r7, r15
    1938:	d3 01       	movw	r26, r6
    193a:	12 96       	adiw	r26, 0x02	; 2
    193c:	8d 90       	ld	r8, X+
    193e:	9c 90       	ld	r9, X
    1940:	b1 2c       	mov	r11, r1
    1942:	a1 2c       	mov	r10, r1
    1944:	46 e0       	ldi	r20, 0x06	; 6
    1946:	54 2e       	mov	r5, r20
    1948:	a8 14       	cp	r10, r8
    194a:	b9 04       	cpc	r11, r9
    194c:	91 f5       	brne	.+100    	; 0x19b2 <StartOS+0x11e>
    194e:	40 90 1a 02 	lds	r4, 0x021A	; 0x80021a <osEE_cdb_var+0x8>
    1952:	50 90 1b 02 	lds	r5, 0x021B	; 0x80021b <osEE_cdb_var+0x9>
    1956:	58 01       	movw	r10, r16
    1958:	e2 e0       	ldi	r30, 0x02	; 2
    195a:	ae 0e       	add	r10, r30
    195c:	b1 1c       	adc	r11, r1
    195e:	4e 0c       	add	r4, r14
    1960:	5f 1c       	adc	r5, r15
    1962:	d2 01       	movw	r26, r4
    1964:	12 96       	adiw	r26, 0x02	; 2
    1966:	6d 90       	ld	r6, X+
    1968:	7c 90       	ld	r7, X
    196a:	f1 2c       	mov	r15, r1
    196c:	e1 2c       	mov	r14, r1
    196e:	88 24       	eor	r8, r8
    1970:	83 94       	inc	r8
    1972:	91 2c       	mov	r9, r1
    1974:	e6 14       	cp	r14, r6
    1976:	f7 04       	cpc	r15, r7
    1978:	b1 f5       	brne	.+108    	; 0x19e6 <StartOS+0x152>
    197a:	f8 01       	movw	r30, r16
    197c:	80 85       	ldd	r24, Z+8	; 0x08
    197e:	91 85       	ldd	r25, Z+9	; 0x09
    1980:	01 97       	sbiw	r24, 0x01	; 1
    1982:	21 f4       	brne	.+8      	; 0x198c <StartOS+0xf8>
    1984:	82 e0       	ldi	r24, 0x02	; 2
    1986:	90 e0       	ldi	r25, 0x00	; 0
    1988:	91 87       	std	Z+9, r25	; 0x09
    198a:	80 87       	std	Z+8, r24	; 0x08
    198c:	d8 01       	movw	r26, r16
    198e:	18 96       	adiw	r26, 0x08	; 8
    1990:	8d 91       	ld	r24, X+
    1992:	9c 91       	ld	r25, X
    1994:	02 97       	sbiw	r24, 0x02	; 2
    1996:	51 f4       	brne	.+20     	; 0x19ac <StartOS+0x118>
    1998:	f6 01       	movw	r30, r12
    199a:	62 81       	ldd	r22, Z+2	; 0x02
    199c:	73 81       	ldd	r23, Z+3	; 0x03
    199e:	ab 01       	movw	r20, r22
    19a0:	c6 01       	movw	r24, r12
    19a2:	0e 94 12 01 	call	0x224	; 0x224 <osEE_hal_save_ctx_and_ready2stacked>
    19a6:	c6 01       	movw	r24, r12
    19a8:	0e 94 dd 0f 	call	0x1fba	; 0x1fba <osEE_task_end>
    19ac:	90 e0       	ldi	r25, 0x00	; 0
    19ae:	80 e0       	ldi	r24, 0x00	; 0
    19b0:	93 cf       	rjmp	.-218    	; 0x18d8 <StartOS+0x44>
    19b2:	d3 01       	movw	r26, r6
    19b4:	ed 91       	ld	r30, X+
    19b6:	fc 91       	ld	r31, X
    19b8:	5a 9c       	mul	r5, r10
    19ba:	c0 01       	movw	r24, r0
    19bc:	5b 9c       	mul	r5, r11
    19be:	90 0d       	add	r25, r0
    19c0:	11 24       	eor	r1, r1
    19c2:	e8 0f       	add	r30, r24
    19c4:	f9 1f       	adc	r31, r25
    19c6:	a0 81       	ld	r26, Z
    19c8:	b1 81       	ldd	r27, Z+1	; 0x01
    19ca:	24 81       	ldd	r18, Z+4	; 0x04
    19cc:	35 81       	ldd	r19, Z+5	; 0x05
    19ce:	42 81       	ldd	r20, Z+2	; 0x02
    19d0:	53 81       	ldd	r21, Z+3	; 0x03
    19d2:	bd 01       	movw	r22, r26
    19d4:	12 96       	adiw	r26, 0x02	; 2
    19d6:	8d 91       	ld	r24, X+
    19d8:	9c 91       	ld	r25, X
    19da:	0e 94 76 12 	call	0x24ec	; 0x24ec <osEE_alarm_set_rel>
    19de:	bf ef       	ldi	r27, 0xFF	; 255
    19e0:	ab 1a       	sub	r10, r27
    19e2:	bb 0a       	sbc	r11, r27
    19e4:	b1 cf       	rjmp	.-158    	; 0x1948 <StartOS+0xb4>
    19e6:	d2 01       	movw	r26, r4
    19e8:	ed 91       	ld	r30, X+
    19ea:	fc 91       	ld	r31, X
    19ec:	c7 01       	movw	r24, r14
    19ee:	88 0f       	add	r24, r24
    19f0:	99 1f       	adc	r25, r25
    19f2:	e8 0f       	add	r30, r24
    19f4:	f9 1f       	adc	r31, r25
    19f6:	40 81       	ld	r20, Z
    19f8:	51 81       	ldd	r21, Z+1	; 0x01
    19fa:	da 01       	movw	r26, r20
    19fc:	14 96       	adiw	r26, 0x04	; 4
    19fe:	ed 91       	ld	r30, X+
    1a00:	fc 91       	ld	r31, X
    1a02:	80 81       	ld	r24, Z
    1a04:	8f 5f       	subi	r24, 0xFF	; 255
    1a06:	80 83       	st	Z, r24
    1a08:	93 82       	std	Z+3, r9	; 0x03
    1a0a:	82 82       	std	Z+2, r8	; 0x02
    1a0c:	f8 01       	movw	r30, r16
    1a0e:	64 81       	ldd	r22, Z+4	; 0x04
    1a10:	75 81       	ldd	r23, Z+5	; 0x05
    1a12:	db 01       	movw	r26, r22
    1a14:	8d 91       	ld	r24, X+
    1a16:	9c 91       	ld	r25, X
    1a18:	11 97       	sbiw	r26, 0x01	; 1
    1a1a:	95 83       	std	Z+5, r25	; 0x05
    1a1c:	84 83       	std	Z+4, r24	; 0x04
    1a1e:	1d 92       	st	X+, r1
    1a20:	1c 92       	st	X, r1
    1a22:	c5 01       	movw	r24, r10
    1a24:	0e 94 9a 0f 	call	0x1f34	; 0x1f34 <osEE_scheduler_rq_insert>
    1a28:	bf ef       	ldi	r27, 0xFF	; 255
    1a2a:	eb 1a       	sub	r14, r27
    1a2c:	fb 0a       	sbc	r15, r27
    1a2e:	a2 cf       	rjmp	.-188    	; 0x1974 <StartOS+0xe0>

00001a30 <TerminateTask>:
    1a30:	e0 91 12 02 	lds	r30, 0x0212	; 0x800212 <osEE_cdb_var>
    1a34:	f0 91 13 02 	lds	r31, 0x0213	; 0x800213 <osEE_cdb_var+0x1>
    1a38:	a0 81       	ld	r26, Z
    1a3a:	b1 81       	ldd	r27, Z+1	; 0x01
    1a3c:	87 85       	ldd	r24, Z+15	; 0x0f
    1a3e:	88 23       	and	r24, r24
    1a40:	19 f0       	breq	.+6      	; 0x1a48 <TerminateTask+0x18>
    1a42:	17 86       	std	Z+15, r1	; 0x0f
    1a44:	85 85       	ldd	r24, Z+13	; 0x0d
    1a46:	8f bf       	out	0x3f, r24	; 63
    1a48:	81 89       	ldd	r24, Z+17	; 0x11
    1a4a:	88 23       	and	r24, r24
    1a4c:	11 f0       	breq	.+4      	; 0x1a52 <TerminateTask+0x22>
    1a4e:	11 8a       	std	Z+17, r1	; 0x11
    1a50:	78 94       	sei
    1a52:	8f b7       	in	r24, 0x3f	; 63
    1a54:	f8 94       	cli
    1a56:	61 ef       	ldi	r22, 0xF1	; 241
    1a58:	72 e1       	ldi	r23, 0x12	; 18
    1a5a:	12 96       	adiw	r26, 0x02	; 2
    1a5c:	8d 91       	ld	r24, X+
    1a5e:	9c 91       	ld	r25, X
    1a60:	0e 94 32 01 	call	0x264	; 0x264 <osEE_hal_terminate_ctx>

00001a64 <GetResource>:
    1a64:	cf 93       	push	r28
    1a66:	df 93       	push	r29
    1a68:	90 e0       	ldi	r25, 0x00	; 0
    1a6a:	20 91 08 02 	lds	r18, 0x0208	; 0x800208 <osEE_kdb_var+0x8>
    1a6e:	30 91 09 02 	lds	r19, 0x0209	; 0x800209 <osEE_kdb_var+0x9>
    1a72:	82 17       	cp	r24, r18
    1a74:	93 07       	cpc	r25, r19
    1a76:	80 f5       	brcc	.+96     	; 0x1ad8 <GetResource+0x74>
    1a78:	e0 91 12 02 	lds	r30, 0x0212	; 0x800212 <osEE_cdb_var>
    1a7c:	f0 91 13 02 	lds	r31, 0x0213	; 0x800213 <osEE_cdb_var+0x1>
    1a80:	40 81       	ld	r20, Z
    1a82:	51 81       	ldd	r21, Z+1	; 0x01
    1a84:	20 91 06 02 	lds	r18, 0x0206	; 0x800206 <osEE_kdb_var+0x6>
    1a88:	30 91 07 02 	lds	r19, 0x0207	; 0x800207 <osEE_kdb_var+0x7>
    1a8c:	88 0f       	add	r24, r24
    1a8e:	99 1f       	adc	r25, r25
    1a90:	82 0f       	add	r24, r18
    1a92:	93 1f       	adc	r25, r19
    1a94:	dc 01       	movw	r26, r24
    1a96:	6d 91       	ld	r22, X+
    1a98:	7c 91       	ld	r23, X
    1a9a:	fb 01       	movw	r30, r22
    1a9c:	c0 81       	ld	r28, Z
    1a9e:	d1 81       	ldd	r29, Z+1	; 0x01
    1aa0:	da 01       	movw	r26, r20
    1aa2:	14 96       	adiw	r26, 0x04	; 4
    1aa4:	ed 91       	ld	r30, X+
    1aa6:	fc 91       	ld	r31, X
    1aa8:	db 01       	movw	r26, r22
    1aaa:	12 96       	adiw	r26, 0x02	; 2
    1aac:	9c 91       	ld	r25, X
    1aae:	81 81       	ldd	r24, Z+1	; 0x01
    1ab0:	2f b7       	in	r18, 0x3f	; 63
    1ab2:	f8 94       	cli
    1ab4:	89 17       	cp	r24, r25
    1ab6:	08 f4       	brcc	.+2      	; 0x1aba <GetResource+0x56>
    1ab8:	91 83       	std	Z+1, r25	; 0x01
    1aba:	5c 83       	std	Y+4, r21	; 0x04
    1abc:	4b 83       	std	Y+3, r20	; 0x03
    1abe:	2f bf       	out	0x3f, r18	; 63
    1ac0:	24 81       	ldd	r18, Z+4	; 0x04
    1ac2:	35 81       	ldd	r19, Z+5	; 0x05
    1ac4:	39 83       	std	Y+1, r19	; 0x01
    1ac6:	28 83       	st	Y, r18
    1ac8:	8a 83       	std	Y+2, r24	; 0x02
    1aca:	75 83       	std	Z+5, r23	; 0x05
    1acc:	64 83       	std	Z+4, r22	; 0x04
    1ace:	90 e0       	ldi	r25, 0x00	; 0
    1ad0:	80 e0       	ldi	r24, 0x00	; 0
    1ad2:	df 91       	pop	r29
    1ad4:	cf 91       	pop	r28
    1ad6:	08 95       	ret
    1ad8:	83 e0       	ldi	r24, 0x03	; 3
    1ada:	90 e0       	ldi	r25, 0x00	; 0
    1adc:	fa cf       	rjmp	.-12     	; 0x1ad2 <GetResource+0x6e>

00001ade <ReleaseResource>:
    1ade:	1f 93       	push	r17
    1ae0:	cf 93       	push	r28
    1ae2:	df 93       	push	r29
    1ae4:	90 e0       	ldi	r25, 0x00	; 0
    1ae6:	20 91 08 02 	lds	r18, 0x0208	; 0x800208 <osEE_kdb_var+0x8>
    1aea:	30 91 09 02 	lds	r19, 0x0209	; 0x800209 <osEE_kdb_var+0x9>
    1aee:	82 17       	cp	r24, r18
    1af0:	93 07       	cpc	r25, r19
    1af2:	c0 f5       	brcc	.+112    	; 0x1b64 <ReleaseResource+0x86>
    1af4:	e0 91 12 02 	lds	r30, 0x0212	; 0x800212 <osEE_cdb_var>
    1af8:	f0 91 13 02 	lds	r31, 0x0213	; 0x800213 <osEE_cdb_var+0x1>
    1afc:	c0 81       	ld	r28, Z
    1afe:	d1 81       	ldd	r29, Z+1	; 0x01
    1b00:	ec 81       	ldd	r30, Y+4	; 0x04
    1b02:	fd 81       	ldd	r31, Y+5	; 0x05
    1b04:	20 91 06 02 	lds	r18, 0x0206	; 0x800206 <osEE_kdb_var+0x6>
    1b08:	30 91 07 02 	lds	r19, 0x0207	; 0x800207 <osEE_kdb_var+0x7>
    1b0c:	88 0f       	add	r24, r24
    1b0e:	99 1f       	adc	r25, r25
    1b10:	82 0f       	add	r24, r18
    1b12:	93 1f       	adc	r25, r19
    1b14:	dc 01       	movw	r26, r24
    1b16:	8d 91       	ld	r24, X+
    1b18:	9c 91       	ld	r25, X
    1b1a:	dc 01       	movw	r26, r24
    1b1c:	2d 91       	ld	r18, X+
    1b1e:	3c 91       	ld	r19, X
    1b20:	1f b7       	in	r17, 0x3f	; 63
    1b22:	f8 94       	cli
    1b24:	84 81       	ldd	r24, Z+4	; 0x04
    1b26:	95 81       	ldd	r25, Z+5	; 0x05
    1b28:	dc 01       	movw	r26, r24
    1b2a:	8d 91       	ld	r24, X+
    1b2c:	9c 91       	ld	r25, X
    1b2e:	dc 01       	movw	r26, r24
    1b30:	8d 91       	ld	r24, X+
    1b32:	9c 91       	ld	r25, X
    1b34:	95 83       	std	Z+5, r25	; 0x05
    1b36:	84 83       	std	Z+4, r24	; 0x04
    1b38:	89 2b       	or	r24, r25
    1b3a:	91 f0       	breq	.+36     	; 0x1b60 <ReleaseResource+0x82>
    1b3c:	d9 01       	movw	r26, r18
    1b3e:	12 96       	adiw	r26, 0x02	; 2
    1b40:	8c 91       	ld	r24, X
    1b42:	81 83       	std	Z+1, r24	; 0x01
    1b44:	f9 01       	movw	r30, r18
    1b46:	14 82       	std	Z+4, r1	; 0x04
    1b48:	13 82       	std	Z+3, r1	; 0x03
    1b4a:	80 e0       	ldi	r24, 0x00	; 0
    1b4c:	92 e0       	ldi	r25, 0x02	; 2
    1b4e:	0e 94 ea 10 	call	0x21d4	; 0x21d4 <osEE_scheduler_task_preemption_point>
    1b52:	1f bf       	out	0x3f, r17	; 63
    1b54:	90 e0       	ldi	r25, 0x00	; 0
    1b56:	80 e0       	ldi	r24, 0x00	; 0
    1b58:	df 91       	pop	r29
    1b5a:	cf 91       	pop	r28
    1b5c:	1f 91       	pop	r17
    1b5e:	08 95       	ret
    1b60:	8c 85       	ldd	r24, Y+12	; 0x0c
    1b62:	ef cf       	rjmp	.-34     	; 0x1b42 <ReleaseResource+0x64>
    1b64:	83 e0       	ldi	r24, 0x03	; 3
    1b66:	90 e0       	ldi	r25, 0x00	; 0
    1b68:	f7 cf       	rjmp	.-18     	; 0x1b58 <ReleaseResource+0x7a>

00001b6a <SetRelAlarm>:
    1b6a:	cf 93       	push	r28
    1b6c:	90 e0       	ldi	r25, 0x00	; 0
    1b6e:	20 91 10 02 	lds	r18, 0x0210	; 0x800210 <osEE_kdb_var+0x10>
    1b72:	30 91 11 02 	lds	r19, 0x0211	; 0x800211 <osEE_kdb_var+0x11>
    1b76:	82 17       	cp	r24, r18
    1b78:	93 07       	cpc	r25, r19
    1b7a:	b0 f4       	brcc	.+44     	; 0x1ba8 <SetRelAlarm+0x3e>
    1b7c:	9a 01       	movw	r18, r20
    1b7e:	ab 01       	movw	r20, r22
    1b80:	e0 91 0e 02 	lds	r30, 0x020E	; 0x80020e <osEE_kdb_var+0xe>
    1b84:	f0 91 0f 02 	lds	r31, 0x020F	; 0x80020f <osEE_kdb_var+0xf>
    1b88:	88 0f       	add	r24, r24
    1b8a:	99 1f       	adc	r25, r25
    1b8c:	e8 0f       	add	r30, r24
    1b8e:	f9 1f       	adc	r31, r25
    1b90:	60 81       	ld	r22, Z
    1b92:	71 81       	ldd	r23, Z+1	; 0x01
    1b94:	fb 01       	movw	r30, r22
    1b96:	82 81       	ldd	r24, Z+2	; 0x02
    1b98:	93 81       	ldd	r25, Z+3	; 0x03
    1b9a:	cf b7       	in	r28, 0x3f	; 63
    1b9c:	f8 94       	cli
    1b9e:	0e 94 76 12 	call	0x24ec	; 0x24ec <osEE_alarm_set_rel>
    1ba2:	cf bf       	out	0x3f, r28	; 63
    1ba4:	cf 91       	pop	r28
    1ba6:	08 95       	ret
    1ba8:	83 e0       	ldi	r24, 0x03	; 3
    1baa:	90 e0       	ldi	r25, 0x00	; 0
    1bac:	fb cf       	rjmp	.-10     	; 0x1ba4 <SetRelAlarm+0x3a>

00001bae <WaitEvent>:
FUNC(StatusType, OS_CODE)
  WaitEvent
(
  VAR(EventMaskType, AUTOMATIC) Mask
)
{
    1bae:	df 92       	push	r13
    1bb0:	ef 92       	push	r14
    1bb2:	ff 92       	push	r15
    1bb4:	0f 93       	push	r16
    1bb6:	1f 93       	push	r17
    1bb8:	cf 93       	push	r28
    1bba:	df 93       	push	r29
  VAR(StatusType, AUTOMATIC)  ev;
  CONSTP2VAR(OsEE_CDB, AUTOMATIC, OS_APPL_DATA)
    p_cdb       = osEE_get_curr_core();
  CONSTP2VAR(OsEE_CCB, AUTOMATIC, OS_APPL_DATA)
    p_ccb       = p_cdb->p_ccb;
    1bbc:	00 91 12 02 	lds	r16, 0x0212	; 0x800212 <osEE_cdb_var>
    1bc0:	10 91 13 02 	lds	r17, 0x0213	; 0x800213 <osEE_cdb_var+0x1>
  CONSTP2VAR(OsEE_TDB, AUTOMATIC, OS_APPL_DATA)
    p_curr      = p_ccb->p_curr;
    1bc4:	f8 01       	movw	r30, r16
    1bc6:	e0 80       	ld	r14, Z
    1bc8:	f1 80       	ldd	r15, Z+1	; 0x01
  CONSTP2VAR(OsEE_TCB, AUTOMATIC, OS_APPL_DATA)
    p_curr_tcb  = p_curr->p_tcb;
    1bca:	f7 01       	movw	r30, r14
    1bcc:	c4 81       	ldd	r28, Z+4	; 0x04
    1bce:	d5 81       	ldd	r29, Z+5	; 0x05
}

/* Suspend/Resume Interrupts */
OSEE_STATIC_INLINE OsEE_reg osEE_hal_suspendIRQ ( void )
{
  register OsEE_reg sr = SREG;
    1bd0:	df b6       	in	r13, 0x3f	; 63
 =============================================================================*/

/* Disable/Enable Interrupts */
OSEE_STATIC_INLINE void osEE_hal_disableIRQ( void )
{
  cli();
    1bd2:	f8 94       	cli
    /* Start Critical Section */
    CONST(OsEE_reg, AUTOMATIC) flags = osEE_begin_primitive();
    osEE_lock_core(p_cdb);

    /* Check if we have to wait */
    if ((p_curr_tcb->event_mask & Mask) == 0U) {
    1bd4:	28 85       	ldd	r18, Y+8	; 0x08
    1bd6:	39 85       	ldd	r19, Y+9	; 0x09
    1bd8:	28 23       	and	r18, r24
    1bda:	39 23       	and	r19, r25
    1bdc:	23 2b       	or	r18, r19
    1bde:	b9 f4       	brne	.+46     	; 0x1c0e <WaitEvent+0x60>
      /* Set the waiting mask */
      p_curr_tcb->wait_mask = Mask;
    1be0:	9f 83       	std	Y+7, r25	; 0x07
    1be2:	8e 83       	std	Y+6, r24	; 0x06

      p_curr_tcb->p_own_sn =
        osEE_scheduler_core_pop_running(p_cdb, &p_ccb->rq);
    1be4:	b8 01       	movw	r22, r16
    1be6:	6e 5f       	subi	r22, 0xFE	; 254
    1be8:	7f 4f       	sbci	r23, 0xFF	; 255
    1bea:	82 e1       	ldi	r24, 0x12	; 18
    1bec:	92 e0       	ldi	r25, 0x02	; 2
    1bee:	0e 94 a1 0f 	call	0x1f42	; 0x1f42 <osEE_scheduler_core_pop_running>
    /* Check if we have to wait */
    if ((p_curr_tcb->event_mask & Mask) == 0U) {
      /* Set the waiting mask */
      p_curr_tcb->wait_mask = Mask;

      p_curr_tcb->p_own_sn =
    1bf2:	9b 87       	std	Y+11, r25	; 0x0b
    1bf4:	8a 87       	std	Y+10, r24	; 0x0a
        osEE_scheduler_core_pop_running(p_cdb, &p_ccb->rq);

      p_curr_tcb->status = OSEE_TASK_WAITING;
    1bf6:	83 e0       	ldi	r24, 0x03	; 3
    1bf8:	90 e0       	ldi	r25, 0x00	; 0
    1bfa:	9b 83       	std	Y+3, r25	; 0x03
    1bfc:	8a 83       	std	Y+2, r24	; 0x02

      osEE_unlock_core(p_cdb);

      osEE_change_context_from_running(p_curr, p_ccb->p_curr);
    1bfe:	f8 01       	movw	r30, r16
    1c00:	60 81       	ld	r22, Z
    1c02:	71 81       	ldd	r23, Z+1	; 0x01
    1c04:	c7 01       	movw	r24, r14
    1c06:	0e 94 b0 12 	call	0x2560	; 0x2560 <osEE_change_context_from_running>

      /* Reset the waiting mask when we exit from the wait condition. */
      p_curr_tcb->wait_mask = 0U;
    1c0a:	1f 82       	std	Y+7, r1	; 0x07
    1c0c:	1e 82       	std	Y+6, r1	; 0x06
}

OSEE_STATIC_INLINE void osEE_hal_resumeIRQ ( OsEE_reg flags )
{
  OSEE_BARRIER();
  SREG = flags;
    1c0e:	df be       	out	0x3f, r13	; 63
#endif /* OSEE_HAS_ERRORHOOK */

  osEE_orti_trace_service_exit(p_ccb, OSServiceId_WaitEvent);

  return ev;
}
    1c10:	90 e0       	ldi	r25, 0x00	; 0
    1c12:	80 e0       	ldi	r24, 0x00	; 0
    1c14:	df 91       	pop	r29
    1c16:	cf 91       	pop	r28
    1c18:	1f 91       	pop	r17
    1c1a:	0f 91       	pop	r16
    1c1c:	ff 90       	pop	r15
    1c1e:	ef 90       	pop	r14
    1c20:	df 90       	pop	r13
    1c22:	08 95       	ret

00001c24 <SetEvent>:
  SetEvent
(
  VAR(TaskType,      AUTOMATIC) TaskID,
  VAR(EventMaskType, AUTOMATIC) Mask
)
{
    1c24:	1f 93       	push	r17
    1c26:	cf 93       	push	r28
    1c28:	df 93       	push	r29
    1c2a:	00 d0       	rcall	.+0      	; 0x1c2c <SetEvent+0x8>
    1c2c:	cd b7       	in	r28, 0x3d	; 61
    1c2e:	de b7       	in	r29, 0x3e	; 62
)
{
#if (defined(OSEE_API_DYNAMIC))
  return (tid < p_kdb->p_kcb->free_task_index);
#else
  return (tid < p_kdb->tdb_array_size);
    1c30:	90 e0       	ldi	r25, 0x00	; 0
  osEE_stack_monitoring(p_cdb);
#endif /* OSEE_HAS_CHECKS */
#else
  osEE_stack_monitoring(p_cdb);
#endif /* OSEE_HAS_CHECKS || OSEE_HAS_ERRORHOOK || OSEE_HAS_ORTI */
  if (!osEE_is_valid_tid(p_kdb, TaskID)) {
    1c32:	20 91 04 02 	lds	r18, 0x0204	; 0x800204 <osEE_kdb_var+0x4>
    1c36:	30 91 05 02 	lds	r19, 0x0205	; 0x800205 <osEE_kdb_var+0x5>
    1c3a:	82 17       	cp	r24, r18
    1c3c:	93 07       	cpc	r25, r19
    1c3e:	60 f0       	brcs	.+24     	; 0x1c58 <SetEvent+0x34>
    ev = E_OS_ID;
    1c40:	83 e0       	ldi	r24, 0x03	; 3
    1c42:	90 e0       	ldi	r25, 0x00	; 0
    1c44:	9a 83       	std	Y+2, r25	; 0x02
    1c46:	89 83       	std	Y+1, r24	; 0x01
#if (defined(OSEE_HAS_ORTI))
  osEE_orti_trace_service_exit(p_ccb, OSServiceId_SetEvent);
#endif /* OSEE_HAS_ORTI */

  return ev;
}
    1c48:	89 81       	ldd	r24, Y+1	; 0x01
    1c4a:	9a 81       	ldd	r25, Y+2	; 0x02
    1c4c:	0f 90       	pop	r0
    1c4e:	0f 90       	pop	r0
    1c50:	df 91       	pop	r29
    1c52:	cf 91       	pop	r28
    1c54:	1f 91       	pop	r17
    1c56:	08 95       	ret
    ev = E_OS_ID;
  } else {
    P2VAR(OsEE_SN, AUTOMATIC, OS_APPL_DATA)
      p_sn;
    CONSTP2VAR(OsEE_TDB, AUTOMATIC, OS_APPL_DATA)
      p_tdb_waking_up = (*p_kdb->p_tdb_ptr_array)[TaskID];
    1c58:	20 91 02 02 	lds	r18, 0x0202	; 0x800202 <osEE_kdb_var+0x2>
    1c5c:	30 91 03 02 	lds	r19, 0x0203	; 0x800203 <osEE_kdb_var+0x3>
    1c60:	88 0f       	add	r24, r24
    1c62:	99 1f       	adc	r25, r25
    1c64:	82 0f       	add	r24, r18
    1c66:	93 1f       	adc	r25, r19
    1c68:	fc 01       	movw	r30, r24
    1c6a:	80 81       	ld	r24, Z
    1c6c:	91 81       	ldd	r25, Z+1	; 0x01
}

/* Suspend/Resume Interrupts */
OSEE_STATIC_INLINE OsEE_reg osEE_hal_suspendIRQ ( void )
{
  register OsEE_reg sr = SREG;
    1c6e:	1f b7       	in	r17, 0x3f	; 63
 =============================================================================*/

/* Disable/Enable Interrupts */
OSEE_STATIC_INLINE void osEE_hal_disableIRQ( void )
{
  cli();
    1c70:	f8 94       	cli
    CONST(OsEE_reg, AUTOMATIC)
      flags = osEE_begin_primitive();

    p_sn = osEE_task_event_set_mask(p_tdb_waking_up, Mask, &ev);
    1c72:	ae 01       	movw	r20, r28
    1c74:	4f 5f       	subi	r20, 0xFF	; 255
    1c76:	5f 4f       	sbci	r21, 0xFF	; 255
    1c78:	0e 94 f2 0f 	call	0x1fe4	; 0x1fe4 <osEE_task_event_set_mask>

    if (p_sn != NULL) {
    1c7c:	00 97       	sbiw	r24, 0x00	; 0
    1c7e:	59 f0       	breq	.+22     	; 0x1c96 <SetEvent+0x72>
      /* Release the TASK (and the SN) */
      if (osEE_scheduler_task_unblocked(p_kdb, p_sn))
    1c80:	bc 01       	movw	r22, r24
    1c82:	80 e0       	ldi	r24, 0x00	; 0
    1c84:	92 e0       	ldi	r25, 0x02	; 2
    1c86:	0e 94 4e 10 	call	0x209c	; 0x209c <osEE_scheduler_task_unblocked>
    1c8a:	89 2b       	or	r24, r25
    1c8c:	21 f0       	breq	.+8      	; 0x1c96 <SetEvent+0x72>
      {
        (void)osEE_scheduler_task_preemption_point(p_kdb);
    1c8e:	80 e0       	ldi	r24, 0x00	; 0
    1c90:	92 e0       	ldi	r25, 0x02	; 2
    1c92:	0e 94 ea 10 	call	0x21d4	; 0x21d4 <osEE_scheduler_task_preemption_point>
}

OSEE_STATIC_INLINE void osEE_hal_resumeIRQ ( OsEE_reg flags )
{
  OSEE_BARRIER();
  SREG = flags;
    1c96:	1f bf       	out	0x3f, r17	; 63
    1c98:	d7 cf       	rjmp	.-82     	; 0x1c48 <SetEvent+0x24>

00001c9a <GetEvent>:
    1c9a:	90 e0       	ldi	r25, 0x00	; 0
  osEE_stack_monitoring(p_cdb);
#endif /* OSEE_HAS_CHECKS */
#else
  osEE_stack_monitoring(p_cdb);
#endif /* OSEE_HAS_CHECKS || OSEE_HAS_ERRORHOOK || OSEE_HAS_ORTI */
  if (!osEE_is_valid_tid(p_kdb, TaskID)) {
    1c9c:	20 91 04 02 	lds	r18, 0x0204	; 0x800204 <osEE_kdb_var+0x4>
    1ca0:	30 91 05 02 	lds	r19, 0x0205	; 0x800205 <osEE_kdb_var+0x5>
    1ca4:	82 17       	cp	r24, r18
    1ca6:	93 07       	cpc	r25, r19
    1ca8:	c8 f4       	brcc	.+50     	; 0x1cdc <GetEvent+0x42>
    ev = E_OS_ID;
  } else
  {
    CONSTP2VAR(OsEE_TDB, AUTOMATIC, OS_APPL_DATA)
      p_tdb_event = (*p_kdb->p_tdb_ptr_array)[TaskID];
    1caa:	20 91 02 02 	lds	r18, 0x0202	; 0x800202 <osEE_kdb_var+0x2>
    1cae:	30 91 03 02 	lds	r19, 0x0203	; 0x800203 <osEE_kdb_var+0x3>
    1cb2:	88 0f       	add	r24, r24
    1cb4:	99 1f       	adc	r25, r25
    1cb6:	82 0f       	add	r24, r18
    1cb8:	93 1f       	adc	r25, r19
    CONSTP2CONST(OsEE_TCB, AUTOMATIC, OS_APPL_DATA)
      p_tcb_event = p_tdb_event->p_tcb;
    1cba:	dc 01       	movw	r26, r24
    1cbc:	ed 91       	ld	r30, X+
    1cbe:	fc 91       	ld	r31, X
    1cc0:	04 80       	ldd	r0, Z+4	; 0x04
    1cc2:	f5 81       	ldd	r31, Z+5	; 0x05
    1cc4:	e0 2d       	mov	r30, r0
    } else
    if (p_tcb_event->status == OSEE_TASK_SUSPENDED) {
      ev = E_OS_STATE;
    } else
#endif /* OSEE_HAS_CHECKS */
    if (Event == NULL) {
    1cc6:	61 15       	cp	r22, r1
    1cc8:	71 05       	cpc	r23, r1
    1cca:	59 f0       	breq	.+22     	; 0x1ce2 <GetEvent+0x48>
      ev = E_OS_PARAM_POINTER;
    } else
    {
      /* N.B. XXX This MUST Be ATOMIC! */
      (*Event) = p_tcb_event->event_mask;
    1ccc:	80 85       	ldd	r24, Z+8	; 0x08
    1cce:	91 85       	ldd	r25, Z+9	; 0x09
    1cd0:	fb 01       	movw	r30, r22
    1cd2:	91 83       	std	Z+1, r25	; 0x01
    1cd4:	80 83       	st	Z, r24

      ev = E_OK;
    1cd6:	90 e0       	ldi	r25, 0x00	; 0
    1cd8:	80 e0       	ldi	r24, 0x00	; 0
    1cda:	08 95       	ret
#endif /* OSEE_HAS_CHECKS */
#else
  osEE_stack_monitoring(p_cdb);
#endif /* OSEE_HAS_CHECKS || OSEE_HAS_ERRORHOOK || OSEE_HAS_ORTI */
  if (!osEE_is_valid_tid(p_kdb, TaskID)) {
    ev = E_OS_ID;
    1cdc:	83 e0       	ldi	r24, 0x03	; 3
    1cde:	90 e0       	ldi	r25, 0x00	; 0
    1ce0:	08 95       	ret
    if (p_tcb_event->status == OSEE_TASK_SUSPENDED) {
      ev = E_OS_STATE;
    } else
#endif /* OSEE_HAS_CHECKS */
    if (Event == NULL) {
      ev = E_OS_PARAM_POINTER;
    1ce2:	8e e0       	ldi	r24, 0x0E	; 14
    1ce4:	90 e0       	ldi	r25, 0x00	; 0
#if (defined(OSEE_HAS_ORTI))
  osEE_orti_trace_service_exit(p_ccb, OSServiceId_GetEvent);
#endif /* OSEE_HAS_ORTI */

  return ev;
}
    1ce6:	08 95       	ret

00001ce8 <ClearEvent>:
#else
  CONSTP2VAR(OsEE_CCB, AUTOMATIC, OS_APPL_DATA)
#endif /* !OSEE_HAS_ORTI && !OSEE_HAS_ERRORHOOK */
    p_ccb       = p_cdb->p_ccb;
  CONSTP2VAR(OsEE_TDB, AUTOMATIC, OS_APPL_DATA)
    p_curr      = p_ccb->p_curr;
    1ce8:	e0 91 12 02 	lds	r30, 0x0212	; 0x800212 <osEE_cdb_var>
    1cec:	f0 91 13 02 	lds	r31, 0x0213	; 0x800213 <osEE_cdb_var+0x1>
  CONSTP2VAR(OsEE_TCB, AUTOMATIC, OS_APPL_DATA)
    p_curr_tcb  = p_curr->p_tcb;
    1cf0:	01 90       	ld	r0, Z+
    1cf2:	f0 81       	ld	r31, Z
    1cf4:	e0 2d       	mov	r30, r0
    1cf6:	04 80       	ldd	r0, Z+4	; 0x04
    1cf8:	f5 81       	ldd	r31, Z+5	; 0x05
    1cfa:	e0 2d       	mov	r30, r0
}

/* Suspend/Resume Interrupts */
OSEE_STATIC_INLINE OsEE_reg osEE_hal_suspendIRQ ( void )
{
  register OsEE_reg sr = SREG;
    1cfc:	4f b7       	in	r20, 0x3f	; 63
 =============================================================================*/

/* Disable/Enable Interrupts */
OSEE_STATIC_INLINE void osEE_hal_disableIRQ( void )
{
  cli();
    1cfe:	f8 94       	cli
    CONST(OsEE_reg, AUTOMATIC)
      flags = osEE_begin_primitive();
    osEE_lock_core(p_cdb);
    /* XXX: Maybe we need to introduce an HAL for atomic Load-Modify-Store
            Operations */
    p_curr_tcb->event_mask &= ~Mask;
    1d00:	9c 01       	movw	r18, r24
    1d02:	20 95       	com	r18
    1d04:	30 95       	com	r19
    1d06:	80 85       	ldd	r24, Z+8	; 0x08
    1d08:	91 85       	ldd	r25, Z+9	; 0x09
    1d0a:	82 23       	and	r24, r18
    1d0c:	93 23       	and	r25, r19
    1d0e:	91 87       	std	Z+9, r25	; 0x09
    1d10:	80 87       	std	Z+8, r24	; 0x08
}

OSEE_STATIC_INLINE void osEE_hal_resumeIRQ ( OsEE_reg flags )
{
  OSEE_BARRIER();
  SREG = flags;
    1d12:	4f bf       	out	0x3f, r20	; 63
#endif /* OSEE_HAS_ERRORHOOK */

  osEE_orti_trace_service_exit(p_ccb, OSServiceId_ClearEvent);

  return ev;
}
    1d14:	90 e0       	ldi	r25, 0x00	; 0
    1d16:	80 e0       	ldi	r24, 0x00	; 0
    1d18:	08 95       	ret

00001d1a <osEE_scheduler_task_wrapper_restore>:
  }

#endif /* OSEE_HAS_ORTI */

  /* Set the TASK status to RUNNING. Before calling PreTaskHook */
  p_tdb_to->p_tcb->status = OSEE_TASK_RUNNING;
    1d1a:	dc 01       	movw	r26, r24
    1d1c:	14 96       	adiw	r26, 0x04	; 4
    1d1e:	ed 91       	ld	r30, X+
    1d20:	fc 91       	ld	r31, X
    1d22:	84 e0       	ldi	r24, 0x04	; 4
    1d24:	90 e0       	ldi	r25, 0x00	; 0
    1d26:	93 83       	std	Z+3, r25	; 0x03
    1d28:	82 83       	std	Z+2, r24	; 0x02
    }
  }
#endif /* OSEE_SCHEDULER_GLOBAL */

  return;
}
    1d2a:	08 95       	ret

00001d2c <osEE_scheduler_task_wrapper_run>:
FUNC(void, OS_CODE)
  osEE_scheduler_task_wrapper_run
(
  P2VAR(OsEE_TDB, AUTOMATIC, OS_APPL_DATA)  p_tdb_to
)
{
    1d2c:	ec 01       	movw	r28, r24
  CONST(TaskPrio, AUTOMATIC) task_priority = p_tdb_to->p_tcb->current_prio;
    1d2e:	ec 81       	ldd	r30, Y+4	; 0x04
    1d30:	fd 81       	ldd	r31, Y+5	; 0x05
    1d32:	81 81       	ldd	r24, Z+1	; 0x01
  }

#endif /* OSEE_HAS_ORTI */

  /* Set the TASK status to RUNNING. Before calling PreTaskHook */
  p_tdb_to->p_tcb->status = OSEE_TASK_RUNNING;
    1d34:	24 e0       	ldi	r18, 0x04	; 4
    1d36:	30 e0       	ldi	r19, 0x00	; 0
    1d38:	33 83       	std	Z+3, r19	; 0x03
    1d3a:	22 83       	std	Z+2, r18	; 0x02
)
{
  CONST(TaskPrio, AUTOMATIC) task_priority = p_tdb_to->p_tcb->current_prio;
  osEE_scheduler_task_wrapper_restore(p_tdb_to);

  if (task_priority < OSEE_ISR_ALL_PRIO) {
    1d3c:	8f 3f       	cpi	r24, 0xFF	; 255
    1d3e:	09 f0       	breq	.+2      	; 0x1d42 <osEE_scheduler_task_wrapper_run+0x16>
  cli();
}

OSEE_STATIC_INLINE void osEE_hal_enableIRQ( void )
{
  sei();
    1d40:	78 94       	sei
    /* Set-up IPL at current TASK level in addition to enable IRQ */
    osEE_hal_set_ipl(task_priority);
    osEE_hal_enableIRQ();
  }
  p_tdb_to->task_func();
    1d42:	e9 85       	ldd	r30, Y+9	; 0x09
    1d44:	fa 85       	ldd	r31, Y+10	; 0x0a
    1d46:	09 95       	icall
)
{
  CONSTP2VAR(OsEE_CDB, AUTOMATIC, OS_APPL_CONST)
    p_cdb = osEE_get_curr_core();
  CONSTP2VAR(OsEE_CCB, AUTOMATIC, OS_APPL_DATA)
    p_ccb = p_cdb->p_ccb;
    1d48:	e0 91 12 02 	lds	r30, 0x0212	; 0x800212 <osEE_cdb_var>
    1d4c:	f0 91 13 02 	lds	r31, 0x0213	; 0x800213 <osEE_cdb_var+0x1>

  /* Reset ISR Counters */
/* [SWS_Os_00239] If a task returns from the entry function without making a
    TerminateTask() or ChainTask() call and interrupts are still disabled,
    the Operating System module shall enable them. */
  p_ccb->s_isr_os_cnt  = 0U;
    1d50:	10 8a       	std	Z+16, r1	; 0x10
  /* I won't re-enable OS Interrupts since I'm going to enter rescheduling
     critical section */
  if (p_ccb->s_isr_all_cnt > 0U) {
    1d52:	87 85       	ldd	r24, Z+15	; 0x0f
    1d54:	88 23       	and	r24, r24
    1d56:	19 f0       	breq	.+6      	; 0x1d5e <osEE_scheduler_task_wrapper_run+0x32>
    p_ccb->s_isr_all_cnt = 0U;
    1d58:	17 86       	std	Z+15, r1	; 0x0f
    osEE_hal_resumeIRQ(p_ccb->prev_s_isr_all_status);
    1d5a:	85 85       	ldd	r24, Z+13	; 0x0d
}

OSEE_STATIC_INLINE void osEE_hal_resumeIRQ ( OsEE_reg flags )
{
  OSEE_BARRIER();
  SREG = flags;
    1d5c:	8f bf       	out	0x3f, r24	; 63
  }
  if (p_ccb->d_isr_all_cnt > 0U) {
    1d5e:	81 89       	ldd	r24, Z+17	; 0x11
    1d60:	88 23       	and	r24, r24
    1d62:	11 f0       	breq	.+4      	; 0x1d68 <osEE_scheduler_task_wrapper_run+0x3c>
    p_ccb->d_isr_all_cnt = 0U;
    1d64:	11 8a       	std	Z+17, r1	; 0x11
  cli();
}

OSEE_STATIC_INLINE void osEE_hal_enableIRQ( void )
{
  sei();
    1d66:	78 94       	sei
}

/* Suspend/Resume Interrupts */
OSEE_STATIC_INLINE OsEE_reg osEE_hal_suspendIRQ ( void )
{
  register OsEE_reg sr = SREG;
    1d68:	8f b7       	in	r24, 0x3f	; 63
 =============================================================================*/

/* Disable/Enable Interrupts */
OSEE_STATIC_INLINE void osEE_hal_disableIRQ( void )
{
  cli();
    1d6a:	f8 94       	cli

  (void)osEE_begin_primitive();

  osEE_stack_monitoring(p_cdb);

  if (p_to_term->task_type == OSEE_TASK_TYPE_ISR2) {
    1d6c:	8f 81       	ldd	r24, Y+7	; 0x07
    1d6e:	98 85       	ldd	r25, Y+8	; 0x08
    1d70:	ec 81       	ldd	r30, Y+4	; 0x04
    1d72:	fd 81       	ldd	r31, Y+5	; 0x05
    1d74:	02 97       	sbiw	r24, 0x02	; 2
    1d76:	09 f5       	brne	.+66     	; 0x1dba <osEE_scheduler_task_wrapper_run+0x8e>
)
{
  P2VAR(OsEE_MDB, AUTOMATIC, OS_APPL_CONST)     p_mdb = NULL;
  CONSTP2VAR(OsEE_TCB, AUTOMATIC, OS_APPL_DATA) p_tcb = p_tdb->p_tcb;

  while ((p_tcb->p_last_m != NULL)
    1d78:	a4 81       	ldd	r26, Z+4	; 0x04
    1d7a:	b5 81       	ldd	r27, Z+5	; 0x05
    1d7c:	10 97       	sbiw	r26, 0x00	; 0
    1d7e:	31 f4       	brne	.+12     	; 0x1d8c <osEE_scheduler_task_wrapper_run+0x60>
(
  P2VAR(OsEE_HDB, AUTOMATIC, OS_APPL_DATA)  p_to_term,
  VAR(OsEE_kernel_cb, AUTOMATIC)            kernel_cb
)
{
  osEE_hal_terminate_ctx(p_to_term->p_scb, kernel_cb);
    1d80:	61 ef       	ldi	r22, 0xF1	; 241
    1d82:	72 e1       	ldi	r23, 0x12	; 18
    1d84:	8a 81       	ldd	r24, Y+2	; 0x02
    1d86:	9b 81       	ldd	r25, Y+3	; 0x03
    1d88:	0e 94 32 01 	call	0x264	; 0x264 <osEE_hal_terminate_ctx>
    && (p_tcb->p_last_m->p_cb->p_owner == p_tdb)
#endif /* OSEE_HAS_SPINLOCKS */
  )
  {
    CONSTP2VAR(OsEE_MCB, AUTOMATIC, OS_APPL_DATA)
      p_last_m_cb = p_tcb->p_last_m->p_cb;
    1d8c:	0d 90       	ld	r0, X+
    1d8e:	bc 91       	ld	r27, X
    1d90:	a0 2d       	mov	r26, r0
    /* Release the M from the owner */
    p_last_m_cb->p_owner = NULL;
    1d92:	14 96       	adiw	r26, 0x04	; 4
    1d94:	1c 92       	st	X, r1
    1d96:	1e 92       	st	-X, r1
    1d98:	13 97       	sbiw	r26, 0x03	; 3
      osEE_hal_spin_unlock(p_tcb->p_last_m->p_spinlock_arch);
    }
#endif /* OSEE_HAS_SPINLOCKS */

    /* Pop the M head */
    p_tcb->p_last_m = p_last_m_cb->p_next;
    1d9a:	8d 91       	ld	r24, X+
    1d9c:	9c 91       	ld	r25, X
    1d9e:	95 83       	std	Z+5, r25	; 0x05
    1da0:	84 83       	std	Z+4, r24	; 0x04
    1da2:	ea cf       	rjmp	.-44     	; 0x1d78 <osEE_scheduler_task_wrapper_run+0x4c>
    && (p_tcb->p_last_m->p_cb->p_owner == p_tdb)
#endif /* OSEE_HAS_SPINLOCKS */
  )
  {
    CONSTP2VAR(OsEE_MCB, AUTOMATIC, OS_APPL_DATA)
      p_last_m_cb = p_tcb->p_last_m->p_cb;
    1da4:	0d 90       	ld	r0, X+
    1da6:	bc 91       	ld	r27, X
    1da8:	a0 2d       	mov	r26, r0
    /* Release the M from the owner */
    p_last_m_cb->p_owner = NULL;
    1daa:	14 96       	adiw	r26, 0x04	; 4
    1dac:	1c 92       	st	X, r1
    1dae:	1e 92       	st	-X, r1
    1db0:	13 97       	sbiw	r26, 0x03	; 3
      osEE_hal_spin_unlock(p_tcb->p_last_m->p_spinlock_arch);
    }
#endif /* OSEE_HAS_SPINLOCKS */

    /* Pop the M head */
    p_tcb->p_last_m = p_last_m_cb->p_next;
    1db2:	8d 91       	ld	r24, X+
    1db4:	9c 91       	ld	r25, X
    1db6:	95 83       	std	Z+5, r25	; 0x05
    1db8:	84 83       	std	Z+4, r24	; 0x04
)
{
  P2VAR(OsEE_MDB, AUTOMATIC, OS_APPL_CONST)     p_mdb = NULL;
  CONSTP2VAR(OsEE_TCB, AUTOMATIC, OS_APPL_DATA) p_tcb = p_tdb->p_tcb;

  while ((p_tcb->p_last_m != NULL)
    1dba:	a4 81       	ldd	r26, Z+4	; 0x04
    1dbc:	b5 81       	ldd	r27, Z+5	; 0x05
    1dbe:	10 97       	sbiw	r26, 0x00	; 0
    1dc0:	89 f7       	brne	.-30     	; 0x1da4 <osEE_scheduler_task_wrapper_run+0x78>
    1dc2:	de cf       	rjmp	.-68     	; 0x1d80 <osEE_scheduler_task_wrapper_run+0x54>

00001dc4 <osEE_idle_hook_wrapper>:
FUNC(void, OS_CODE)
  osEE_idle_hook_wrapper
(
  void
)
{
    1dc4:	0f 93       	push	r16
    1dc6:	1f 93       	push	r17
    1dc8:	cf 93       	push	r28
    1dca:	df 93       	push	r29
}

/* Suspend/Resume Interrupts */
OSEE_STATIC_INLINE OsEE_reg osEE_hal_suspendIRQ ( void )
{
  register OsEE_reg sr = SREG;
    1dcc:	cf b7       	in	r28, 0x3f	; 63
 =============================================================================*/

/* Disable/Enable Interrupts */
OSEE_STATIC_INLINE void osEE_hal_disableIRQ( void )
{
  cli();
    1dce:	f8 94       	cli
  CONSTP2VAR(OsEE_CDB, AUTOMATIC, OS_APPL_DATA)
    p_cdb = osEE_get_curr_core();
#if (defined(OSEE_HAS_AUTOSTART_TASK))
  /* Schedule Here: Autostart TASKs */
  CONST(OsEE_reg, AUTOMATIC) flags = osEE_begin_primitive();
  (void)osEE_scheduler_task_preemption_point(osEE_get_kernel());
    1dd0:	80 e0       	ldi	r24, 0x00	; 0
    1dd2:	92 e0       	ldi	r25, 0x02	; 2
    1dd4:	0e 94 ea 10 	call	0x21d4	; 0x21d4 <osEE_scheduler_task_preemption_point>
}

OSEE_STATIC_INLINE void osEE_hal_resumeIRQ ( OsEE_reg flags )
{
  OSEE_BARRIER();
  SREG = flags;
    1dd8:	cf bf       	out	0x3f, r28	; 63
  osEE_end_primitive(flags);
#endif /* !OSEE_STARTOS_RETURN && !OSEE_API_DYNAMIC && !OSEE_HAS_AUTOSTART_TASK */
  while (p_cdb->p_ccb->os_status == OSEE_KERNEL_STARTED) {
    1dda:	00 91 12 02 	lds	r16, 0x0212	; 0x800212 <osEE_cdb_var>
    1dde:	10 91 13 02 	lds	r17, 0x0213	; 0x800213 <osEE_cdb_var+0x1>
#if (defined(OSEE_HAS_IDLEHOOK)) || (defined(OSEE_API_DYNAMIC))
    CONST(TaskFunc, AUTOMATIC) p_idle_hook = p_cdb->p_idle_hook;
    1de2:	c0 91 14 02 	lds	r28, 0x0214	; 0x800214 <osEE_cdb_var+0x2>
    1de6:	d0 91 15 02 	lds	r29, 0x0215	; 0x800215 <osEE_cdb_var+0x3>
  /* Schedule Here: Autostart TASKs */
  CONST(OsEE_reg, AUTOMATIC) flags = osEE_begin_primitive();
  (void)osEE_scheduler_task_preemption_point(osEE_get_kernel());
  osEE_end_primitive(flags);
#endif /* !OSEE_STARTOS_RETURN && !OSEE_API_DYNAMIC && !OSEE_HAS_AUTOSTART_TASK */
  while (p_cdb->p_ccb->os_status == OSEE_KERNEL_STARTED) {
    1dea:	f8 01       	movw	r30, r16
    1dec:	80 85       	ldd	r24, Z+8	; 0x08
    1dee:	91 85       	ldd	r25, Z+9	; 0x09
    1df0:	02 97       	sbiw	r24, 0x02	; 2
    1df2:	51 f0       	breq	.+20     	; 0x1e08 <osEE_idle_hook_wrapper+0x44>
    }
#else
    ; /* Empty Endless Loop */
#endif /* OSEE_HAS_IDLEHOOK || OSEE_API_DYNAMIC */
  }
  osEE_idle_task_terminate(p_cdb->p_idle_task);
    1df4:	80 91 16 02 	lds	r24, 0x0216	; 0x800216 <osEE_cdb_var+0x4>
    1df8:	90 91 17 02 	lds	r25, 0x0217	; 0x800217 <osEE_cdb_var+0x5>
}
    1dfc:	df 91       	pop	r29
    1dfe:	cf 91       	pop	r28
    1e00:	1f 91       	pop	r17
    1e02:	0f 91       	pop	r16
    }
#else
    ; /* Empty Endless Loop */
#endif /* OSEE_HAS_IDLEHOOK || OSEE_API_DYNAMIC */
  }
  osEE_idle_task_terminate(p_cdb->p_idle_task);
    1e04:	0c 94 d6 12 	jmp	0x25ac	; 0x25ac <osEE_idle_task_terminate>
  osEE_end_primitive(flags);
#endif /* !OSEE_STARTOS_RETURN && !OSEE_API_DYNAMIC && !OSEE_HAS_AUTOSTART_TASK */
  while (p_cdb->p_ccb->os_status == OSEE_KERNEL_STARTED) {
#if (defined(OSEE_HAS_IDLEHOOK)) || (defined(OSEE_API_DYNAMIC))
    CONST(TaskFunc, AUTOMATIC) p_idle_hook = p_cdb->p_idle_hook;
    if (p_idle_hook != NULL) {
    1e08:	20 97       	sbiw	r28, 0x00	; 0
    1e0a:	79 f3       	breq	.-34     	; 0x1dea <osEE_idle_hook_wrapper+0x26>
      p_idle_hook();
    1e0c:	fe 01       	movw	r30, r28
    1e0e:	09 95       	icall
    1e10:	ec cf       	rjmp	.-40     	; 0x1dea <osEE_idle_hook_wrapper+0x26>

00001e12 <osEE_scheduler_core_rq_preempt_stk>:
  osEE_scheduler_core_rq_preempt_stk
(
  P2VAR(OsEE_CDB, AUTOMATIC, OS_APPL_DATA)  p_cdb,
  P2VAR(OsEE_RQ,  AUTOMATIC, OS_APPL_DATA)  p_rq
)
{
    1e12:	0f 93       	push	r16
    1e14:	1f 93       	push	r17
    1e16:	cf 93       	push	r28
    1e18:	df 93       	push	r29
  CONSTP2VAR(OsEE_CCB, AUTOMATIC, OS_APPL_DATA) p_ccb = p_cdb->p_ccb;
    1e1a:	ec 01       	movw	r28, r24
    1e1c:	a8 81       	ld	r26, Y
    1e1e:	b9 81       	ldd	r27, Y+1	; 0x01
  CONSTP2VAR(OsEE_SN, AUTOMATIC, OS_APPL_DATA)  p_rq_sn  = (*p_rq);
    1e20:	eb 01       	movw	r28, r22
    1e22:	e8 81       	ld	r30, Y
    1e24:	f9 81       	ldd	r31, Y+1	; 0x01
  P2CONST(OsEE_SN, AUTOMATIC, OS_APPL_DATA)     p_ret_sn = p_ccb->p_stk_sn;
    1e26:	16 96       	adiw	r26, 0x06	; 6
    1e28:	cd 91       	ld	r28, X+
    1e2a:	dc 91       	ld	r29, X
    1e2c:	17 97       	sbiw	r26, 0x07	; 7

  VAR(OsEE_bool, AUTOMATIC)                     is_rq_preemption = OSEE_FALSE;
  P2VAR(OsEE_TDB, AUTOMATIC, OS_APPL_DATA)      p_ret_tdb;

  if (p_ret_sn != NULL) {
    1e2e:	20 97       	sbiw	r28, 0x00	; 0
    1e30:	c1 f1       	breq	.+112    	; 0x1ea2 <osEE_scheduler_core_rq_preempt_stk+0x90>
    p_ret_tdb = p_ret_sn->p_tdb;
    1e32:	8a 81       	ldd	r24, Y+2	; 0x02
    1e34:	9b 81       	ldd	r25, Y+3	; 0x03
    if (p_rq_sn != NULL) {
    1e36:	30 97       	sbiw	r30, 0x00	; 0
    1e38:	09 f4       	brne	.+2      	; 0x1e3c <osEE_scheduler_core_rq_preempt_stk+0x2a>
    1e3a:	3f c0       	rjmp	.+126    	; 0x1eba <osEE_scheduler_core_rq_preempt_stk+0xa8>
      CONSTP2VAR(OsEE_TCB, AUTOMATIC, OS_APPL_DATA)
        p_ret_tcb = p_ret_tdb->p_tcb;
    1e3c:	ec 01       	movw	r28, r24
    1e3e:	0c 81       	ldd	r16, Y+4	; 0x04
    1e40:	1d 81       	ldd	r17, Y+5	; 0x05
      if (p_ret_tcb->current_prio <
        p_rq_sn->p_tdb->p_tcb->current_prio)
    1e42:	22 81       	ldd	r18, Z+2	; 0x02
    1e44:	33 81       	ldd	r19, Z+3	; 0x03
    1e46:	e9 01       	movw	r28, r18
    1e48:	4c 81       	ldd	r20, Y+4	; 0x04
    1e4a:	5d 81       	ldd	r21, Y+5	; 0x05
  if (p_ret_sn != NULL) {
    p_ret_tdb = p_ret_sn->p_tdb;
    if (p_rq_sn != NULL) {
      CONSTP2VAR(OsEE_TCB, AUTOMATIC, OS_APPL_DATA)
        p_ret_tcb = p_ret_tdb->p_tcb;
      if (p_ret_tcb->current_prio <
    1e4c:	e8 01       	movw	r28, r16
    1e4e:	39 81       	ldd	r19, Y+1	; 0x01
    1e50:	ea 01       	movw	r28, r20
    1e52:	29 81       	ldd	r18, Y+1	; 0x01
    1e54:	32 17       	cp	r19, r18
    1e56:	88 f5       	brcc	.+98     	; 0x1eba <osEE_scheduler_core_rq_preempt_stk+0xa8>
      {
        /* RQ preempt STK */
        /* Call PostTaskHook before switching active TASK */
        osEE_call_post_task_hook(p_ccb);

        p_ret_tcb->status = OSEE_TASK_READY_STACKED;
    1e58:	22 e0       	ldi	r18, 0x02	; 2
    1e5a:	30 e0       	ldi	r19, 0x00	; 0
    1e5c:	e8 01       	movw	r28, r16
    /* Only Idle TASK stacked -> RQ preempt STK. */
    /* Don't use p_ccb->p_curr, is not reliable here,
     * It points to the terminated TASK, we are still evaluating
     * the next one. */
    p_ret_tdb                 = p_cdb->p_idle_task;
    p_ret_tdb->p_tcb->status  = OSEE_TASK_READY_STACKED;
    1e5e:	3b 83       	std	Y+3, r19	; 0x03
    1e60:	2a 83       	std	Y+2, r18	; 0x02
    p_ret_tdb = NULL;
  }

  if (is_rq_preemption) {
    /* Extract from ready queue */
    (*p_rq)       = p_rq_sn->p_next;
    1e62:	20 81       	ld	r18, Z
    1e64:	31 81       	ldd	r19, Z+1	; 0x01
    1e66:	eb 01       	movw	r28, r22
    1e68:	39 83       	std	Y+1, r19	; 0x01
    1e6a:	28 83       	st	Y, r18
(
  P2VAR(OsEE_CCB, AUTOMATIC, OS_APPL_DATA) p_ccb,
  P2VAR(OsEE_SN, AUTOMATIC, OS_APPL_DATA)  p_rq_sn
)
{
  CONSTP2VAR(OsEE_TDB, AUTOMATIC, OS_APPL_DATA) p_tdb = p_rq_sn->p_tdb;
    1e6c:	c2 81       	ldd	r28, Z+2	; 0x02
    1e6e:	d3 81       	ldd	r29, Z+3	; 0x03
  CONSTP2VAR(OsEE_TCB, AUTOMATIC, OS_APPL_DATA) p_tcb = p_tdb->p_tcb;
    1e70:	2c 81       	ldd	r18, Y+4	; 0x04
    1e72:	3d 81       	ldd	r19, Y+5	; 0x05
  /* N.B. The Handling of the preempted SN as Stacked or re-inserted in RQ
   * is done by the calling function */
  p_rq_sn->p_next               = NULL;
  p_tcb->current_core_id        = osEE_get_curr_core_id();
#else
  p_rq_sn->p_next               = p_ccb->p_stk_sn;
    1e74:	16 96       	adiw	r26, 0x06	; 6
    1e76:	4d 91       	ld	r20, X+
    1e78:	5c 91       	ld	r21, X
    1e7a:	17 97       	sbiw	r26, 0x07	; 7
    1e7c:	51 83       	std	Z+1, r21	; 0x01
    1e7e:	40 83       	st	Z, r20
#endif /* OSEE_ALLOW_TASK_MIGRATION */
  p_ccb->p_stk_sn               = p_rq_sn;
    1e80:	17 96       	adiw	r26, 0x07	; 7
    1e82:	fc 93       	st	X, r31
    1e84:	ee 93       	st	-X, r30
    1e86:	16 97       	sbiw	r26, 0x06	; 6
  p_ccb->p_curr                 = p_tdb;
    1e88:	cd 93       	st	X+, r28
    1e8a:	dc 93       	st	X, r29

  /* Adjust actual priority with dispatch priority: if needed */
  {
    CONST(TaskPrio, AUTOMATIC)
      dispatch_prio = p_tdb->dispatch_prio;
    1e8c:	4c 85       	ldd	r20, Y+12	; 0x0c
    if (p_tcb->current_prio < dispatch_prio) {
    1e8e:	f9 01       	movw	r30, r18
    1e90:	51 81       	ldd	r21, Z+1	; 0x01
    1e92:	54 17       	cp	r21, r20
    1e94:	08 f4       	brcc	.+2      	; 0x1e98 <osEE_scheduler_core_rq_preempt_stk+0x86>
      p_tcb->current_prio = dispatch_prio;
    1e96:	41 83       	std	Z+1, r20	; 0x01
#if (defined(OSEE_ALLOW_TASK_MIGRATION))
  return p_ret_sn;
#else
  return p_ret_tdb;
#endif /* OSEE_ALLOW_TASK_MIGRATION */
}
    1e98:	df 91       	pop	r29
    1e9a:	cf 91       	pop	r28
    1e9c:	1f 91       	pop	r17
    1e9e:	0f 91       	pop	r16
    1ea0:	08 95       	ret

        p_ret_tcb->status = OSEE_TASK_READY_STACKED;
        is_rq_preemption  = OSEE_TRUE;
      }
    }
  } else if (p_rq_sn != NULL) {
    1ea2:	30 97       	sbiw	r30, 0x00	; 0
    1ea4:	51 f0       	breq	.+20     	; 0x1eba <osEE_scheduler_core_rq_preempt_stk+0xa8>
    /* Only Idle TASK stacked -> RQ preempt STK. */
    /* Don't use p_ccb->p_curr, is not reliable here,
     * It points to the terminated TASK, we are still evaluating
     * the next one. */
    p_ret_tdb                 = p_cdb->p_idle_task;
    1ea6:	ec 01       	movw	r28, r24
    1ea8:	8c 81       	ldd	r24, Y+4	; 0x04
    1eaa:	9d 81       	ldd	r25, Y+5	; 0x05
    p_ret_tdb->p_tcb->status  = OSEE_TASK_READY_STACKED;
    1eac:	ec 01       	movw	r28, r24
    1eae:	4c 81       	ldd	r20, Y+4	; 0x04
    1eb0:	5d 81       	ldd	r21, Y+5	; 0x05
    1eb2:	22 e0       	ldi	r18, 0x02	; 2
    1eb4:	30 e0       	ldi	r19, 0x00	; 0
    1eb6:	ea 01       	movw	r28, r20
    1eb8:	d2 cf       	rjmp	.-92     	; 0x1e5e <osEE_scheduler_core_rq_preempt_stk+0x4c>
    osEE_scheduler_stk_next(p_ccb, p_rq_sn);
  } else {
#if (defined(OSEE_ALLOW_TASK_MIGRATION))
    p_ret_sn  = NULL;
#else
    p_ret_tdb = NULL;
    1eba:	90 e0       	ldi	r25, 0x00	; 0
    1ebc:	80 e0       	ldi	r24, 0x00	; 0
#endif /* OSEE_ALLOW_TASK_MIGRATION */
  }
#if (defined(OSEE_ALLOW_TASK_MIGRATION))
  return p_ret_sn;
#else
  return p_ret_tdb;
    1ebe:	ec cf       	rjmp	.-40     	; 0x1e98 <osEE_scheduler_core_rq_preempt_stk+0x86>

00001ec0 <osEE_sn_priority_insert>:
(
  P2VAR(OsEE_SN *, AUTOMATIC, OS_APPL_DATA)     pp_first,
  P2VAR(OsEE_SN  , AUTOMATIC, OS_APPL_DATA)     p_sn_new,
  CONST(OsEE_bool, AUTOMATIC)                   as_ready
)
{
    1ec0:	cf 93       	push	r28
    1ec2:	df 93       	push	r29
  CONSTP2VAR(OsEE_TDB, AUTOMATIC, OS_APPL_CONST)  p_tdb_new = p_sn_new->p_tdb;
    1ec4:	db 01       	movw	r26, r22
    1ec6:	12 96       	adiw	r26, 0x02	; 2
    1ec8:	ed 91       	ld	r30, X+
    1eca:	fc 91       	ld	r31, X
  CONSTP2CONST(OsEE_TCB, AUTOMATIC, OS_APPL_DATA) p_tcb_new = p_tdb_new->p_tcb;
  CONST(TaskPrio, AUTOMATIC)                  new_task_prio =
    1ecc:	41 15       	cp	r20, r1
    1ece:	51 05       	cpc	r21, r1
    1ed0:	a1 f0       	breq	.+40     	; 0x1efa <osEE_sn_priority_insert+0x3a>
    1ed2:	23 85       	ldd	r18, Z+11	; 0x0b
    (as_ready)?
      p_tdb_new->ready_prio:
      p_tcb_new->current_prio;
  P2VAR(OsEE_SN, AUTOMATIC, OS_APPL_DATA) p_prev          = NULL;
  P2VAR(OsEE_SN, AUTOMATIC, OS_APPL_DATA) p_curr          = (*pp_first);
    1ed4:	dc 01       	movw	r26, r24
    1ed6:	ed 91       	ld	r30, X+
    1ed8:	fc 91       	ld	r31, X
  CONSTP2CONST(OsEE_TCB, AUTOMATIC, OS_APPL_DATA) p_tcb_new = p_tdb_new->p_tcb;
  CONST(TaskPrio, AUTOMATIC)                  new_task_prio =
    (as_ready)?
      p_tdb_new->ready_prio:
      p_tcb_new->current_prio;
  P2VAR(OsEE_SN, AUTOMATIC, OS_APPL_DATA) p_prev          = NULL;
    1eda:	b0 e0       	ldi	r27, 0x00	; 0
    1edc:	a0 e0       	ldi	r26, 0x00	; 0
  P2VAR(OsEE_SN, AUTOMATIC, OS_APPL_DATA) p_curr          = (*pp_first);
  VAR(OsEE_bool, AUTOMATIC)               head_changed    = OSEE_FALSE;

  /* Traverse the queue until needed */
  while (p_curr != NULL) {
    1ede:	30 97       	sbiw	r30, 0x00	; 0
    1ee0:	89 f4       	brne	.+34     	; 0x1f04 <osEE_sn_priority_insert+0x44>
    } else {
      break;
    }
  }

  if (p_prev != NULL) {
    1ee2:	10 97       	sbiw	r26, 0x00	; 0
    1ee4:	09 f1       	breq	.+66     	; 0x1f28 <osEE_sn_priority_insert+0x68>
    p_prev->p_next = p_sn_new;
    1ee6:	6d 93       	st	X+, r22
    1ee8:	7c 93       	st	X, r23
    (as_ready)?
      p_tdb_new->ready_prio:
      p_tcb_new->current_prio;
  P2VAR(OsEE_SN, AUTOMATIC, OS_APPL_DATA) p_prev          = NULL;
  P2VAR(OsEE_SN, AUTOMATIC, OS_APPL_DATA) p_curr          = (*pp_first);
  VAR(OsEE_bool, AUTOMATIC)               head_changed    = OSEE_FALSE;
    1eea:	90 e0       	ldi	r25, 0x00	; 0
    1eec:	80 e0       	ldi	r24, 0x00	; 0
  } else {
    (*pp_first)   = p_sn_new;
    head_changed  = OSEE_TRUE;
  }

  p_sn_new->p_next = p_curr;
    1eee:	db 01       	movw	r26, r22
    1ef0:	ed 93       	st	X+, r30
    1ef2:	fc 93       	st	X, r31

  return head_changed;
}
    1ef4:	df 91       	pop	r29
    1ef6:	cf 91       	pop	r28
    1ef8:	08 95       	ret
  CONST(OsEE_bool, AUTOMATIC)                   as_ready
)
{
  CONSTP2VAR(OsEE_TDB, AUTOMATIC, OS_APPL_CONST)  p_tdb_new = p_sn_new->p_tdb;
  CONSTP2CONST(OsEE_TCB, AUTOMATIC, OS_APPL_DATA) p_tcb_new = p_tdb_new->p_tcb;
  CONST(TaskPrio, AUTOMATIC)                  new_task_prio =
    1efa:	04 80       	ldd	r0, Z+4	; 0x04
    1efc:	f5 81       	ldd	r31, Z+5	; 0x05
    1efe:	e0 2d       	mov	r30, r0
    1f00:	21 81       	ldd	r18, Z+1	; 0x01
    1f02:	e8 cf       	rjmp	.-48     	; 0x1ed4 <osEE_sn_priority_insert+0x14>
  VAR(OsEE_bool, AUTOMATIC)               head_changed    = OSEE_FALSE;

  /* Traverse the queue until needed */
  while (p_curr != NULL) {
    VAR(TaskPrio, AUTOMATIC)                      prio_to_check;
    CONSTP2VAR(OsEE_TDB, AUTOMATIC, OS_APPL_DATA) p_cur_tdb = p_curr->p_tdb;
    1f04:	c2 81       	ldd	r28, Z+2	; 0x02
    1f06:	d3 81       	ldd	r29, Z+3	; 0x03
    CONSTP2CONST(OsEE_TCB, AUTOMATIC, OS_APPL_DATA) p_cur_tcb = p_cur_tdb->p_tcb;

    if (as_ready) {
    1f08:	41 15       	cp	r20, r1
    1f0a:	51 05       	cpc	r21, r1
    1f0c:	41 f0       	breq	.+16     	; 0x1f1e <osEE_sn_priority_insert+0x5e>
      prio_to_check = p_cur_tdb->ready_prio;
    1f0e:	3b 85       	ldd	r19, Y+11	; 0x0b
    } else {
      prio_to_check = p_cur_tcb->current_prio;
    }

    if (new_task_prio <= prio_to_check)
    1f10:	32 17       	cp	r19, r18
    1f12:	38 f3       	brcs	.-50     	; 0x1ee2 <osEE_sn_priority_insert+0x22>
    {
      p_prev = p_curr;
      p_curr = p_curr->p_next;
    1f14:	df 01       	movw	r26, r30
    1f16:	01 90       	ld	r0, Z+
    1f18:	f0 81       	ld	r31, Z
    1f1a:	e0 2d       	mov	r30, r0
    1f1c:	e0 cf       	rjmp	.-64     	; 0x1ede <osEE_sn_priority_insert+0x1e>
    CONSTP2CONST(OsEE_TCB, AUTOMATIC, OS_APPL_DATA) p_cur_tcb = p_cur_tdb->p_tcb;

    if (as_ready) {
      prio_to_check = p_cur_tdb->ready_prio;
    } else {
      prio_to_check = p_cur_tcb->current_prio;
    1f1e:	0c 80       	ldd	r0, Y+4	; 0x04
    1f20:	dd 81       	ldd	r29, Y+5	; 0x05
    1f22:	c0 2d       	mov	r28, r0
    1f24:	39 81       	ldd	r19, Y+1	; 0x01
    1f26:	f4 cf       	rjmp	.-24     	; 0x1f10 <osEE_sn_priority_insert+0x50>
  }

  if (p_prev != NULL) {
    p_prev->p_next = p_sn_new;
  } else {
    (*pp_first)   = p_sn_new;
    1f28:	dc 01       	movw	r26, r24
    1f2a:	6d 93       	st	X+, r22
    1f2c:	7c 93       	st	X, r23
    head_changed  = OSEE_TRUE;
    1f2e:	81 e0       	ldi	r24, 0x01	; 1
    1f30:	90 e0       	ldi	r25, 0x00	; 0
    1f32:	dd cf       	rjmp	.-70     	; 0x1eee <osEE_sn_priority_insert+0x2e>

00001f34 <osEE_scheduler_rq_insert>:
  P2VAR(OsEE_RQ, AUTOMATIC, OS_APPL_DATA)       p_rq,
  P2VAR(OsEE_SN, AUTOMATIC, OS_APPL_DATA)       p_sn_new,
  CONSTP2VAR(OsEE_TDB, AUTOMATIC, OS_APPL_DATA) p_tdb_new
)
{
  p_sn_new->p_tdb = p_tdb_new;
    1f34:	fb 01       	movw	r30, r22
    1f36:	53 83       	std	Z+3, r21	; 0x03
    1f38:	42 83       	std	Z+2, r20	; 0x02

#if (!defined(OSEE_SCHEDULER_GLOBAL))
  return osEE_sn_priority_insert(p_rq, p_sn_new, OSEE_TRUE);
    1f3a:	41 e0       	ldi	r20, 0x01	; 1
    1f3c:	50 e0       	ldi	r21, 0x00	; 0
    1f3e:	0c 94 60 0f 	jmp	0x1ec0	; 0x1ec0 <osEE_sn_priority_insert>

00001f42 <osEE_scheduler_core_pop_running>:
  osEE_scheduler_core_pop_running
(
  P2VAR(OsEE_CDB, AUTOMATIC, OS_APPL_DATA)  p_cdb,
  P2VAR(OsEE_RQ,  AUTOMATIC, OS_APPL_DATA)  p_rq
)
{
    1f42:	ef 92       	push	r14
    1f44:	ff 92       	push	r15
    1f46:	0f 93       	push	r16
    1f48:	1f 93       	push	r17
    1f4a:	cf 93       	push	r28
    1f4c:	df 93       	push	r29
    1f4e:	8c 01       	movw	r16, r24
  CONSTP2VAR(OsEE_CCB, AUTOMATIC, OS_APPL_DATA) p_ccb         = p_cdb->p_ccb;
    1f50:	fc 01       	movw	r30, r24
    1f52:	c0 81       	ld	r28, Z
    1f54:	d1 81       	ldd	r29, Z+1	; 0x01
  CONSTP2VAR(OsEE_SN, AUTOMATIC, OS_APPL_DATA)  p_prev_stk_sn = p_ccb->p_stk_sn;
    1f56:	ee 80       	ldd	r14, Y+6	; 0x06
    1f58:	ff 80       	ldd	r15, Y+7	; 0x07
  CONSTP2VAR(OsEE_SN, AUTOMATIC, OS_APPL_DATA)
    p_next_stk_sn = p_prev_stk_sn->p_next;

  /* Pop the current STK SN, if not IDLE TASK. This function MUST not be
   * called inside IDLE TASK. */
  p_ccb->p_stk_sn = p_next_stk_sn;
    1f5a:	f7 01       	movw	r30, r14
    1f5c:	80 81       	ld	r24, Z
    1f5e:	91 81       	ldd	r25, Z+1	; 0x01
    1f60:	9f 83       	std	Y+7, r25	; 0x07
    1f62:	8e 83       	std	Y+6, r24	; 0x06
   * */

  {
    /* Handle if RQ preempt STK (It manipulate the core data structures) */
    CONSTP2VAR(OsEE_preempt, AUTOMATIC, OS_APPL_DATA)
      p_preempt = osEE_scheduler_core_rq_preempt_stk(p_cdb, p_rq);
    1f64:	c8 01       	movw	r24, r16
    1f66:	0e 94 09 0f 	call	0x1e12	; 0x1e12 <osEE_scheduler_core_rq_preempt_stk>
    CONSTP2CONST(OsEE_SN, AUTOMATIC, OS_APPL_DATA)
      p_curr_stk_sn = p_ccb->p_stk_sn;

    /* If not, resume current STK first */
    if (p_preempt == NULL) {
    1f6a:	89 2b       	or	r24, r25
    1f6c:	41 f4       	brne	.+16     	; 0x1f7e <osEE_scheduler_core_pop_running+0x3c>
  {
    /* Handle if RQ preempt STK (It manipulate the core data structures) */
    CONSTP2VAR(OsEE_preempt, AUTOMATIC, OS_APPL_DATA)
      p_preempt = osEE_scheduler_core_rq_preempt_stk(p_cdb, p_rq);
    CONSTP2CONST(OsEE_SN, AUTOMATIC, OS_APPL_DATA)
      p_curr_stk_sn = p_ccb->p_stk_sn;
    1f6e:	ee 81       	ldd	r30, Y+6	; 0x06
    1f70:	ff 81       	ldd	r31, Y+7	; 0x07
      if (p_ccb->p_curr->task_type <= OSEE_TASK_TYPE_EXTENDED) {
        osEE_call_post_task_hook(p_ccb);
      }
#endif /* OSEE_HAS_POSTTASKHOOK */

      if (p_curr_stk_sn != NULL) {
    1f72:	30 97       	sbiw	r30, 0x00	; 0
    1f74:	61 f0       	breq	.+24     	; 0x1f8e <osEE_scheduler_core_pop_running+0x4c>
        /* Resume STK TASK */
        p_tdb_stk = p_curr_stk_sn->p_tdb;
    1f76:	82 81       	ldd	r24, Z+2	; 0x02
    1f78:	93 81       	ldd	r25, Z+3	; 0x03
      } else {
        /* Resume IDLE TASK */
        p_tdb_stk = p_cdb->p_idle_task;
      }

      p_ccb->p_curr            = p_tdb_stk;
    1f7a:	99 83       	std	Y+1, r25	; 0x01
    1f7c:	88 83       	st	Y, r24
    }
#endif /* OSEE_ALLOW_TASK_MIGRATION */
  }

  return p_prev_stk_sn;
}
    1f7e:	c7 01       	movw	r24, r14
    1f80:	df 91       	pop	r29
    1f82:	cf 91       	pop	r28
    1f84:	1f 91       	pop	r17
    1f86:	0f 91       	pop	r16
    1f88:	ff 90       	pop	r15
    1f8a:	ef 90       	pop	r14
    1f8c:	08 95       	ret
      if (p_curr_stk_sn != NULL) {
        /* Resume STK TASK */
        p_tdb_stk = p_curr_stk_sn->p_tdb;
      } else {
        /* Resume IDLE TASK */
        p_tdb_stk = p_cdb->p_idle_task;
    1f8e:	f8 01       	movw	r30, r16
    1f90:	84 81       	ldd	r24, Z+4	; 0x04
    1f92:	95 81       	ldd	r25, Z+5	; 0x05
    1f94:	f2 cf       	rjmp	.-28     	; 0x1f7a <osEE_scheduler_core_pop_running+0x38>

00001f96 <osEE_task_activated>:

FUNC(StatusType, OS_CODE) osEE_task_activated
(
  P2VAR(OsEE_TDB, AUTOMATIC, OS_APPL_DATA)  p_tdb_act
)
{
    1f96:	dc 01       	movw	r26, r24
  VAR(StatusType, AUTOMATIC)                    ev;
  CONSTP2VAR(OsEE_TCB, AUTOMATIC, OS_APPL_DATA) p_tcb_act = p_tdb_act->p_tcb;
    1f98:	14 96       	adiw	r26, 0x04	; 4
    1f9a:	ed 91       	ld	r30, X+
    1f9c:	fc 91       	ld	r31, X
    1f9e:	15 97       	sbiw	r26, 0x05	; 5
#else
  osEE_lock_kernel();
#endif /* !OSEE_SCHEDULER_GLOBAL */
#endif /* !OSEE_SINGLECORE */

  if (p_tcb_act->current_num_of_act < p_tdb_act->max_num_of_act) {
    1fa0:	90 81       	ld	r25, Z
    1fa2:	1d 96       	adiw	r26, 0x0d	; 13
    1fa4:	8c 91       	ld	r24, X
    1fa6:	98 17       	cp	r25, r24
    1fa8:	28 f4       	brcc	.+10     	; 0x1fb4 <osEE_task_activated+0x1e>
    ++p_tcb_act->current_num_of_act;
    1faa:	9f 5f       	subi	r25, 0xFF	; 255
    1fac:	90 83       	st	Z, r25
    ev = E_OK;
    1fae:	90 e0       	ldi	r25, 0x00	; 0
    1fb0:	80 e0       	ldi	r24, 0x00	; 0
    1fb2:	08 95       	ret
  } else {
    ev = E_OS_LIMIT;
    1fb4:	84 e0       	ldi	r24, 0x04	; 4
    1fb6:	90 e0       	ldi	r25, 0x00	; 0
  osEE_lock_kernel();
#endif /* !OSEE_SCHEDULER_GLOBAL */
#endif /* !OSEE_SINGLECORE */

  return ev;
}
    1fb8:	08 95       	ret

00001fba <osEE_task_end>:
(
  CONSTP2VAR(OsEE_TDB, AUTOMATIC, OS_APPL_DATA) p_tdb
)
{
  /* It has to be called already in Multi-Core critical section */
  CONSTP2VAR(OsEE_TCB, AUTOMATIC, OS_APPL_DATA) p_tcb = p_tdb->p_tcb;
    1fba:	dc 01       	movw	r26, r24
    1fbc:	14 96       	adiw	r26, 0x04	; 4
    1fbe:	ed 91       	ld	r30, X+
    1fc0:	fc 91       	ld	r31, X
    1fc2:	15 97       	sbiw	r26, 0x05	; 5

  p_tcb->current_prio = p_tdb->ready_prio;
    1fc4:	1b 96       	adiw	r26, 0x0b	; 11
    1fc6:	8c 91       	ld	r24, X
    1fc8:	81 83       	std	Z+1, r24	; 0x01

  --p_tcb->current_num_of_act;
    1fca:	80 81       	ld	r24, Z
    1fcc:	81 50       	subi	r24, 0x01	; 1
    1fce:	80 83       	st	Z, r24

  if (p_tcb->current_num_of_act == 0U) {
    1fd0:	81 11       	cpse	r24, r1
    1fd2:	03 c0       	rjmp	.+6      	; 0x1fda <osEE_task_end+0x20>
    p_tcb->status = OSEE_TASK_SUSPENDED;
    1fd4:	13 82       	std	Z+3, r1	; 0x03
    1fd6:	12 82       	std	Z+2, r1	; 0x02
    1fd8:	08 95       	ret
  } else {
    p_tcb->status = OSEE_TASK_READY;
    1fda:	81 e0       	ldi	r24, 0x01	; 1
    1fdc:	90 e0       	ldi	r25, 0x00	; 0
    1fde:	93 83       	std	Z+3, r25	; 0x03
    1fe0:	82 83       	std	Z+2, r24	; 0x02
  }
}
    1fe2:	08 95       	ret

00001fe4 <osEE_task_event_set_mask>:
{
  /* Initialize the return value to NULL to handle failed error checks. */
  P2VAR(OsEE_SN, AUTOMATIC, OS_APPL_DATA)
    p_own_sn        = NULL;
  CONSTP2VAR(OsEE_TCB, AUTOMATIC, OS_APPL_DATA)
    p_tcb_waking_up = p_tdb_waking_up->p_tcb;
    1fe4:	dc 01       	movw	r26, r24
    1fe6:	14 96       	adiw	r26, 0x04	; 4
    1fe8:	ed 91       	ld	r30, X+
    1fea:	fc 91       	ld	r31, X
    *p_ev = E_OS_STATE;
  } else
#endif /* OSEE_HAS_CHECKS */
  {
    /* Set the event mask only if the task is not suspended */
    p_tcb_waking_up->event_mask |= Mask;
    1fec:	80 85       	ldd	r24, Z+8	; 0x08
    1fee:	91 85       	ldd	r25, Z+9	; 0x09
    1ff0:	86 2b       	or	r24, r22
    1ff2:	97 2b       	or	r25, r23
    1ff4:	91 87       	std	Z+9, r25	; 0x09
    1ff6:	80 87       	std	Z+8, r24	; 0x08

    *p_ev = E_OK;
    1ff8:	da 01       	movw	r26, r20
    1ffa:	1d 92       	st	X+, r1
    1ffc:	1c 92       	st	X, r1

    if ((p_tcb_waking_up->wait_mask & Mask) != 0U) {
    1ffe:	86 81       	ldd	r24, Z+6	; 0x06
    2000:	97 81       	ldd	r25, Z+7	; 0x07
    2002:	68 23       	and	r22, r24
    2004:	79 23       	and	r23, r25
    2006:	67 2b       	or	r22, r23
    2008:	39 f0       	breq	.+14     	; 0x2018 <osEE_task_event_set_mask+0x34>
      p_own_sn = p_tcb_waking_up->p_own_sn;
    200a:	82 85       	ldd	r24, Z+10	; 0x0a
    200c:	93 85       	ldd	r25, Z+11	; 0x0b

      /* Set p_own_sn of waking up task to NULL so it won't be inserted in
         RQ more than once. */
      if (p_own_sn != NULL) {
    200e:	00 97       	sbiw	r24, 0x00	; 0
    2010:	29 f0       	breq	.+10     	; 0x201c <osEE_task_event_set_mask+0x38>
        p_tcb_waking_up->p_own_sn = NULL;
    2012:	13 86       	std	Z+11, r1	; 0x0b
    2014:	12 86       	std	Z+10, r1	; 0x0a
    2016:	08 95       	ret
  P2VAR(StatusType, AUTOMATIC, OS_APPL_DATA)  p_ev
)
{
  /* Initialize the return value to NULL to handle failed error checks. */
  P2VAR(OsEE_SN, AUTOMATIC, OS_APPL_DATA)
    p_own_sn        = NULL;
    2018:	90 e0       	ldi	r25, 0x00	; 0
    201a:	80 e0       	ldi	r24, 0x00	; 0
  osEE_lock_kernel();
#endif /* !OSEE_SCHEDULER_GLOBAL */
#endif /* !OSEE_SINGLECORE */

  return p_own_sn;
}
    201c:	08 95       	ret

0000201e <osEE_activate_isr2>:
  osEE_stack_monitoring(osEE_get_curr_core());
#endif /* OSEE_HAS_STACK_MONITORING */
  {
    CONSTP2VAR(OsEE_KDB, AUTOMATIC, OS_APPL_DATA) p_kdb = osEE_get_kernel();
    CONSTP2VAR(OsEE_TDB, AUTOMATIC, OS_APPL_DATA)
      p_act_tdb = (*p_kdb->p_tdb_ptr_array)[isr2_id];
    201e:	e0 91 02 02 	lds	r30, 0x0202	; 0x800202 <osEE_kdb_var+0x2>
    2022:	f0 91 03 02 	lds	r31, 0x0203	; 0x800203 <osEE_kdb_var+0x3>
    2026:	90 e0       	ldi	r25, 0x00	; 0
    2028:	88 0f       	add	r24, r24
    202a:	99 1f       	adc	r25, r25
    202c:	e8 0f       	add	r30, r24
    202e:	f9 1f       	adc	r31, r25
    2030:	60 81       	ld	r22, Z
    2032:	71 81       	ldd	r23, Z+1	; 0x01

    /* Mark the TASK as Activated (I don't need to protect this increment
       since ISRs cannot be activated by another core (exception done for
       IPI, that have to be handled in a special way in any case). */
    ++p_act_tdb->p_tcb->current_num_of_act;
    2034:	db 01       	movw	r26, r22
    2036:	14 96       	adiw	r26, 0x04	; 4
    2038:	ed 91       	ld	r30, X+
    203a:	fc 91       	ld	r31, X
    203c:	80 81       	ld	r24, Z
    203e:	8f 5f       	subi	r24, 0xFF	; 255
    2040:	80 83       	st	Z, r24

    osEE_scheduler_task_set_running(p_kdb, p_act_tdb, NULL);
    2042:	50 e0       	ldi	r21, 0x00	; 0
    2044:	40 e0       	ldi	r20, 0x00	; 0
    2046:	80 e0       	ldi	r24, 0x00	; 0
    2048:	92 e0       	ldi	r25, 0x02	; 2
    204a:	0c 94 05 11 	jmp	0x220a	; 0x220a <osEE_scheduler_task_set_running>

0000204e <osEE_scheduler_task_insert>:
  osEE_scheduler_task_insert
(
  P2VAR(OsEE_KDB, AUTOMATIC, OS_APPL_DATA)  p_kdb,
  P2VAR(OsEE_TDB, AUTOMATIC, OS_APPL_DATA)  p_tdb_act
)
{
    204e:	ab 01       	movw	r20, r22
  VAR(OsEE_bool, AUTOMATIC)   head_changed;
  CONSTP2VAR(OsEE_TCB, AUTOMATIC, OS_APPL_DATA)
    p_tcb_act     = p_tdb_act->p_tcb;
    2050:	fb 01       	movw	r30, r22
    2052:	a4 81       	ldd	r26, Z+4	; 0x04
    2054:	b5 81       	ldd	r27, Z+5	; 0x05
  CONSTP2VAR(OsEE_CDB, AUTOMATIC, OS_APPL_DATA)
    p_cdb         = osEE_task_get_curr_core(p_tdb_act);
  CONSTP2VAR(OsEE_CCB, AUTOMATIC, OS_APPL_DATA)
    p_ccb         = p_cdb->p_ccb;
    2056:	e0 91 12 02 	lds	r30, 0x0212	; 0x800212 <osEE_cdb_var>
    205a:	f0 91 13 02 	lds	r31, 0x0213	; 0x800213 <osEE_cdb_var+0x1>
{
  VAR(OsEE_bool, AUTOMATIC) rq_head_changed;

  /* Actually Insert the activated in Ready Queue.
   * Change Status only if is not active yet. */
  if (p_tcb_act->status == OSEE_TASK_SUSPENDED) {
    205e:	12 96       	adiw	r26, 0x02	; 2
    2060:	8d 91       	ld	r24, X+
    2062:	9c 91       	ld	r25, X
    2064:	13 97       	sbiw	r26, 0x03	; 3
    2066:	89 2b       	or	r24, r25
    2068:	51 f4       	brne	.+20     	; 0x207e <osEE_scheduler_task_insert+0x30>
    p_tcb_act->status = OSEE_TASK_READY;
    206a:	81 e0       	ldi	r24, 0x01	; 1
    206c:	90 e0       	ldi	r25, 0x00	; 0
    206e:	13 96       	adiw	r26, 0x03	; 3
    2070:	9c 93       	st	X, r25
    2072:	8e 93       	st	-X, r24
    2074:	12 97       	sbiw	r26, 0x02	; 2
  osEE_task_event_reset_mask
(
  P2VAR(OsEE_TCB, AUTOMATIC, OS_APPL_DATA)  p_tcb
)
{
  p_tcb->event_mask = 0U;
    2076:	19 96       	adiw	r26, 0x09	; 9
    2078:	1c 92       	st	X, r1
    207a:	1e 92       	st	-X, r1
    207c:	18 97       	sbiw	r26, 0x08	; 8
  P2VAR(OsEE_SN *, AUTOMATIC, OS_APPL_DATA) pp_first
)
{
  P2VAR(OsEE_SN, AUTOMATIC, OS_APPL_DATA) p_sn_allocated;

  p_sn_allocated          = (*pp_first);
    207e:	a4 81       	ldd	r26, Z+4	; 0x04
    2080:	b5 81       	ldd	r27, Z+5	; 0x05
  (*pp_first)              = p_sn_allocated->p_next;
    2082:	8d 91       	ld	r24, X+
    2084:	9c 91       	ld	r25, X
    2086:	11 97       	sbiw	r26, 0x01	; 1
    2088:	95 83       	std	Z+5, r25	; 0x05
    208a:	84 83       	std	Z+4, r24	; 0x04
  p_sn_allocated->p_next  = NULL;
    208c:	11 96       	adiw	r26, 0x01	; 1
    208e:	1c 92       	st	X, r1
    2090:	1e 92       	st	-X, r1
    osEE_task_event_reset_mask(p_tcb_act);
  }

  rq_head_changed = osEE_scheduler_rq_insert(&p_ccb->rq,
    2092:	bd 01       	movw	r22, r26
    2094:	cf 01       	movw	r24, r30
    2096:	02 96       	adiw	r24, 0x02	; 2
    2098:	0c 94 9a 0f 	jmp	0x1f34	; 0x1f34 <osEE_scheduler_rq_insert>

0000209c <osEE_scheduler_task_unblocked>:
  osEE_scheduler_task_unblocked
(
  P2VAR(OsEE_KDB, AUTOMATIC, OS_APPL_DATA)  p_kdb,
  P2VAR(OsEE_SN,  AUTOMATIC, OS_APPL_DATA)  p_sn_released
)
{
    209c:	0f 93       	push	r16
    209e:	1f 93       	push	r17
    20a0:	cf 93       	push	r28
    20a2:	df 93       	push	r29
  VAR(OsEE_bool, AUTOMATIC) rq_head_changed;
  VAR(OsEE_bool, AUTOMATIC)
    is_preemption = OSEE_FALSE;
  CONSTP2VAR(OsEE_TDB, AUTOMATIC, OS_APPL_DATA)
    p_tdb_released = p_sn_released->p_tdb;
    20a4:	db 01       	movw	r26, r22
    20a6:	12 96       	adiw	r26, 0x02	; 2
    20a8:	4d 91       	ld	r20, X+
    20aa:	5c 91       	ld	r21, X
  CONSTP2VAR(OsEE_TCB, AUTOMATIC, OS_APPL_DATA)
    p_tcb_released = p_tdb_released->p_tcb;
    20ac:	fa 01       	movw	r30, r20
    20ae:	c4 81       	ldd	r28, Z+4	; 0x04
    20b0:	d5 81       	ldd	r29, Z+5	; 0x05
  CONSTP2VAR(OsEE_CDB, AUTOMATIC, OS_APPL_DATA)
    p_cdb = osEE_task_get_curr_core(p_tdb_released);
  CONSTP2VAR(OsEE_CCB, AUTOMATIC, OS_APPL_DATA)
    p_ccb = p_cdb->p_ccb;
    20b2:	00 91 12 02 	lds	r16, 0x0212	; 0x800212 <osEE_cdb_var>
    20b6:	10 91 13 02 	lds	r17, 0x0213	; 0x800213 <osEE_cdb_var+0x1>

  p_tcb_released->status       = OSEE_TASK_READY_STACKED;
    20ba:	82 e0       	ldi	r24, 0x02	; 2
    20bc:	90 e0       	ldi	r25, 0x00	; 0
    20be:	9b 83       	std	Y+3, r25	; 0x03
    20c0:	8a 83       	std	Y+2, r24	; 0x02
  p_tcb_released->current_prio = p_tdb_released->ready_prio;
    20c2:	83 85       	ldd	r24, Z+11	; 0x0b
    20c4:	89 83       	std	Y+1, r24	; 0x01
  /* Touch unused parameters */
  (void)p_kdb;

  osEE_lock_core(p_cdb);

  rq_head_changed = osEE_scheduler_rq_insert(&p_ccb->rq,
    20c6:	c8 01       	movw	r24, r16
    20c8:	02 96       	adiw	r24, 0x02	; 2
    20ca:	0e 94 9a 0f 	call	0x1f34	; 0x1f34 <osEE_scheduler_rq_insert>
    p_sn_released, p_tdb_released);

  if (rq_head_changed == OSEE_TRUE) {
    20ce:	01 97       	sbiw	r24, 0x01	; 1
    20d0:	91 f4       	brne	.+36     	; 0x20f6 <osEE_scheduler_task_unblocked+0x5a>
    is_preemption = (p_tcb_released->current_prio >
      p_ccb->p_curr->p_tcb->current_prio);
    20d2:	d8 01       	movw	r26, r16
    20d4:	ed 91       	ld	r30, X+
    20d6:	fc 91       	ld	r31, X
    20d8:	04 80       	ldd	r0, Z+4	; 0x04
    20da:	f5 81       	ldd	r31, Z+5	; 0x05
    20dc:	e0 2d       	mov	r30, r0

  rq_head_changed = osEE_scheduler_rq_insert(&p_ccb->rq,
    p_sn_released, p_tdb_released);

  if (rq_head_changed == OSEE_TRUE) {
    is_preemption = (p_tcb_released->current_prio >
    20de:	81 e0       	ldi	r24, 0x01	; 1
    20e0:	90 e0       	ldi	r25, 0x00	; 0
    20e2:	39 81       	ldd	r19, Y+1	; 0x01
    20e4:	21 81       	ldd	r18, Z+1	; 0x01
    20e6:	23 17       	cp	r18, r19
    20e8:	08 f0       	brcs	.+2      	; 0x20ec <osEE_scheduler_task_unblocked+0x50>
    20ea:	80 e0       	ldi	r24, 0x00	; 0
    }
  }
#endif /* !OSEE_SINGLECORE */

  return is_preemption;
}
    20ec:	df 91       	pop	r29
    20ee:	cf 91       	pop	r28
    20f0:	1f 91       	pop	r17
    20f2:	0f 91       	pop	r16
    20f4:	08 95       	ret
  P2VAR(OsEE_SN,  AUTOMATIC, OS_APPL_DATA)  p_sn_released
)
{
  VAR(OsEE_bool, AUTOMATIC) rq_head_changed;
  VAR(OsEE_bool, AUTOMATIC)
    is_preemption = OSEE_FALSE;
    20f6:	80 e0       	ldi	r24, 0x00	; 0
    20f8:	90 e0       	ldi	r25, 0x00	; 0
      }
    }
  }
#endif /* !OSEE_SINGLECORE */

  return is_preemption;
    20fa:	f8 cf       	rjmp	.-16     	; 0x20ec <osEE_scheduler_task_unblocked+0x50>

000020fc <osEE_scheduler_task_terminated>:
  osEE_scheduler_task_terminated
(
  P2VAR(OsEE_KDB, AUTOMATIC, OS_APPL_DATA)    p_kdb,
  P2VAR(OsEE_TDB *, AUTOMATIC, OS_APPL_DATA)  pp_tdb_from
)
{
    20fc:	af 92       	push	r10
    20fe:	bf 92       	push	r11
    2100:	cf 92       	push	r12
    2102:	df 92       	push	r13
    2104:	ef 92       	push	r14
    2106:	ff 92       	push	r15
    2108:	0f 93       	push	r16
    210a:	1f 93       	push	r17
    210c:	cf 93       	push	r28
    210e:	df 93       	push	r29
  CONSTP2VAR(OsEE_CDB, AUTOMATIC, OS_APPL_DATA) p_cdb = osEE_get_curr_core();
  CONSTP2VAR(OsEE_CCB, AUTOMATIC, OS_APPL_DATA) p_ccb = p_cdb->p_ccb;
    2110:	c0 91 12 02 	lds	r28, 0x0212	; 0x800212 <osEE_cdb_var>
    2114:	d0 91 13 02 	lds	r29, 0x0213	; 0x800213 <osEE_cdb_var+0x1>
  /* Touch unused parameters */
  (void)p_kdb;
  osEE_lock_core(p_cdb);
  {
    CONSTP2VAR(OsEE_TDB, AUTOMATIC, OS_APPL_DATA)
      p_tdb_term  = p_ccb->p_curr;
    2118:	fe 01       	movw	r30, r28
    211a:	e1 90       	ld	r14, Z+
    211c:	f1 90       	ld	r15, Z+
    211e:	6f 01       	movw	r12, r30
    CONSTP2VAR(OsEE_TCB, AUTOMATIC, OS_APPL_DATA)
      p_tcb_term  = p_tdb_term->p_tcb;
    2120:	f7 01       	movw	r30, r14
    2122:	04 81       	ldd	r16, Z+4	; 0x04
    2124:	15 81       	ldd	r17, Z+5	; 0x05

    /* Prepare the TDB from return value */
    (*pp_tdb_from) = p_tdb_term;
    2126:	fb 01       	movw	r30, r22
    2128:	f1 82       	std	Z+1, r15	; 0x01
    212a:	e0 82       	st	Z, r14

    if (p_tcb_term->status == OSEE_TASK_RUNNING) {
    212c:	f8 01       	movw	r30, r16
    212e:	82 81       	ldd	r24, Z+2	; 0x02
    2130:	93 81       	ldd	r25, Z+3	; 0x03
    2132:	04 97       	sbiw	r24, 0x04	; 4
    2134:	31 f5       	brne	.+76     	; 0x2182 <osEE_scheduler_task_terminated+0x86>
      /* Normal Termination */
      CONSTP2VAR(OsEE_SN, AUTOMATIC, OS_APPL_DATA)
        p_sn_term = osEE_scheduler_core_pop_running(p_cdb, &p_ccb->rq);
    2136:	b6 01       	movw	r22, r12
    2138:	82 e1       	ldi	r24, 0x12	; 18
    213a:	92 e0       	ldi	r25, 0x02	; 2
    213c:	0e 94 a1 0f 	call	0x1f42	; 0x1f42 <osEE_scheduler_core_pop_running>
    2140:	5c 01       	movw	r10, r24

      p_tdb_to = p_ccb->p_curr;
    2142:	c8 80       	ld	r12, Y
    2144:	d9 80       	ldd	r13, Y+1	; 0x01

      /* Handle if there was another activation of the same TASK already
       * as Head of RQ */
      if (p_tdb_term != p_tdb_to) {
    2146:	ec 14       	cp	r14, r12
    2148:	fd 04       	cpc	r15, r13
    214a:	b1 f0       	breq	.+44     	; 0x2178 <osEE_scheduler_task_terminated+0x7c>
        osEE_task_end(p_tdb_term);
    214c:	c7 01       	movw	r24, r14
    214e:	0e 94 dd 0f 	call	0x1fba	; 0x1fba <osEE_task_end>
(
  P2VAR(OsEE_SN *, AUTOMATIC, OS_APPL_DATA) pp_first,
  P2VAR(OsEE_SN  , AUTOMATIC, OS_APPL_DATA) p_to_free
)
{
  p_to_free->p_next = (*pp_first);
    2152:	8c 81       	ldd	r24, Y+4	; 0x04
    2154:	9d 81       	ldd	r25, Y+5	; 0x05
    2156:	f5 01       	movw	r30, r10
    2158:	91 83       	std	Z+1, r25	; 0x01
    215a:	80 83       	st	Z, r24
  (*pp_first)       = p_to_free;
    215c:	bd 82       	std	Y+5, r11	; 0x05
    215e:	ac 82       	std	Y+4, r10	; 0x04
    }
  }
  osEE_unlock_core(p_cdb);

  return p_tdb_to;
}
    2160:	c6 01       	movw	r24, r12
    2162:	df 91       	pop	r29
    2164:	cf 91       	pop	r28
    2166:	1f 91       	pop	r17
    2168:	0f 91       	pop	r16
    216a:	ff 90       	pop	r15
    216c:	ef 90       	pop	r14
    216e:	df 90       	pop	r13
    2170:	cf 90       	pop	r12
    2172:	bf 90       	pop	r11
    2174:	af 90       	pop	r10
    2176:	08 95       	ret
#if (defined(OSEE_HAS_PRETASKHOOK))
        /* If TDB_TERM is equal to TDB_TO, the following assure that
         * PreTaskHook will be called */
        p_ccb->p_last_tdb_hook = NULL;
#endif /* OSEE_HAS_PRETASKHOOK */
        --p_tcb_term->current_num_of_act;
    2178:	f8 01       	movw	r30, r16
    217a:	80 81       	ld	r24, Z
    217c:	81 50       	subi	r24, 0x01	; 1
    217e:	80 83       	st	Z, r24
    2180:	e8 cf       	rjmp	.-48     	; 0x2152 <osEE_scheduler_task_terminated+0x56>
      /* In Normal Termination => SN released */
      osEE_sn_release(&p_ccb->p_free_sn, p_sn_term);
    } else {
      /* Handle ChainTask */
      CONSTP2VAR(OsEE_SN, AUTOMATIC, OS_APPL_DATA)
        p_sn_term = p_ccb->p_stk_sn;
    2182:	6e 81       	ldd	r22, Y+6	; 0x06
    2184:	7f 81       	ldd	r23, Y+7	; 0x07

      /* Pop the current STK SN, if not IDLE TASK. This function MUST not be
       * called inside IDLE TASK. */
      p_ccb->p_stk_sn = p_sn_term->p_next;
    2186:	fb 01       	movw	r30, r22
    2188:	80 81       	ld	r24, Z
    218a:	91 81       	ldd	r25, Z+1	; 0x01
    218c:	9f 83       	std	Y+7, r25	; 0x07
    218e:	8e 83       	std	Y+6, r24	; 0x06
      /* Wait to see p_ccb->p_curr until you are completely sure to what set */

      /* I need to release internal resource for Chained TASK
       * (set ready prio instead of dispatch prio) to let RQ Tasks 'preempt'
       * the Chained. */
      p_tcb_term->current_prio = p_tdb_term->ready_prio;
    2190:	f7 01       	movw	r30, r14
    2192:	83 85       	ldd	r24, Z+11	; 0x0b
    2194:	f8 01       	movw	r30, r16
    2196:	81 83       	std	Z+1, r24	; 0x01
      p_tcb_term->status = OSEE_TASK_READY;
    2198:	81 e0       	ldi	r24, 0x01	; 1
    219a:	90 e0       	ldi	r25, 0x00	; 0
    219c:	93 83       	std	Z+3, r25	; 0x03
    219e:	82 83       	std	Z+2, r24	; 0x02
#if (defined(OSEE_HAS_EVENTS))
      /* If this activation is the last of a TASK, a chaining is
       * a transition from SUSPENDED to READY so I need to reset Events. */
      if (p_tcb_term->current_num_of_act == 1U) {
    21a0:	80 81       	ld	r24, Z
    21a2:	81 30       	cpi	r24, 0x01	; 1
    21a4:	11 f4       	brne	.+4      	; 0x21aa <osEE_scheduler_task_terminated+0xae>
    21a6:	11 86       	std	Z+9, r1	; 0x09
    21a8:	10 86       	std	Z+8, r1	; 0x08
        osEE_task_event_reset_mask(p_tcb_term);
      }
#endif /* OSEE_HAS_EVENTS */

      (void)osEE_scheduler_rq_insert(&p_ccb->rq, p_sn_term, p_tdb_term);
    21aa:	a7 01       	movw	r20, r14
    21ac:	c6 01       	movw	r24, r12
    21ae:	0e 94 9a 0f 	call	0x1f34	; 0x1f34 <osEE_scheduler_rq_insert>

      {
        CONSTP2VAR(OsEE_preempt, AUTOMATIC, OS_APPL_DATA)
          p_prev = osEE_scheduler_core_rq_preempt_stk(p_cdb, &p_ccb->rq);
    21b2:	b6 01       	movw	r22, r12
    21b4:	82 e1       	ldi	r24, 0x12	; 18
    21b6:	92 e0       	ldi	r25, 0x02	; 2
    21b8:	0e 94 09 0f 	call	0x1e12	; 0x1e12 <osEE_scheduler_core_rq_preempt_stk>

        if (p_prev == NULL) {
    21bc:	89 2b       	or	r24, r25
    21be:	39 f4       	brne	.+14     	; 0x21ce <osEE_scheduler_task_terminated+0xd2>
          /* Restore Stacked.
           * Not Needed to Check Idle TASK since just reinserted the chained
           * in RQ */
          p_tdb_to                = p_ccb->p_stk_sn->p_tdb;
    21c0:	ee 81       	ldd	r30, Y+6	; 0x06
    21c2:	ff 81       	ldd	r31, Y+7	; 0x07
    21c4:	c2 80       	ldd	r12, Z+2	; 0x02
    21c6:	d3 80       	ldd	r13, Z+3	; 0x03
          p_ccb->p_curr           = p_tdb_to;
    21c8:	d9 82       	std	Y+1, r13	; 0x01
    21ca:	c8 82       	st	Y, r12
    21cc:	c9 cf       	rjmp	.-110    	; 0x2160 <osEE_scheduler_task_terminated+0x64>
        } else {
          p_tdb_to = p_ccb->p_curr;
    21ce:	c8 80       	ld	r12, Y
    21d0:	d9 80       	ldd	r13, Y+1	; 0x01
      /* Chained Termination => SN reused - NO Release */
    }
  }
  osEE_unlock_core(p_cdb);

  return p_tdb_to;
    21d2:	c6 cf       	rjmp	.-116    	; 0x2160 <osEE_scheduler_task_terminated+0x64>

000021d4 <osEE_scheduler_task_preemption_point>:
FUNC(OsEE_bool, OS_CODE)
  osEE_scheduler_task_preemption_point
(
  P2VAR(OsEE_KDB, AUTOMATIC, OS_APPL_DATA)  p_kdb
)
{
    21d4:	cf 93       	push	r28
    21d6:	df 93       	push	r29
  VAR(OsEE_bool, AUTOMATIC)                     is_preemption;
  P2VAR(OsEE_preempt, AUTOMATIC, OS_APPL_DATA)  p_prev;
  CONSTP2VAR(OsEE_CDB, AUTOMATIC, OS_APPL_DATA) p_cdb = osEE_get_curr_core();
  CONSTP2VAR(OsEE_CCB, AUTOMATIC, OS_APPL_DATA) p_ccb = p_cdb->p_ccb;
    21d8:	c0 91 12 02 	lds	r28, 0x0212	; 0x800212 <osEE_cdb_var>
    21dc:	d0 91 13 02 	lds	r29, 0x0213	; 0x800213 <osEE_cdb_var+0x1>
  /* Touch unused parameters */
  (void)p_kdb;
  /* Lock the Scheduler */
  osEE_lock_core(p_cdb);

  p_prev = osEE_scheduler_core_rq_preempt_stk(p_cdb, &p_ccb->rq);
    21e0:	be 01       	movw	r22, r28
    21e2:	6e 5f       	subi	r22, 0xFE	; 254
    21e4:	7f 4f       	sbci	r23, 0xFF	; 255
    21e6:	82 e1       	ldi	r24, 0x12	; 18
    21e8:	92 e0       	ldi	r25, 0x02	; 2
    21ea:	0e 94 09 0f 	call	0x1e12	; 0x1e12 <osEE_scheduler_core_rq_preempt_stk>

  /* Unlock the Scheduler (critical section terminated) */
  osEE_unlock_core(p_cdb);

  if (p_prev != NULL) {
    21ee:	00 97       	sbiw	r24, 0x00	; 0
    21f0:	49 f0       	breq	.+18     	; 0x2204 <osEE_scheduler_task_preemption_point+0x30>
    CONSTP2VAR(OsEE_TDB, AUTOMATIC, OS_APPL_DATA) p_curr = p_ccb->p_curr;

    osEE_change_context_from_running(p_prev, p_curr);
    21f2:	68 81       	ld	r22, Y
    21f4:	79 81       	ldd	r23, Y+1	; 0x01
    21f6:	0e 94 b0 12 	call	0x2560	; 0x2560 <osEE_change_context_from_running>

    is_preemption = OSEE_TRUE;
    21fa:	81 e0       	ldi	r24, 0x01	; 1
    21fc:	90 e0       	ldi	r25, 0x00	; 0
  } else {
    is_preemption = OSEE_FALSE;
  }

  return is_preemption;
}
    21fe:	df 91       	pop	r29
    2200:	cf 91       	pop	r28
    2202:	08 95       	ret

    osEE_change_context_from_running(p_prev, p_curr);

    is_preemption = OSEE_TRUE;
  } else {
    is_preemption = OSEE_FALSE;
    2204:	90 e0       	ldi	r25, 0x00	; 0
    2206:	80 e0       	ldi	r24, 0x00	; 0
  }

  return is_preemption;
    2208:	fa cf       	rjmp	.-12     	; 0x21fe <osEE_scheduler_task_preemption_point+0x2a>

0000220a <osEE_scheduler_task_set_running>:
(
  P2VAR(OsEE_KDB, AUTOMATIC, OS_APPL_DATA)  p_kdb,
  P2VAR(OsEE_TDB, AUTOMATIC, OS_APPL_DATA)  p_tdb,
  P2VAR(OsEE_SN,  AUTOMATIC, OS_APPL_DATA)  p_sn
)
{
    220a:	cf 93       	push	r28
    220c:	df 93       	push	r29
  CONSTP2VAR(OsEE_CDB, AUTOMATIC, OS_APPL_DATA) p_cdb = osEE_get_curr_core();
  CONSTP2VAR(OsEE_CCB, AUTOMATIC, OS_APPL_DATA) p_ccb = p_cdb->p_ccb;
    220e:	e0 91 12 02 	lds	r30, 0x0212	; 0x800212 <osEE_cdb_var>
    2212:	f0 91 13 02 	lds	r31, 0x0213	; 0x800213 <osEE_cdb_var+0x1>
  CONSTP2VAR(OsEE_TDB, AUTOMATIC, OS_APPL_DATA) p_preempted = p_ccb->p_curr;
    2216:	80 81       	ld	r24, Z
    2218:	91 81       	ldd	r25, Z+1	; 0x01
  CONSTP2VAR(OsEE_SN, AUTOMATIC, OS_APPL_DATA)
    p_preempted_sn = p_ccb->p_stk_sn;
    221a:	26 81       	ldd	r18, Z+6	; 0x06
    221c:	37 81       	ldd	r19, Z+7	; 0x07

  /* Set previous TASK as stacked only if the activation has been completed */
  if (p_preempted->p_tcb->status == OSEE_TASK_RUNNING) {
    221e:	ec 01       	movw	r28, r24
    2220:	ac 81       	ldd	r26, Y+4	; 0x04
    2222:	bd 81       	ldd	r27, Y+5	; 0x05
    2224:	12 96       	adiw	r26, 0x02	; 2
    2226:	cd 91       	ld	r28, X+
    2228:	dc 91       	ld	r29, X
    222a:	13 97       	sbiw	r26, 0x03	; 3
    222c:	24 97       	sbiw	r28, 0x04	; 4
    222e:	31 f4       	brne	.+12     	; 0x223c <osEE_scheduler_task_set_running+0x32>
    p_preempted->p_tcb->status  = OSEE_TASK_READY_STACKED;
    2230:	c2 e0       	ldi	r28, 0x02	; 2
    2232:	d0 e0       	ldi	r29, 0x00	; 0
    2234:	13 96       	adiw	r26, 0x03	; 3
    2236:	dc 93       	st	X, r29
    2238:	ce 93       	st	-X, r28
    223a:	12 97       	sbiw	r26, 0x02	; 2
  }
  p_ccb->p_curr                 = p_tdb;
    223c:	71 83       	std	Z+1, r23	; 0x01
    223e:	60 83       	st	Z, r22

  /* Touch unused parameters */
  (void)p_kdb;
  if (p_sn == NULL) {
    2240:	41 15       	cp	r20, r1
    2242:	51 05       	cpc	r21, r1
    2244:	b9 f4       	brne	.+46     	; 0x2274 <osEE_scheduler_task_set_running+0x6a>
  P2VAR(OsEE_SN *, AUTOMATIC, OS_APPL_DATA) pp_first
)
{
  P2VAR(OsEE_SN, AUTOMATIC, OS_APPL_DATA) p_sn_allocated;

  p_sn_allocated          = (*pp_first);
    2246:	a4 81       	ldd	r26, Z+4	; 0x04
    2248:	b5 81       	ldd	r27, Z+5	; 0x05
  (*pp_first)              = p_sn_allocated->p_next;
    224a:	4d 91       	ld	r20, X+
    224c:	5c 91       	ld	r21, X
    224e:	11 97       	sbiw	r26, 0x01	; 1
    2250:	55 83       	std	Z+5, r21	; 0x05
    2252:	44 83       	std	Z+4, r20	; 0x04
  p_sn_allocated->p_next  = NULL;
    2254:	11 96       	adiw	r26, 0x01	; 1
    2256:	1c 92       	st	X, r1
    2258:	1e 92       	st	-X, r1
    osEE_lock_core(p_cdb);
    /* Alloc the SN for the new Running TASK */
    p_ccb->p_stk_sn             = osEE_sn_alloc(&p_ccb->p_free_sn);
    225a:	b7 83       	std	Z+7, r27	; 0x07
    225c:	a6 83       	std	Z+6, r26	; 0x06
  } else {
    p_ccb->p_stk_sn             = p_sn;
  }

  /* In Scheduler partitioned the TASK are stacked */
  p_ccb->p_stk_sn->p_tdb        = p_tdb;
    225e:	06 80       	ldd	r0, Z+6	; 0x06
    2260:	f7 81       	ldd	r31, Z+7	; 0x07
    2262:	e0 2d       	mov	r30, r0
    2264:	73 83       	std	Z+3, r23	; 0x03
    2266:	62 83       	std	Z+2, r22	; 0x02
  p_ccb->p_stk_sn->p_next       = p_preempted_sn;
    2268:	31 83       	std	Z+1, r19	; 0x01
    226a:	20 83       	st	Z, r18

  osEE_change_context_from_running(p_preempted, p_tdb);
}
    226c:	df 91       	pop	r29
    226e:	cf 91       	pop	r28

  /* In Scheduler partitioned the TASK are stacked */
  p_ccb->p_stk_sn->p_tdb        = p_tdb;
  p_ccb->p_stk_sn->p_next       = p_preempted_sn;

  osEE_change_context_from_running(p_preempted, p_tdb);
    2270:	0c 94 b0 12 	jmp	0x2560	; 0x2560 <osEE_change_context_from_running>
    osEE_lock_core(p_cdb);
    /* Alloc the SN for the new Running TASK */
    p_ccb->p_stk_sn             = osEE_sn_alloc(&p_ccb->p_free_sn);
    osEE_unlock_core(p_cdb);
  } else {
    p_ccb->p_stk_sn             = p_sn;
    2274:	57 83       	std	Z+7, r21	; 0x07
    2276:	46 83       	std	Z+6, r20	; 0x06
    2278:	f2 cf       	rjmp	.-28     	; 0x225e <osEE_scheduler_task_set_running+0x54>

0000227a <osEE_counter_insert_abs_trigger>:
    if (p_current != NULL) {
      /* Remove p_trigger_db from the list */
      p_previous->p_trigger_cb->p_next = p_trigger_cb->p_next;
    }
  }
}
    227a:	af 92       	push	r10
    227c:	bf 92       	push	r11
    227e:	cf 92       	push	r12
    2280:	df 92       	push	r13
    2282:	ef 92       	push	r14
    2284:	ff 92       	push	r15
    2286:	0f 93       	push	r16
    2288:	1f 93       	push	r17
    228a:	cf 93       	push	r28
    228c:	df 93       	push	r29
    228e:	dc 01       	movw	r26, r24
    2290:	ad 90       	ld	r10, X+
    2292:	bc 90       	ld	r11, X
    2294:	e5 01       	movw	r28, r10
    2296:	e8 81       	ld	r30, Y
    2298:	f9 81       	ldd	r31, Y+1	; 0x01
    229a:	2a 81       	ldd	r18, Y+2	; 0x02
    229c:	3b 81       	ldd	r19, Y+3	; 0x03
    229e:	db 01       	movw	r26, r22
    22a0:	cd 90       	ld	r12, X+
    22a2:	dc 90       	ld	r13, X
    22a4:	e6 01       	movw	r28, r12
    22a6:	5b 83       	std	Y+3, r21	; 0x03
    22a8:	4a 83       	std	Y+2, r20	; 0x02
    22aa:	81 e0       	ldi	r24, 0x01	; 1
    22ac:	90 e0       	ldi	r25, 0x00	; 0
    22ae:	b0 e0       	ldi	r27, 0x00	; 0
    22b0:	a0 e0       	ldi	r26, 0x00	; 0
    22b2:	30 97       	sbiw	r30, 0x00	; 0
    22b4:	11 f0       	breq	.+4      	; 0x22ba <osEE_counter_insert_abs_trigger+0x40>
    22b6:	00 97       	sbiw	r24, 0x00	; 0
    22b8:	a9 f4       	brne	.+42     	; 0x22e4 <osEE_counter_insert_abs_trigger+0x6a>
    22ba:	10 97       	sbiw	r26, 0x00	; 0
    22bc:	79 f1       	breq	.+94     	; 0x231c <osEE_counter_insert_abs_trigger+0xa2>
    22be:	0d 90       	ld	r0, X+
    22c0:	bc 91       	ld	r27, X
    22c2:	a0 2d       	mov	r26, r0
    22c4:	6d 93       	st	X+, r22
    22c6:	7c 93       	st	X, r23
    22c8:	e6 01       	movw	r28, r12
    22ca:	f9 83       	std	Y+1, r31	; 0x01
    22cc:	e8 83       	st	Y, r30
    22ce:	df 91       	pop	r29
    22d0:	cf 91       	pop	r28
    22d2:	1f 91       	pop	r17
    22d4:	0f 91       	pop	r16
    22d6:	ff 90       	pop	r15
    22d8:	ef 90       	pop	r14
    22da:	df 90       	pop	r13
    22dc:	cf 90       	pop	r12
    22de:	bf 90       	pop	r11
    22e0:	af 90       	pop	r10
    22e2:	08 95       	ret
    22e4:	00 81       	ld	r16, Z
    22e6:	11 81       	ldd	r17, Z+1	; 0x01
    22e8:	e8 01       	movw	r28, r16
    22ea:	ea 80       	ldd	r14, Y+2	; 0x02
    22ec:	fb 80       	ldd	r15, Y+3	; 0x03
    22ee:	2e 15       	cp	r18, r14
    22f0:	3f 05       	cpc	r19, r15
    22f2:	58 f4       	brcc	.+22     	; 0x230a <osEE_counter_insert_abs_trigger+0x90>
    22f4:	4e 15       	cp	r20, r14
    22f6:	5f 05       	cpc	r21, r15
    22f8:	18 f4       	brcc	.+6      	; 0x2300 <osEE_counter_insert_abs_trigger+0x86>
    22fa:	24 17       	cp	r18, r20
    22fc:	35 07       	cpc	r19, r21
    22fe:	58 f0       	brcs	.+22     	; 0x2316 <osEE_counter_insert_abs_trigger+0x9c>
    2300:	df 01       	movw	r26, r30
    2302:	e8 01       	movw	r28, r16
    2304:	e8 81       	ld	r30, Y
    2306:	f9 81       	ldd	r31, Y+1	; 0x01
    2308:	d4 cf       	rjmp	.-88     	; 0x22b2 <osEE_counter_insert_abs_trigger+0x38>
    230a:	24 17       	cp	r18, r20
    230c:	35 07       	cpc	r19, r21
    230e:	18 f0       	brcs	.+6      	; 0x2316 <osEE_counter_insert_abs_trigger+0x9c>
    2310:	4e 15       	cp	r20, r14
    2312:	5f 05       	cpc	r21, r15
    2314:	a8 f7       	brcc	.-22     	; 0x2300 <osEE_counter_insert_abs_trigger+0x86>
    2316:	90 e0       	ldi	r25, 0x00	; 0
    2318:	80 e0       	ldi	r24, 0x00	; 0
    231a:	cb cf       	rjmp	.-106    	; 0x22b2 <osEE_counter_insert_abs_trigger+0x38>
    231c:	d5 01       	movw	r26, r10
    231e:	d2 cf       	rjmp	.-92     	; 0x22c4 <osEE_counter_insert_abs_trigger+0x4a>

00002320 <osEE_counter_insert_rel_trigger>:
    2320:	cf 93       	push	r28
    2322:	df 93       	push	r29
    2324:	dc 01       	movw	r26, r24
    2326:	12 96       	adiw	r26, 0x02	; 2
    2328:	ed 91       	ld	r30, X+
    232a:	fc 91       	ld	r31, X
    232c:	13 97       	sbiw	r26, 0x03	; 3
    232e:	0d 90       	ld	r0, X+
    2330:	bc 91       	ld	r27, X
    2332:	a0 2d       	mov	r26, r0
    2334:	12 96       	adiw	r26, 0x02	; 2
    2336:	2d 91       	ld	r18, X+
    2338:	3c 91       	ld	r19, X
    233a:	df 01       	movw	r26, r30
    233c:	a4 1b       	sub	r26, r20
    233e:	b5 0b       	sbc	r27, r21
    2340:	a2 17       	cp	r26, r18
    2342:	b3 07       	cpc	r27, r19
    2344:	30 f0       	brcs	.+12     	; 0x2352 <osEE_counter_insert_rel_trigger+0x32>
    2346:	42 0f       	add	r20, r18
    2348:	53 1f       	adc	r21, r19
    234a:	df 91       	pop	r29
    234c:	cf 91       	pop	r28
    234e:	0c 94 3d 11 	jmp	0x227a	; 0x227a <osEE_counter_insert_abs_trigger>
    2352:	41 50       	subi	r20, 0x01	; 1
    2354:	51 09       	sbc	r21, r1
    2356:	42 0f       	add	r20, r18
    2358:	53 1f       	adc	r21, r19
    235a:	4e 1b       	sub	r20, r30
    235c:	5f 0b       	sbc	r21, r31
    235e:	f5 cf       	rjmp	.-22     	; 0x234a <osEE_counter_insert_rel_trigger+0x2a>

00002360 <osEE_counter_increment>:
FUNC(void, OS_CODE)
  osEE_counter_increment
(
  P2VAR(OsEE_CounterDB, AUTOMATIC, OS_APPL_DATA) p_counter_db
)
{
    2360:	8f 92       	push	r8
    2362:	9f 92       	push	r9
    2364:	af 92       	push	r10
    2366:	bf 92       	push	r11
    2368:	cf 92       	push	r12
    236a:	df 92       	push	r13
    236c:	ef 92       	push	r14
    236e:	ff 92       	push	r15
    2370:	0f 93       	push	r16
    2372:	1f 93       	push	r17
    2374:	cf 93       	push	r28
    2376:	df 93       	push	r29
    2378:	00 d0       	rcall	.+0      	; 0x237a <osEE_counter_increment+0x1a>
    237a:	cd b7       	in	r28, 0x3d	; 61
    237c:	de b7       	in	r29, 0x3e	; 62
  CONSTP2VAR(OsEE_CounterCB, AUTOMATIC, OS_APPL_DATA)
    p_counter_cb = p_counter_db->p_counter_cb;
    237e:	dc 01       	movw	r26, r24
    2380:	cd 90       	ld	r12, X+
    2382:	dc 90       	ld	r13, X
    2384:	11 97       	sbiw	r26, 0x01	; 1
    CONSTP2VAR(OsEE_CDB, AUTOMATIC, OS_APPL_CONST)
      p_cdb = osEE_get_curr_core();

    /* Counter Increment can be done outside lock critical section, since only
       a core is allowed to do that */
    if (p_counter_cb->value >= p_counter_db->info.maxallowedvalue) {
    2386:	f6 01       	movw	r30, r12
    2388:	22 81       	ldd	r18, Z+2	; 0x02
    238a:	33 81       	ldd	r19, Z+3	; 0x03
    238c:	12 96       	adiw	r26, 0x02	; 2
    238e:	4d 91       	ld	r20, X+
    2390:	5c 91       	ld	r21, X
    2392:	24 17       	cp	r18, r20
    2394:	35 07       	cpc	r19, r21
    2396:	08 f4       	brcc	.+2      	; 0x239a <osEE_counter_increment+0x3a>
    2398:	71 c0       	rjmp	.+226    	; 0x247c <osEE_counter_increment+0x11c>
      counter_value       = 0U;
      p_counter_cb->value = 0U;
    239a:	13 82       	std	Z+3, r1	; 0x03
    239c:	12 82       	std	Z+2, r1	; 0x02
      p_cdb = osEE_get_curr_core();

    /* Counter Increment can be done outside lock critical section, since only
       a core is allowed to do that */
    if (p_counter_cb->value >= p_counter_db->info.maxallowedvalue) {
      counter_value       = 0U;
    239e:	30 e0       	ldi	r19, 0x00	; 0
    23a0:	20 e0       	ldi	r18, 0x00	; 0
            to not have nested critical sections.
            To handle possible races due to cycling triggers a state
            protocol have been implemented. */
    osEE_lock_core(p_cdb);

    p_triggered_db = p_counter_cb->trigger_queue;
    23a2:	f6 01       	movw	r30, r12
    23a4:	00 81       	ld	r16, Z
    23a6:	11 81       	ldd	r17, Z+1	; 0x01

    if (p_triggered_db != NULL) {
    23a8:	01 15       	cp	r16, r1
    23aa:	11 05       	cpc	r17, r1
    23ac:	09 f4       	brne	.+2      	; 0x23b0 <osEE_counter_increment+0x50>
    23ae:	57 c0       	rjmp	.+174    	; 0x245e <osEE_counter_increment+0xfe>
      P2CONST(OsEE_TriggerCB, AUTOMATIC, OS_APPL_DATA)
        p_triggered_cb = p_triggered_db->p_trigger_cb;

      if (p_triggered_cb->when == counter_value) {
    23b0:	d8 01       	movw	r26, r16
    23b2:	ed 91       	ld	r30, X+
    23b4:	fc 91       	ld	r31, X
    23b6:	11 97       	sbiw	r26, 0x01	; 1
    23b8:	42 81       	ldd	r20, Z+2	; 0x02
    23ba:	53 81       	ldd	r21, Z+3	; 0x03
    23bc:	42 17       	cp	r20, r18
    23be:	53 07       	cpc	r21, r19
    23c0:	09 f0       	breq	.+2      	; 0x23c4 <osEE_counter_increment+0x64>
    23c2:	4d c0       	rjmp	.+154    	; 0x245e <osEE_counter_increment+0xfe>
          /* Now I will use previous to hold the previous checked alarm */
          CONSTP2VAR(OsEE_TriggerCB, AUTOMATIC, OS_APPL_DATA)
            p_current_cb = p_current->p_trigger_cb;
          p_previous = p_current;
          /* Set this Trigger as Expired */
          p_current_cb->status = OSEE_TRIGGER_EXPIRED;
    23c4:	23 e0       	ldi	r18, 0x03	; 3
    23c6:	e2 2e       	mov	r14, r18
    23c8:	f1 2c       	mov	r15, r1
          p_previous;

        do {
          /* Now I will use previous to hold the previous checked alarm */
          CONSTP2VAR(OsEE_TriggerCB, AUTOMATIC, OS_APPL_DATA)
            p_current_cb = p_current->p_trigger_cb;
    23ca:	2d 91       	ld	r18, X+
    23cc:	3c 91       	ld	r19, X
          p_previous = p_current;
          /* Set this Trigger as Expired */
          p_current_cb->status = OSEE_TRIGGER_EXPIRED;
    23ce:	f9 01       	movw	r30, r18
    23d0:	f5 82       	std	Z+5, r15	; 0x05
    23d2:	e4 82       	std	Z+4, r14	; 0x04
          p_current = p_current_cb->p_next;
    23d4:	a0 81       	ld	r26, Z
    23d6:	b1 81       	ldd	r27, Z+1	; 0x01
        } while ((p_current != NULL) &&
          (p_current->p_trigger_cb->when == counter_value));
    23d8:	10 97       	sbiw	r26, 0x00	; 0
    23da:	49 f0       	breq	.+18     	; 0x23ee <osEE_counter_increment+0x8e>
    23dc:	6d 91       	ld	r22, X+
    23de:	7c 91       	ld	r23, X
    23e0:	11 97       	sbiw	r26, 0x01	; 1
            p_current_cb = p_current->p_trigger_cb;
          p_previous = p_current;
          /* Set this Trigger as Expired */
          p_current_cb->status = OSEE_TRIGGER_EXPIRED;
          p_current = p_current_cb->p_next;
        } while ((p_current != NULL) &&
    23e2:	fb 01       	movw	r30, r22
    23e4:	62 81       	ldd	r22, Z+2	; 0x02
    23e6:	73 81       	ldd	r23, Z+3	; 0x03
    23e8:	46 17       	cp	r20, r22
    23ea:	57 07       	cpc	r21, r23
    23ec:	71 f3       	breq	.-36     	; 0x23ca <osEE_counter_increment+0x6a>
    23ee:	7c 01       	movw	r14, r24
          (p_current->p_trigger_cb->when == counter_value));

        /* I set the end of handled queue */
        p_previous->p_trigger_cb->p_next = NULL;
    23f0:	f9 01       	movw	r30, r18
    23f2:	11 82       	std	Z+1, r1	; 0x01
    23f4:	10 82       	st	Z, r1
        /* I set the head of the trigger queue to the current value
           (maybe NULL) */
        p_counter_cb->trigger_queue = p_current;
    23f6:	f6 01       	movw	r30, r12
    23f8:	b1 83       	std	Z+1, r27	; 0x01
    23fa:	a0 83       	st	Z, r26
        osEE_trigger_get_alarm_db(p_trigger_to_be_handled_db)
      )->cycle;
    if (cycle > 0U) {
      /* Reinsert the trigger in timer wheel as relative with delta equal to
         cycle */
      p_trigger_to_be_handled_cb->status = OSEE_TRIGGER_ACTIVE;
    23fc:	82 e0       	ldi	r24, 0x02	; 2
    23fe:	c8 2e       	mov	r12, r24
    2400:	d1 2c       	mov	r13, r1
#endif /* OSEE_HAS_ALARMS || OSEE_HAS_SCHEDULE_TABLES */

          /* Prepare next trigger to be handled here, before actually handle
           * the current one, otherwise cycling triggers will mess with the
           * list of triggers that have to be handled now */
          p_triggered_db = p_triggered_db->p_trigger_cb->p_next;
    2402:	d8 01       	movw	r26, r16
    2404:	ed 91       	ld	r30, X+
    2406:	fc 91       	ld	r31, X
    2408:	11 97       	sbiw	r26, 0x01	; 1
    240a:	a0 80       	ld	r10, Z
    240c:	b1 80       	ldd	r11, Z+1	; 0x01
  osEE_handle_action
(
  P2VAR(OsEE_action, AUTOMATIC, OS_APPL_CONST) p_action
)
{
  VAR(StatusType, AUTOMATIC) ev = E_OK;
    240e:	1a 82       	std	Y+2, r1	; 0x02
    2410:	19 82       	std	Y+1, r1	; 0x01
  switch (p_action->type) {
    2412:	1c 96       	adiw	r26, 0x0c	; 12
    2414:	8d 91       	ld	r24, X+
    2416:	9c 91       	ld	r25, X
    2418:	1d 97       	sbiw	r26, 0x0d	; 13
    241a:	81 30       	cpi	r24, 0x01	; 1
    241c:	91 05       	cpc	r25, r1
    241e:	09 f4       	brne	.+2      	; 0x2422 <osEE_counter_increment+0xc2>
    2420:	42 c0       	rjmp	.+132    	; 0x24a6 <osEE_counter_increment+0x146>
    2422:	88 f1       	brcs	.+98     	; 0x2486 <osEE_counter_increment+0x126>
    2424:	82 30       	cpi	r24, 0x02	; 2
    2426:	91 05       	cpc	r25, r1
    2428:	09 f4       	brne	.+2      	; 0x242c <osEE_counter_increment+0xcc>
    242a:	52 c0       	rjmp	.+164    	; 0x24d0 <osEE_counter_increment+0x170>
    242c:	03 97       	sbiw	r24, 0x03	; 3
    242e:	09 f4       	brne	.+2      	; 0x2432 <osEE_counter_increment+0xd2>
    2430:	55 c0       	rjmp	.+170    	; 0x24dc <osEE_counter_increment+0x17c>
  );

  /* Re-enter in critical section to reinsert alarm-trigger if needed */
  p_cdb = osEE_lock_and_get_curr_core();

  p_trigger_to_be_handled_cb = p_trigger_to_be_handled_db->p_trigger_cb;
    2432:	d8 01       	movw	r26, r16
    2434:	ed 91       	ld	r30, X+
    2436:	fc 91       	ld	r31, X

  if (p_trigger_to_be_handled_cb->status == OSEE_TRIGGER_EXPIRED) {
    2438:	84 81       	ldd	r24, Z+4	; 0x04
    243a:	95 81       	ldd	r25, Z+5	; 0x05
    243c:	03 97       	sbiw	r24, 0x03	; 3
    243e:	61 f4       	brne	.+24     	; 0x2458 <osEE_counter_increment+0xf8>
    CONST(TickType, AUTOMATIC) cycle = osEE_alarm_get_cb(
    2440:	46 81       	ldd	r20, Z+6	; 0x06
    2442:	57 81       	ldd	r21, Z+7	; 0x07
        osEE_trigger_get_alarm_db(p_trigger_to_be_handled_db)
      )->cycle;
    if (cycle > 0U) {
    2444:	41 15       	cp	r20, r1
    2446:	51 05       	cpc	r21, r1
    2448:	09 f4       	brne	.+2      	; 0x244c <osEE_counter_increment+0xec>
    244a:	4d c0       	rjmp	.+154    	; 0x24e6 <osEE_counter_increment+0x186>
      /* Reinsert the trigger in timer wheel as relative with delta equal to
         cycle */
      p_trigger_to_be_handled_cb->status = OSEE_TRIGGER_ACTIVE;
    244c:	d5 82       	std	Z+5, r13	; 0x05
    244e:	c4 82       	std	Z+4, r12	; 0x04
      osEE_counter_insert_rel_trigger(p_counter_db,
    2450:	b8 01       	movw	r22, r16
    2452:	c7 01       	movw	r24, r14
    2454:	0e 94 90 11 	call	0x2320	; 0x2320 <osEE_counter_insert_rel_trigger>
    2458:	85 01       	movw	r16, r10
#elif (defined(OSEE_HAS_SCHEDULE_TABLES))
          osEE_counter_handle_st_expiry_point(p_counter_db,
            p_trigger_to_be_handled_db);
#endif /* OSEE_COUNTER_TRIGGER_TYPES elif OSEE_HAS_ALARMS elif
          OSEE_HAS_SCHEDULE_TABLES */
        } while (p_triggered_db != NULL);
    245a:	ab 28       	or	r10, r11
    245c:	91 f6       	brne	.-92     	; 0x2402 <osEE_counter_increment+0xa2>
      }
    } else {
      osEE_unlock_core(p_cdb);
    }
  }
}
    245e:	0f 90       	pop	r0
    2460:	0f 90       	pop	r0
    2462:	df 91       	pop	r29
    2464:	cf 91       	pop	r28
    2466:	1f 91       	pop	r17
    2468:	0f 91       	pop	r16
    246a:	ff 90       	pop	r15
    246c:	ef 90       	pop	r14
    246e:	df 90       	pop	r13
    2470:	cf 90       	pop	r12
    2472:	bf 90       	pop	r11
    2474:	af 90       	pop	r10
    2476:	9f 90       	pop	r9
    2478:	8f 90       	pop	r8
    247a:	08 95       	ret
       a core is allowed to do that */
    if (p_counter_cb->value >= p_counter_db->info.maxallowedvalue) {
      counter_value       = 0U;
      p_counter_cb->value = 0U;
    } else {
      ++p_counter_cb->value;
    247c:	2f 5f       	subi	r18, 0xFF	; 255
    247e:	3f 4f       	sbci	r19, 0xFF	; 255
    2480:	33 83       	std	Z+3, r19	; 0x03
    2482:	22 83       	std	Z+2, r18	; 0x02
    2484:	8e cf       	rjmp	.-228    	; 0x23a2 <osEE_counter_increment+0x42>
  VAR(StatusType, AUTOMATIC) ev = E_OK;
  switch (p_action->type) {
    case OSEE_ACTION_TASK:
    {
      CONSTP2VAR(OsEE_TDB, AUTOMATIC, OS_APPL_DATA)
        p_tdb     = p_action->param.p_tdb;
    2486:	f8 01       	movw	r30, r16
    2488:	86 80       	ldd	r8, Z+6	; 0x06
    248a:	97 80       	ldd	r9, Z+7	; 0x07

      ev = osEE_task_activated(p_tdb);
    248c:	c4 01       	movw	r24, r8
    248e:	0e 94 cb 0f 	call	0x1f96	; 0x1f96 <osEE_task_activated>
    2492:	9a 83       	std	Y+2, r25	; 0x02
    2494:	89 83       	std	Y+1, r24	; 0x01
      if (ev == E_OK) {
    2496:	89 2b       	or	r24, r25
    2498:	61 f6       	brne	.-104    	; 0x2432 <osEE_counter_increment+0xd2>
        (void)osEE_scheduler_task_insert(osEE_get_kernel(), p_tdb);
    249a:	b4 01       	movw	r22, r8
    249c:	80 e0       	ldi	r24, 0x00	; 0
    249e:	92 e0       	ldi	r25, 0x02	; 2
    24a0:	0e 94 27 10 	call	0x204e	; 0x204e <osEE_scheduler_task_insert>
    24a4:	c6 cf       	rjmp	.-116    	; 0x2432 <osEE_counter_increment+0xd2>
      CONSTP2VAR(OsEE_TDB, AUTOMATIC, OS_APPL_DATA)
        p_tdb = p_action->param.p_tdb;
      CONST(EventMaskType, AUTOMATIC)
        mask = p_action->param.mask;

      p_sn = osEE_task_event_set_mask(p_tdb, mask, &ev);
    24a6:	1a 96       	adiw	r26, 0x0a	; 10
    24a8:	6d 91       	ld	r22, X+
    24aa:	7c 91       	ld	r23, X
    24ac:	1b 97       	sbiw	r26, 0x0b	; 11
    24ae:	ae 01       	movw	r20, r28
    24b0:	4f 5f       	subi	r20, 0xFF	; 255
    24b2:	5f 4f       	sbci	r21, 0xFF	; 255
    24b4:	16 96       	adiw	r26, 0x06	; 6
    24b6:	8d 91       	ld	r24, X+
    24b8:	9c 91       	ld	r25, X
    24ba:	0e 94 f2 0f 	call	0x1fe4	; 0x1fe4 <osEE_task_event_set_mask>

      if (p_sn != NULL) {
    24be:	00 97       	sbiw	r24, 0x00	; 0
    24c0:	09 f4       	brne	.+2      	; 0x24c4 <osEE_counter_increment+0x164>
    24c2:	b7 cf       	rjmp	.-146    	; 0x2432 <osEE_counter_increment+0xd2>
        /* Release the TASK (and the SN) */
        (void)osEE_scheduler_task_unblocked(osEE_get_kernel(), p_sn);
    24c4:	bc 01       	movw	r22, r24
    24c6:	80 e0       	ldi	r24, 0x00	; 0
    24c8:	92 e0       	ldi	r25, 0x02	; 2
    24ca:	0e 94 4e 10 	call	0x209c	; 0x209c <osEE_scheduler_task_unblocked>
    24ce:	b1 cf       	rjmp	.-158    	; 0x2432 <osEE_counter_increment+0xd2>
      }
    }
    break;
#endif /* OSEE_HAS_EVENTS */
    case OSEE_ACTION_COUNTER:
      osEE_counter_increment(p_action->param.p_counter_db);
    24d0:	f8 01       	movw	r30, r16
    24d2:	80 85       	ldd	r24, Z+8	; 0x08
    24d4:	91 85       	ldd	r25, Z+9	; 0x09
    24d6:	0e 94 b0 11 	call	0x2360	; 0x2360 <osEE_counter_increment>
    24da:	ab cf       	rjmp	.-170    	; 0x2432 <osEE_counter_increment+0xd2>
      CONST(OsEE_os_context, AUTOMATIC)
        prev_os_context = p_ccb->os_context;

      p_ccb->os_context = OSEE_ALARMCALLBACK_CTX;
#endif /* OSEE_HAS_CONTEXT */
      p_action->param.f();
    24dc:	14 96       	adiw	r26, 0x04	; 4
    24de:	ed 91       	ld	r30, X+
    24e0:	fc 91       	ld	r31, X
    24e2:	09 95       	icall
    24e4:	a6 cf       	rjmp	.-180    	; 0x2432 <osEE_counter_increment+0xd2>
         cycle */
      p_trigger_to_be_handled_cb->status = OSEE_TRIGGER_ACTIVE;
      osEE_counter_insert_rel_trigger(p_counter_db,
        p_trigger_to_be_handled_db, cycle);
    } else {
      p_trigger_to_be_handled_cb->status = OSEE_TRIGGER_INACTIVE;
    24e6:	15 82       	std	Z+5, r1	; 0x05
    24e8:	14 82       	std	Z+4, r1	; 0x04
    24ea:	b6 cf       	rjmp	.-148    	; 0x2458 <osEE_counter_increment+0xf8>

000024ec <osEE_alarm_set_rel>:
  P2VAR(OsEE_CounterDB, AUTOMATIC, OS_APPL_DATA)  p_counter_db,
  P2VAR(OsEE_AlarmDB, AUTOMATIC, OS_APPL_DATA)    p_alarm_db,
  VAR(TickType,   AUTOMATIC)                      increment,
  VAR(TickType,   AUTOMATIC)                      cycle
)
{
    24ec:	cf 93       	push	r28
    24ee:	df 93       	push	r29
    24f0:	db 01       	movw	r26, r22
    24f2:	ed 91       	ld	r30, X+
    24f4:	fc 91       	ld	r31, X
    counter_core_id = p_counter_db->core_id;
  /* Lock the Core Lock witch the counter is tied */
  osEE_lock_core_id(counter_core_id);
#endif /* OSEE_SINGLECORE */

  if (p_trigger_cb->status > OSEE_TRIGGER_CANCELED) {
    24f6:	a4 81       	ldd	r26, Z+4	; 0x04
    24f8:	b5 81       	ldd	r27, Z+5	; 0x05
    24fa:	a2 30       	cpi	r26, 0x02	; 2
    24fc:	b1 05       	cpc	r27, r1
    24fe:	68 f5       	brcc	.+90     	; 0x255a <osEE_alarm_set_rel+0x6e>
    ev = E_OS_STATE;
  } else if (p_trigger_cb->status == OSEE_TRIGGER_CANCELED) {
    p_alarm_cb->cycle = cycle;
    2500:	37 83       	std	Z+7, r19	; 0x07
    2502:	26 83       	std	Z+6, r18	; 0x06
  osEE_lock_core_id(counter_core_id);
#endif /* OSEE_SINGLECORE */

  if (p_trigger_cb->status > OSEE_TRIGGER_CANCELED) {
    ev = E_OS_STATE;
  } else if (p_trigger_cb->status == OSEE_TRIGGER_CANCELED) {
    2504:	11 97       	sbiw	r26, 0x01	; 1
    2506:	11 f5       	brne	.+68     	; 0x254c <osEE_alarm_set_rel+0x60>
{
  VAR(TickType, AUTOMATIC) when;
  CONSTP2CONST(OsEE_CounterCB, AUTOMATIC, OS_APPL_DATA)
    p_counter_cb    = p_counter_db->p_counter_cb;
  CONST(TickType, AUTOMATIC)
    maxallowedvalue = p_counter_db->info.maxallowedvalue;
    2508:	ec 01       	movw	r28, r24
    250a:	2a 81       	ldd	r18, Y+2	; 0x02
    250c:	3b 81       	ldd	r19, Y+3	; 0x03
  CONST(TickType, AUTOMATIC)
    value           = p_counter_cb->value;
    250e:	a8 81       	ld	r26, Y
    2510:	b9 81       	ldd	r27, Y+1	; 0x01
    2512:	12 96       	adiw	r26, 0x02	; 2
    2514:	8d 91       	ld	r24, X+
    2516:	9c 91       	ld	r25, X

  if ((maxallowedvalue - delta) >= value) {
    2518:	b9 01       	movw	r22, r18
    251a:	64 1b       	sub	r22, r20
    251c:	75 0b       	sbc	r23, r21
    251e:	68 17       	cp	r22, r24
    2520:	79 07       	cpc	r23, r25
    2522:	68 f0       	brcs	.+26     	; 0x253e <osEE_alarm_set_rel+0x52>
    when = value + delta;
    2524:	48 0f       	add	r20, r24
    2526:	59 1f       	adc	r21, r25
    p_alarm_cb->cycle = cycle;
    /* Re-turn on the trigger, that is in handling, since is handling I'll set
       'here' when based on increment */
    p_trigger_cb->when   = osEE_counter_eval_when(p_counter_db, increment);
    2528:	53 83       	std	Z+3, r21	; 0x03
    252a:	42 83       	std	Z+2, r20	; 0x02
    p_trigger_cb->status = OSEE_TRIGGER_REENABLED;
    252c:	84 e0       	ldi	r24, 0x04	; 4
    252e:	90 e0       	ldi	r25, 0x00	; 0
    2530:	95 83       	std	Z+5, r25	; 0x05
    2532:	84 83       	std	Z+4, r24	; 0x04
 
    osEE_counter_insert_rel_trigger(
      p_counter_db, p_trigger_db, increment
    );
 
    ev = E_OK;
    2534:	90 e0       	ldi	r25, 0x00	; 0
    2536:	80 e0       	ldi	r24, 0x00	; 0
  }
#if (!defined(OSEE_SINGLECORE))
  osEE_unlock_core_id(counter_core_id);
#endif /* OSEE_SINGLECORE */
  return ev;
}
    2538:	df 91       	pop	r29
    253a:	cf 91       	pop	r28
    253c:	08 95       	ret
  } else {
    when = delta - (maxallowedvalue - value) - 1U;
    253e:	41 50       	subi	r20, 0x01	; 1
    2540:	51 09       	sbc	r21, r1
    2542:	48 0f       	add	r20, r24
    2544:	59 1f       	adc	r21, r25
    2546:	42 1b       	sub	r20, r18
    2548:	53 0b       	sbc	r21, r19
    254a:	ee cf       	rjmp	.-36     	; 0x2528 <osEE_alarm_set_rel+0x3c>

    ev = E_OK;
  } else {
    p_alarm_cb->cycle = cycle;
    /* Turn On the Trigger */
    p_trigger_cb->status = OSEE_TRIGGER_ACTIVE;
    254c:	22 e0       	ldi	r18, 0x02	; 2
    254e:	30 e0       	ldi	r19, 0x00	; 0
    2550:	35 83       	std	Z+5, r19	; 0x05
    2552:	24 83       	std	Z+4, r18	; 0x04
 
    osEE_counter_insert_rel_trigger(
    2554:	0e 94 90 11 	call	0x2320	; 0x2320 <osEE_counter_insert_rel_trigger>
    2558:	ed cf       	rjmp	.-38     	; 0x2534 <osEE_alarm_set_rel+0x48>
  /* Lock the Core Lock witch the counter is tied */
  osEE_lock_core_id(counter_core_id);
#endif /* OSEE_SINGLECORE */

  if (p_trigger_cb->status > OSEE_TRIGGER_CANCELED) {
    ev = E_OS_STATE;
    255a:	87 e0       	ldi	r24, 0x07	; 7
    255c:	90 e0       	ldi	r25, 0x00	; 0
    ev = E_OK;
  }
#if (!defined(OSEE_SINGLECORE))
  osEE_unlock_core_id(counter_core_id);
#endif /* OSEE_SINGLECORE */
  return ev;
    255e:	ec cf       	rjmp	.-40     	; 0x2538 <osEE_alarm_set_rel+0x4c>

00002560 <osEE_change_context_from_running>:
  osEE_change_context_from_running
(
  P2VAR(OsEE_TDB, AUTOMATIC, OS_APPL_CONST) p_from,
  P2VAR(OsEE_TDB, AUTOMATIC, OS_APPL_CONST) p_to
)
{
    2560:	fb 01       	movw	r30, r22
    2562:	dc 01       	movw	r26, r24
    2564:	12 96       	adiw	r26, 0x02	; 2
    2566:	4d 91       	ld	r20, X+
    2568:	5c 91       	ld	r21, X
    256a:	62 81       	ldd	r22, Z+2	; 0x02
    256c:	73 81       	ldd	r23, Z+3	; 0x03
  CONSTP2CONST(OsEE_TCB, AUTOMATIC, OS_APPL_DATA) p_to_tcb  = p_to->p_tcb;

  if (p_to_tcb->status == OSEE_TASK_READY_STACKED) {
    256e:	a4 81       	ldd	r26, Z+4	; 0x04
    2570:	b5 81       	ldd	r27, Z+5	; 0x05
    2572:	12 96       	adiw	r26, 0x02	; 2
    2574:	8d 91       	ld	r24, X+
    2576:	9c 91       	ld	r25, X
    2578:	02 97       	sbiw	r24, 0x02	; 2
    257a:	19 f4       	brne	.+6      	; 0x2582 <osEE_change_context_from_running+0x22>
    osEE_hal_save_ctx_and_restore_ctx(p_to, p_to->hdb.p_scb,
    257c:	cf 01       	movw	r24, r30
    257e:	0c 94 ca 00 	jmp	0x194	; 0x194 <osEE_hal_save_ctx_and_restore_ctx>
      p_from->hdb.p_scb);
  } else {
    osEE_hal_save_ctx_and_ready2stacked(p_to, p_to->hdb.p_scb,
    2582:	cf 01       	movw	r24, r30
    2584:	0c 94 12 01 	jmp	0x224	; 0x224 <osEE_hal_save_ctx_and_ready2stacked>

00002588 <osEE_change_context_from_task_end>:
  osEE_change_context_from_task_end
(
  P2VAR(OsEE_TDB, AUTOMATIC, OS_APPL_CONST) p_from,
  P2VAR(OsEE_TDB, AUTOMATIC, OS_APPL_CONST) p_to
)
{
    2588:	cb 01       	movw	r24, r22
    258a:	db 01       	movw	r26, r22
    258c:	12 96       	adiw	r26, 0x02	; 2
    258e:	6d 91       	ld	r22, X+
    2590:	7c 91       	ld	r23, X
    2592:	13 97       	sbiw	r26, 0x03	; 3
  CONSTP2CONST(OsEE_TCB, AUTOMATIC, OS_APPL_DATA) p_to_tcb  = p_to->p_tcb;

  if (p_to_tcb->status == OSEE_TASK_READY_STACKED) {
    2594:	14 96       	adiw	r26, 0x04	; 4
    2596:	ed 91       	ld	r30, X+
    2598:	fc 91       	ld	r31, X
    259a:	22 81       	ldd	r18, Z+2	; 0x02
    259c:	33 81       	ldd	r19, Z+3	; 0x03
    259e:	22 30       	cpi	r18, 0x02	; 2
    25a0:	31 05       	cpc	r19, r1
    25a2:	11 f4       	brne	.+4      	; 0x25a8 <osEE_change_context_from_task_end+0x20>
    osEE_hal_restore_ctx(p_to, p_to->hdb.p_scb);
    25a4:	0c 94 ea 00 	jmp	0x1d4	; 0x1d4 <osEE_hal_restore_ctx>
  } else {
    osEE_hal_ready2stacked(p_to, p_to->hdb.p_scb);
    25a8:	0c 94 0a 01 	jmp	0x214	; 0x214 <osEE_hal_ready2stacked>

000025ac <osEE_idle_task_terminate>:
{
  P2VAR(OsEE_CTX, AUTOMATIC, OS_APPL_DATA)      p_ctx;

  CONSTP2VAR(OsEE_HDB, AUTOMATIC, OS_APPL_DATA) p_idle_hdb  = &p_idle_tdb->hdb;
  CONSTP2VAR(OsEE_SDB, AUTOMATIC, OS_APPL_DATA) p_sdb       = p_idle_hdb->p_sdb;
  CONSTP2VAR(OsEE_SCB, AUTOMATIC, OS_APPL_DATA) p_scb       = p_idle_hdb->p_scb;
    25ac:	dc 01       	movw	r26, r24
    25ae:	12 96       	adiw	r26, 0x02	; 2
    25b0:	6d 91       	ld	r22, X+
    25b2:	7c 91       	ld	r23, X
    25b4:	13 97       	sbiw	r26, 0x03	; 3
  CONSTP2CONST(OsEE_CTX, AUTOMATIC, OS_APPL_DATA) p_bos     = p_sdb->p_bos;
    25b6:	ed 91       	ld	r30, X+
    25b8:	fc 91       	ld	r31, X
    25ba:	40 81       	ld	r20, Z
    25bc:	51 81       	ldd	r21, Z+1	; 0x01
  P2VAR(OsEE_CTX, AUTOMATIC, OS_APPL_DATA)      p_tos       = p_scb->p_tos;
    25be:	db 01       	movw	r26, r22
    25c0:	ed 91       	ld	r30, X+
    25c2:	fc 91       	ld	r31, X

  do {
    p_ctx = p_tos;
    p_tos = p_tos->p_ctx;
    25c4:	22 89       	ldd	r18, Z+18	; 0x12
    25c6:	33 89       	ldd	r19, Z+19	; 0x13
  } while ((p_tos != NULL) && (p_tos != p_bos));
    25c8:	21 15       	cp	r18, r1
    25ca:	31 05       	cpc	r19, r1
    25cc:	19 f0       	breq	.+6      	; 0x25d4 <osEE_idle_task_terminate+0x28>
    25ce:	42 17       	cp	r20, r18
    25d0:	53 07       	cpc	r21, r19
    25d2:	29 f4       	brne	.+10     	; 0x25de <osEE_idle_task_terminate+0x32>

  /* Unwind the stack until the last context*/
  p_scb->p_tos = p_ctx;
    25d4:	db 01       	movw	r26, r22
    25d6:	ed 93       	st	X+, r30
    25d8:	fc 93       	st	X, r31

  osEE_hal_restore_ctx(p_idle_tdb, p_scb);
    25da:	0c 94 ea 00 	jmp	0x1d4	; 0x1d4 <osEE_hal_restore_ctx>
    25de:	f9 01       	movw	r30, r18
    25e0:	f1 cf       	rjmp	.-30     	; 0x25c4 <osEE_idle_task_terminate+0x18>

000025e2 <osEE_scheduler_task_end>:
FUNC(void, OS_CODE)
  osEE_scheduler_task_end
(
  void
)
{
    25e2:	cf 93       	push	r28
    25e4:	df 93       	push	r29
    25e6:	00 d0       	rcall	.+0      	; 0x25e8 <osEE_scheduler_task_end+0x6>
    25e8:	cd b7       	in	r28, 0x3d	; 61
    25ea:	de b7       	in	r29, 0x3e	; 62
  P2VAR(OsEE_TDB, AUTOMATIC, OS_APPL_DATA)  p_to;
  P2VAR(OsEE_TDB, AUTOMATIC, OS_APPL_DATA)  p_from;

  p_to = osEE_scheduler_task_terminated(osEE_get_kernel(), &p_from);
    25ec:	be 01       	movw	r22, r28
    25ee:	6f 5f       	subi	r22, 0xFF	; 255
    25f0:	7f 4f       	sbci	r23, 0xFF	; 255
    25f2:	80 e0       	ldi	r24, 0x00	; 0
    25f4:	92 e0       	ldi	r25, 0x02	; 2
    25f6:	0e 94 7e 10 	call	0x20fc	; 0x20fc <osEE_scheduler_task_terminated>
(
  P2VAR(OsEE_TDB, AUTOMATIC, OS_APPL_CONST) p_from,
  P2VAR(OsEE_TDB, AUTOMATIC, OS_APPL_CONST) p_to
)
{
  osEE_change_context_from_task_end(p_from, p_to);
    25fa:	bc 01       	movw	r22, r24
    25fc:	89 81       	ldd	r24, Y+1	; 0x01
    25fe:	9a 81       	ldd	r25, Y+2	; 0x02
    2600:	0e 94 c4 12 	call	0x2588	; 0x2588 <osEE_change_context_from_task_end>
  if (p_from->task_type != OSEE_TASK_TYPE_ISR2) {
    osEE_change_context_from_task_end(p_from, p_to);
  } else {
    osEE_change_context_from_isr2_end(p_from, p_to);
  }
}
    2604:	0f 90       	pop	r0
    2606:	0f 90       	pop	r0
    2608:	df 91       	pop	r29
    260a:	cf 91       	pop	r28
    260c:	08 95       	ret

0000260e <__vector_default>:
#include "ee_avr8_irqstub.h"

/* Erika Interrupt Vector Definition */

/* DUMMY interrupt vector */
OSEE_AVR8_ISR_NOT_DEFINED(BADISR_vect)
    260e:	f8 94       	cli
    2610:	ff cf       	rjmp	.-2      	; 0x2610 <__vector_default+0x2>

00002612 <osEE_atmega_intvect>:

/* Interrupt Vector Table Recall. */
void osEE_atmega_intvect(void) {
  OSEE_AVR8_REQUEST_IRQ_ENTRY(BADISR_vect);
    2612:	ee e0       	ldi	r30, 0x0E	; 14
}
    2614:	08 95       	ret

00002616 <__vector_11>:
OSEE_AVR8_ISR_NOT_DEFINED(TIMER1_CAPT_vect)
#endif /* OSEE_AVR8_TIMER1_CAPT_ISR */

/* TIMER1_COMPA interrupt vector */
#if (defined(OSEE_AVR8_TIMER1_COMPA_ISR_TID)) && (OSEE_AVR8_TIMER1_COMPA_ISR_CAT == 2)
OSEE_AVR8_ISR2_DEFINITION(TIMER1_COMPA_vect, OSEE_AVR8_TIMER1_COMPA_ISR_TID)
    2616:	8f 93       	push	r24
    2618:	9f 93       	push	r25
    261a:	80 e0       	ldi	r24, 0x00	; 0
    261c:	0e 94 13 13 	call	0x2626	; 0x2626 <osEE_avr8_isr2_stub>
    2620:	9f 91       	pop	r25
    2622:	8f 91       	pop	r24
    2624:	18 95       	reti

00002626 <osEE_avr8_isr2_stub>:
 * ISR Type 2 stub.
 */
void OSEE_COMPILER_KEEP OSEE_NAKED osEE_avr8_isr2_stub(TaskType t)
{

  OSEE_AVR8_ISR_PREINSTUB();
    2626:	1f 92       	push	r1
    2628:	0f 92       	push	r0
    262a:	0f b6       	in	r0, 0x3f	; 63
    262c:	0f 92       	push	r0
    262e:	11 24       	eor	r1, r1
    2630:	2f 93       	push	r18
    2632:	3f 93       	push	r19
    2634:	4f 93       	push	r20
    2636:	5f 93       	push	r21
    2638:	6f 93       	push	r22
    263a:	7f 93       	push	r23
    263c:	af 93       	push	r26
    263e:	bf 93       	push	r27
    2640:	ef 93       	push	r30
    2642:	ff 93       	push	r31
  /* Disable IRQ */
  OSEE_hal_disableIRQ();
#endif /* __ATXMEGA__ */

  /* Activate ISR2 */
  osEE_activate_isr2(t);
    2644:	0e 94 0f 10 	call	0x201e	; 0x201e <osEE_activate_isr2>

  OSEE_AVR8_ISR_POSTINSTUB();
    2648:	ff 91       	pop	r31
    264a:	ef 91       	pop	r30
    264c:	bf 91       	pop	r27
    264e:	af 91       	pop	r26
    2650:	7f 91       	pop	r23
    2652:	6f 91       	pop	r22
    2654:	5f 91       	pop	r21
    2656:	4f 91       	pop	r20
    2658:	3f 91       	pop	r19
    265a:	2f 91       	pop	r18
    265c:	0f 90       	pop	r0
    265e:	0f be       	out	0x3f, r0	; 63
    2660:	0f 90       	pop	r0
    2662:	1f 90       	pop	r1

  OSEE_RETURN();
    2664:	08 95       	ret

00002666 <OsEE_atmega_startTimer1>:
 * - x < TIMER_1_PRESCALER_1024_MAX_TICKS = 4194304:	64     us
 */
void OsEE_atmega_startTimer1(uint32_t microsecondsInterval) {
  uint8_t	timer1Prescaler;
  uint16_t	timer1CompareValue;
  TCCR1B = 0;	/* Pause Timer. */
    2666:	10 92 81 00 	sts	0x0081, r1	; 0x800081 <__DATA_REGION_ORIGIN__+0x21>
  TCCR1A = 0;
    266a:	10 92 80 00 	sts	0x0080, r1	; 0x800080 <__DATA_REGION_ORIGIN__+0x20>
  TCCR1C = 0;
    266e:	10 92 82 00 	sts	0x0082, r1	; 0x800082 <__DATA_REGION_ORIGIN__+0x22>
  TCNT1  = 0;
    2672:	10 92 85 00 	sts	0x0085, r1	; 0x800085 <__DATA_REGION_ORIGIN__+0x25>
    2676:	10 92 84 00 	sts	0x0084, r1	; 0x800084 <__DATA_REGION_ORIGIN__+0x24>
   * 0 1 1 clkIO/64 (From prescaler)
   * 1 0 0 clkIO/256 (From prescaler)
   * 1 0 1 clkIO/1024 (From prescaler)
   */
#if (F_CPU == 16000000L)
  if ( microsecondsInterval < TIMER_1_NO_PRESCALER_MAX_TICKS ) {
    267a:	61 15       	cp	r22, r1
    267c:	20 e1       	ldi	r18, 0x10	; 16
    267e:	72 07       	cpc	r23, r18
    2680:	81 05       	cpc	r24, r1
    2682:	91 05       	cpc	r25, r1
    2684:	a0 f4       	brcc	.+40     	; 0x26ae <OsEE_atmega_startTimer1+0x48>
    timer1Prescaler = (1 << CS10);
    timer1CompareValue = ((uint16_t)(microsecondsInterval << 4) - 1);
    2686:	e4 e0       	ldi	r30, 0x04	; 4
    2688:	66 0f       	add	r22, r22
    268a:	77 1f       	adc	r23, r23
    268c:	ea 95       	dec	r30
    268e:	e1 f7       	brne	.-8      	; 0x2688 <OsEE_atmega_startTimer1+0x22>
    2690:	61 50       	subi	r22, 0x01	; 1
    2692:	71 09       	sbc	r23, r1
   * 1 0 0 clkIO/256 (From prescaler)
   * 1 0 1 clkIO/1024 (From prescaler)
   */
#if (F_CPU == 16000000L)
  if ( microsecondsInterval < TIMER_1_NO_PRESCALER_MAX_TICKS ) {
    timer1Prescaler = (1 << CS10);
    2694:	81 e0       	ldi	r24, 0x01	; 1
    timer1CompareValue = ((uint16_t)(microsecondsInterval >> 6) - 1);
  }
#else
  #error("Unsupported CPU frequency")
#endif
  TIFR1  = (1 << OCIE1A);	/* Clear Output Compare A Match Flag. */
    2696:	92 e0       	ldi	r25, 0x02	; 2
    2698:	96 bb       	out	0x16, r25	; 22
  TIMSK1 = (1 << OCIE1A);	/* Output Compare A Match Interrupt Enable */
    269a:	90 93 6f 00 	sts	0x006F, r25	; 0x80006f <__DATA_REGION_ORIGIN__+0xf>
  OCR1A  = timer1CompareValue;	/* Set Compare A Match Value */
    269e:	70 93 89 00 	sts	0x0089, r23	; 0x800089 <__DATA_REGION_ORIGIN__+0x29>
    26a2:	60 93 88 00 	sts	0x0088, r22	; 0x800088 <__DATA_REGION_ORIGIN__+0x28>
  TCCR1B = (1 << WGM12) | timer1Prescaler;	/* Set CTC Mode and Prescaler. */
    26a6:	88 60       	ori	r24, 0x08	; 8
    26a8:	80 93 81 00 	sts	0x0081, r24	; 0x800081 <__DATA_REGION_ORIGIN__+0x21>
}	/* startTimer1() */
    26ac:	08 95       	ret
#if (F_CPU == 16000000L)
  if ( microsecondsInterval < TIMER_1_NO_PRESCALER_MAX_TICKS ) {
    timer1Prescaler = (1 << CS10);
    timer1CompareValue = ((uint16_t)(microsecondsInterval << 4) - 1);
  }
  else if ( microsecondsInterval < TIMER_1_PRESCALER_8_MAX_TICKS ) {
    26ae:	61 15       	cp	r22, r1
    26b0:	20 e8       	ldi	r18, 0x80	; 128
    26b2:	72 07       	cpc	r23, r18
    26b4:	81 05       	cpc	r24, r1
    26b6:	91 05       	cpc	r25, r1
    26b8:	30 f4       	brcc	.+12     	; 0x26c6 <OsEE_atmega_startTimer1+0x60>
    timer1Prescaler = (1 << CS11);
    timer1CompareValue = ((uint16_t)(microsecondsInterval << 1) - 1);
    26ba:	66 0f       	add	r22, r22
    26bc:	77 1f       	adc	r23, r23
    26be:	61 50       	subi	r22, 0x01	; 1
    26c0:	71 09       	sbc	r23, r1
  if ( microsecondsInterval < TIMER_1_NO_PRESCALER_MAX_TICKS ) {
    timer1Prescaler = (1 << CS10);
    timer1CompareValue = ((uint16_t)(microsecondsInterval << 4) - 1);
  }
  else if ( microsecondsInterval < TIMER_1_PRESCALER_8_MAX_TICKS ) {
    timer1Prescaler = (1 << CS11);
    26c2:	82 e0       	ldi	r24, 0x02	; 2
    26c4:	e8 cf       	rjmp	.-48     	; 0x2696 <OsEE_atmega_startTimer1+0x30>
    timer1CompareValue = ((uint16_t)(microsecondsInterval << 1) - 1);
  }
  else if ( microsecondsInterval < TIMER_1_PRESCALER_64_MAX_TICKS ) {
    26c6:	6c 3f       	cpi	r22, 0xFC	; 252
    26c8:	2f ef       	ldi	r18, 0xFF	; 255
    26ca:	72 07       	cpc	r23, r18
    26cc:	23 e0       	ldi	r18, 0x03	; 3
    26ce:	82 07       	cpc	r24, r18
    26d0:	91 05       	cpc	r25, r1
    26d2:	58 f4       	brcc	.+22     	; 0x26ea <OsEE_atmega_startTimer1+0x84>
    timer1Prescaler = (1 << CS11) | (1 << CS10);
    timer1CompareValue = ((uint16_t)(microsecondsInterval >> 2) - 1);
    26d4:	42 e0       	ldi	r20, 0x02	; 2
    26d6:	96 95       	lsr	r25
    26d8:	87 95       	ror	r24
    26da:	77 95       	ror	r23
    26dc:	67 95       	ror	r22
    26de:	4a 95       	dec	r20
    26e0:	d1 f7       	brne	.-12     	; 0x26d6 <OsEE_atmega_startTimer1+0x70>
    26e2:	61 50       	subi	r22, 0x01	; 1
    26e4:	71 09       	sbc	r23, r1
  else if ( microsecondsInterval < TIMER_1_PRESCALER_8_MAX_TICKS ) {
    timer1Prescaler = (1 << CS11);
    timer1CompareValue = ((uint16_t)(microsecondsInterval << 1) - 1);
  }
  else if ( microsecondsInterval < TIMER_1_PRESCALER_64_MAX_TICKS ) {
    timer1Prescaler = (1 << CS11) | (1 << CS10);
    26e6:	83 e0       	ldi	r24, 0x03	; 3
    26e8:	d6 cf       	rjmp	.-84     	; 0x2696 <OsEE_atmega_startTimer1+0x30>
    timer1CompareValue = ((uint16_t)(microsecondsInterval >> 2) - 1);
  }
  else if ( microsecondsInterval < TIMER_1_PRESCALER_256_MAX_TICKS ) {
    26ea:	61 15       	cp	r22, r1
    26ec:	71 05       	cpc	r23, r1
    26ee:	20 e1       	ldi	r18, 0x10	; 16
    26f0:	82 07       	cpc	r24, r18
    26f2:	91 05       	cpc	r25, r1
    26f4:	58 f4       	brcc	.+22     	; 0x270c <OsEE_atmega_startTimer1+0xa6>
    timer1Prescaler = (1 << CS12);
    timer1CompareValue = ((uint16_t)(microsecondsInterval >> 4) - 1);
    26f6:	34 e0       	ldi	r19, 0x04	; 4
    26f8:	96 95       	lsr	r25
    26fa:	87 95       	ror	r24
    26fc:	77 95       	ror	r23
    26fe:	67 95       	ror	r22
    2700:	3a 95       	dec	r19
    2702:	d1 f7       	brne	.-12     	; 0x26f8 <OsEE_atmega_startTimer1+0x92>
    2704:	61 50       	subi	r22, 0x01	; 1
    2706:	71 09       	sbc	r23, r1
  else if ( microsecondsInterval < TIMER_1_PRESCALER_64_MAX_TICKS ) {
    timer1Prescaler = (1 << CS11) | (1 << CS10);
    timer1CompareValue = ((uint16_t)(microsecondsInterval >> 2) - 1);
  }
  else if ( microsecondsInterval < TIMER_1_PRESCALER_256_MAX_TICKS ) {
    timer1Prescaler = (1 << CS12);
    2708:	84 e0       	ldi	r24, 0x04	; 4
    270a:	c5 cf       	rjmp	.-118    	; 0x2696 <OsEE_atmega_startTimer1+0x30>
    timer1CompareValue = ((uint16_t)(microsecondsInterval >> 4) - 1);
  }
  else {	/*  microsecondsInterval < TIMER_1_PRESCALER_1024_MAX_TICKS */
    timer1Prescaler = (1 << CS12) | (1 << CS10);
    timer1CompareValue = ((uint16_t)(microsecondsInterval >> 6) - 1);
    270c:	26 e0       	ldi	r18, 0x06	; 6
    270e:	96 95       	lsr	r25
    2710:	87 95       	ror	r24
    2712:	77 95       	ror	r23
    2714:	67 95       	ror	r22
    2716:	2a 95       	dec	r18
    2718:	d1 f7       	brne	.-12     	; 0x270e <OsEE_atmega_startTimer1+0xa8>
    271a:	61 50       	subi	r22, 0x01	; 1
    271c:	71 09       	sbc	r23, r1
  else if ( microsecondsInterval < TIMER_1_PRESCALER_256_MAX_TICKS ) {
    timer1Prescaler = (1 << CS12);
    timer1CompareValue = ((uint16_t)(microsecondsInterval >> 4) - 1);
  }
  else {	/*  microsecondsInterval < TIMER_1_PRESCALER_1024_MAX_TICKS */
    timer1Prescaler = (1 << CS12) | (1 << CS10);
    271e:	85 e0       	ldi	r24, 0x05	; 5
    2720:	ba cf       	rjmp	.-140    	; 0x2696 <OsEE_atmega_startTimer1+0x30>

00002722 <__subsf3>:
    2722:	50 58       	subi	r21, 0x80	; 128

00002724 <__addsf3>:
    2724:	bb 27       	eor	r27, r27
    2726:	aa 27       	eor	r26, r26
    2728:	0e 94 a9 13 	call	0x2752	; 0x2752 <__addsf3x>
    272c:	0c 94 1c 15 	jmp	0x2a38	; 0x2a38 <__fp_round>
    2730:	0e 94 0e 15 	call	0x2a1c	; 0x2a1c <__fp_pscA>
    2734:	38 f0       	brcs	.+14     	; 0x2744 <__addsf3+0x20>
    2736:	0e 94 15 15 	call	0x2a2a	; 0x2a2a <__fp_pscB>
    273a:	20 f0       	brcs	.+8      	; 0x2744 <__addsf3+0x20>
    273c:	39 f4       	brne	.+14     	; 0x274c <__addsf3+0x28>
    273e:	9f 3f       	cpi	r25, 0xFF	; 255
    2740:	19 f4       	brne	.+6      	; 0x2748 <__addsf3+0x24>
    2742:	26 f4       	brtc	.+8      	; 0x274c <__addsf3+0x28>
    2744:	0c 94 0b 15 	jmp	0x2a16	; 0x2a16 <__fp_nan>
    2748:	0e f4       	brtc	.+2      	; 0x274c <__addsf3+0x28>
    274a:	e0 95       	com	r30
    274c:	e7 fb       	bst	r30, 7
    274e:	0c 94 05 15 	jmp	0x2a0a	; 0x2a0a <__fp_inf>

00002752 <__addsf3x>:
    2752:	e9 2f       	mov	r30, r25
    2754:	0e 94 2d 15 	call	0x2a5a	; 0x2a5a <__fp_split3>
    2758:	58 f3       	brcs	.-42     	; 0x2730 <__addsf3+0xc>
    275a:	ba 17       	cp	r27, r26
    275c:	62 07       	cpc	r22, r18
    275e:	73 07       	cpc	r23, r19
    2760:	84 07       	cpc	r24, r20
    2762:	95 07       	cpc	r25, r21
    2764:	20 f0       	brcs	.+8      	; 0x276e <__addsf3x+0x1c>
    2766:	79 f4       	brne	.+30     	; 0x2786 <__addsf3x+0x34>
    2768:	a6 f5       	brtc	.+104    	; 0x27d2 <__addsf3x+0x80>
    276a:	0c 94 4f 15 	jmp	0x2a9e	; 0x2a9e <__fp_zero>
    276e:	0e f4       	brtc	.+2      	; 0x2772 <__addsf3x+0x20>
    2770:	e0 95       	com	r30
    2772:	0b 2e       	mov	r0, r27
    2774:	ba 2f       	mov	r27, r26
    2776:	a0 2d       	mov	r26, r0
    2778:	0b 01       	movw	r0, r22
    277a:	b9 01       	movw	r22, r18
    277c:	90 01       	movw	r18, r0
    277e:	0c 01       	movw	r0, r24
    2780:	ca 01       	movw	r24, r20
    2782:	a0 01       	movw	r20, r0
    2784:	11 24       	eor	r1, r1
    2786:	ff 27       	eor	r31, r31
    2788:	59 1b       	sub	r21, r25
    278a:	99 f0       	breq	.+38     	; 0x27b2 <__addsf3x+0x60>
    278c:	59 3f       	cpi	r21, 0xF9	; 249
    278e:	50 f4       	brcc	.+20     	; 0x27a4 <__addsf3x+0x52>
    2790:	50 3e       	cpi	r21, 0xE0	; 224
    2792:	68 f1       	brcs	.+90     	; 0x27ee <__addsf3x+0x9c>
    2794:	1a 16       	cp	r1, r26
    2796:	f0 40       	sbci	r31, 0x00	; 0
    2798:	a2 2f       	mov	r26, r18
    279a:	23 2f       	mov	r18, r19
    279c:	34 2f       	mov	r19, r20
    279e:	44 27       	eor	r20, r20
    27a0:	58 5f       	subi	r21, 0xF8	; 248
    27a2:	f3 cf       	rjmp	.-26     	; 0x278a <__addsf3x+0x38>
    27a4:	46 95       	lsr	r20
    27a6:	37 95       	ror	r19
    27a8:	27 95       	ror	r18
    27aa:	a7 95       	ror	r26
    27ac:	f0 40       	sbci	r31, 0x00	; 0
    27ae:	53 95       	inc	r21
    27b0:	c9 f7       	brne	.-14     	; 0x27a4 <__addsf3x+0x52>
    27b2:	7e f4       	brtc	.+30     	; 0x27d2 <__addsf3x+0x80>
    27b4:	1f 16       	cp	r1, r31
    27b6:	ba 0b       	sbc	r27, r26
    27b8:	62 0b       	sbc	r22, r18
    27ba:	73 0b       	sbc	r23, r19
    27bc:	84 0b       	sbc	r24, r20
    27be:	ba f0       	brmi	.+46     	; 0x27ee <__addsf3x+0x9c>
    27c0:	91 50       	subi	r25, 0x01	; 1
    27c2:	a1 f0       	breq	.+40     	; 0x27ec <__addsf3x+0x9a>
    27c4:	ff 0f       	add	r31, r31
    27c6:	bb 1f       	adc	r27, r27
    27c8:	66 1f       	adc	r22, r22
    27ca:	77 1f       	adc	r23, r23
    27cc:	88 1f       	adc	r24, r24
    27ce:	c2 f7       	brpl	.-16     	; 0x27c0 <__addsf3x+0x6e>
    27d0:	0e c0       	rjmp	.+28     	; 0x27ee <__addsf3x+0x9c>
    27d2:	ba 0f       	add	r27, r26
    27d4:	62 1f       	adc	r22, r18
    27d6:	73 1f       	adc	r23, r19
    27d8:	84 1f       	adc	r24, r20
    27da:	48 f4       	brcc	.+18     	; 0x27ee <__addsf3x+0x9c>
    27dc:	87 95       	ror	r24
    27de:	77 95       	ror	r23
    27e0:	67 95       	ror	r22
    27e2:	b7 95       	ror	r27
    27e4:	f7 95       	ror	r31
    27e6:	9e 3f       	cpi	r25, 0xFE	; 254
    27e8:	08 f0       	brcs	.+2      	; 0x27ec <__addsf3x+0x9a>
    27ea:	b0 cf       	rjmp	.-160    	; 0x274c <__addsf3+0x28>
    27ec:	93 95       	inc	r25
    27ee:	88 0f       	add	r24, r24
    27f0:	08 f0       	brcs	.+2      	; 0x27f4 <__addsf3x+0xa2>
    27f2:	99 27       	eor	r25, r25
    27f4:	ee 0f       	add	r30, r30
    27f6:	97 95       	ror	r25
    27f8:	87 95       	ror	r24
    27fa:	08 95       	ret

000027fc <__cmpsf2>:
    27fc:	0e 94 e1 14 	call	0x29c2	; 0x29c2 <__fp_cmp>
    2800:	08 f4       	brcc	.+2      	; 0x2804 <__cmpsf2+0x8>
    2802:	81 e0       	ldi	r24, 0x01	; 1
    2804:	08 95       	ret

00002806 <__divsf3>:
    2806:	0e 94 17 14 	call	0x282e	; 0x282e <__divsf3x>
    280a:	0c 94 1c 15 	jmp	0x2a38	; 0x2a38 <__fp_round>
    280e:	0e 94 15 15 	call	0x2a2a	; 0x2a2a <__fp_pscB>
    2812:	58 f0       	brcs	.+22     	; 0x282a <__divsf3+0x24>
    2814:	0e 94 0e 15 	call	0x2a1c	; 0x2a1c <__fp_pscA>
    2818:	40 f0       	brcs	.+16     	; 0x282a <__divsf3+0x24>
    281a:	29 f4       	brne	.+10     	; 0x2826 <__divsf3+0x20>
    281c:	5f 3f       	cpi	r21, 0xFF	; 255
    281e:	29 f0       	breq	.+10     	; 0x282a <__divsf3+0x24>
    2820:	0c 94 05 15 	jmp	0x2a0a	; 0x2a0a <__fp_inf>
    2824:	51 11       	cpse	r21, r1
    2826:	0c 94 50 15 	jmp	0x2aa0	; 0x2aa0 <__fp_szero>
    282a:	0c 94 0b 15 	jmp	0x2a16	; 0x2a16 <__fp_nan>

0000282e <__divsf3x>:
    282e:	0e 94 2d 15 	call	0x2a5a	; 0x2a5a <__fp_split3>
    2832:	68 f3       	brcs	.-38     	; 0x280e <__divsf3+0x8>

00002834 <__divsf3_pse>:
    2834:	99 23       	and	r25, r25
    2836:	b1 f3       	breq	.-20     	; 0x2824 <__divsf3+0x1e>
    2838:	55 23       	and	r21, r21
    283a:	91 f3       	breq	.-28     	; 0x2820 <__divsf3+0x1a>
    283c:	95 1b       	sub	r25, r21
    283e:	55 0b       	sbc	r21, r21
    2840:	bb 27       	eor	r27, r27
    2842:	aa 27       	eor	r26, r26
    2844:	62 17       	cp	r22, r18
    2846:	73 07       	cpc	r23, r19
    2848:	84 07       	cpc	r24, r20
    284a:	38 f0       	brcs	.+14     	; 0x285a <__divsf3_pse+0x26>
    284c:	9f 5f       	subi	r25, 0xFF	; 255
    284e:	5f 4f       	sbci	r21, 0xFF	; 255
    2850:	22 0f       	add	r18, r18
    2852:	33 1f       	adc	r19, r19
    2854:	44 1f       	adc	r20, r20
    2856:	aa 1f       	adc	r26, r26
    2858:	a9 f3       	breq	.-22     	; 0x2844 <__divsf3_pse+0x10>
    285a:	35 d0       	rcall	.+106    	; 0x28c6 <__divsf3_pse+0x92>
    285c:	0e 2e       	mov	r0, r30
    285e:	3a f0       	brmi	.+14     	; 0x286e <__divsf3_pse+0x3a>
    2860:	e0 e8       	ldi	r30, 0x80	; 128
    2862:	32 d0       	rcall	.+100    	; 0x28c8 <__divsf3_pse+0x94>
    2864:	91 50       	subi	r25, 0x01	; 1
    2866:	50 40       	sbci	r21, 0x00	; 0
    2868:	e6 95       	lsr	r30
    286a:	00 1c       	adc	r0, r0
    286c:	ca f7       	brpl	.-14     	; 0x2860 <__divsf3_pse+0x2c>
    286e:	2b d0       	rcall	.+86     	; 0x28c6 <__divsf3_pse+0x92>
    2870:	fe 2f       	mov	r31, r30
    2872:	29 d0       	rcall	.+82     	; 0x28c6 <__divsf3_pse+0x92>
    2874:	66 0f       	add	r22, r22
    2876:	77 1f       	adc	r23, r23
    2878:	88 1f       	adc	r24, r24
    287a:	bb 1f       	adc	r27, r27
    287c:	26 17       	cp	r18, r22
    287e:	37 07       	cpc	r19, r23
    2880:	48 07       	cpc	r20, r24
    2882:	ab 07       	cpc	r26, r27
    2884:	b0 e8       	ldi	r27, 0x80	; 128
    2886:	09 f0       	breq	.+2      	; 0x288a <__divsf3_pse+0x56>
    2888:	bb 0b       	sbc	r27, r27
    288a:	80 2d       	mov	r24, r0
    288c:	bf 01       	movw	r22, r30
    288e:	ff 27       	eor	r31, r31
    2890:	93 58       	subi	r25, 0x83	; 131
    2892:	5f 4f       	sbci	r21, 0xFF	; 255
    2894:	3a f0       	brmi	.+14     	; 0x28a4 <__divsf3_pse+0x70>
    2896:	9e 3f       	cpi	r25, 0xFE	; 254
    2898:	51 05       	cpc	r21, r1
    289a:	78 f0       	brcs	.+30     	; 0x28ba <__divsf3_pse+0x86>
    289c:	0c 94 05 15 	jmp	0x2a0a	; 0x2a0a <__fp_inf>
    28a0:	0c 94 50 15 	jmp	0x2aa0	; 0x2aa0 <__fp_szero>
    28a4:	5f 3f       	cpi	r21, 0xFF	; 255
    28a6:	e4 f3       	brlt	.-8      	; 0x28a0 <__divsf3_pse+0x6c>
    28a8:	98 3e       	cpi	r25, 0xE8	; 232
    28aa:	d4 f3       	brlt	.-12     	; 0x28a0 <__divsf3_pse+0x6c>
    28ac:	86 95       	lsr	r24
    28ae:	77 95       	ror	r23
    28b0:	67 95       	ror	r22
    28b2:	b7 95       	ror	r27
    28b4:	f7 95       	ror	r31
    28b6:	9f 5f       	subi	r25, 0xFF	; 255
    28b8:	c9 f7       	brne	.-14     	; 0x28ac <__divsf3_pse+0x78>
    28ba:	88 0f       	add	r24, r24
    28bc:	91 1d       	adc	r25, r1
    28be:	96 95       	lsr	r25
    28c0:	87 95       	ror	r24
    28c2:	97 f9       	bld	r25, 7
    28c4:	08 95       	ret
    28c6:	e1 e0       	ldi	r30, 0x01	; 1
    28c8:	66 0f       	add	r22, r22
    28ca:	77 1f       	adc	r23, r23
    28cc:	88 1f       	adc	r24, r24
    28ce:	bb 1f       	adc	r27, r27
    28d0:	62 17       	cp	r22, r18
    28d2:	73 07       	cpc	r23, r19
    28d4:	84 07       	cpc	r24, r20
    28d6:	ba 07       	cpc	r27, r26
    28d8:	20 f0       	brcs	.+8      	; 0x28e2 <__divsf3_pse+0xae>
    28da:	62 1b       	sub	r22, r18
    28dc:	73 0b       	sbc	r23, r19
    28de:	84 0b       	sbc	r24, r20
    28e0:	ba 0b       	sbc	r27, r26
    28e2:	ee 1f       	adc	r30, r30
    28e4:	88 f7       	brcc	.-30     	; 0x28c8 <__divsf3_pse+0x94>
    28e6:	e0 95       	com	r30
    28e8:	08 95       	ret

000028ea <__fixunssfsi>:
    28ea:	0e 94 35 15 	call	0x2a6a	; 0x2a6a <__fp_splitA>
    28ee:	88 f0       	brcs	.+34     	; 0x2912 <__fixunssfsi+0x28>
    28f0:	9f 57       	subi	r25, 0x7F	; 127
    28f2:	98 f0       	brcs	.+38     	; 0x291a <__fixunssfsi+0x30>
    28f4:	b9 2f       	mov	r27, r25
    28f6:	99 27       	eor	r25, r25
    28f8:	b7 51       	subi	r27, 0x17	; 23
    28fa:	b0 f0       	brcs	.+44     	; 0x2928 <__fixunssfsi+0x3e>
    28fc:	e1 f0       	breq	.+56     	; 0x2936 <__fixunssfsi+0x4c>
    28fe:	66 0f       	add	r22, r22
    2900:	77 1f       	adc	r23, r23
    2902:	88 1f       	adc	r24, r24
    2904:	99 1f       	adc	r25, r25
    2906:	1a f0       	brmi	.+6      	; 0x290e <__fixunssfsi+0x24>
    2908:	ba 95       	dec	r27
    290a:	c9 f7       	brne	.-14     	; 0x28fe <__fixunssfsi+0x14>
    290c:	14 c0       	rjmp	.+40     	; 0x2936 <__fixunssfsi+0x4c>
    290e:	b1 30       	cpi	r27, 0x01	; 1
    2910:	91 f0       	breq	.+36     	; 0x2936 <__fixunssfsi+0x4c>
    2912:	0e 94 4f 15 	call	0x2a9e	; 0x2a9e <__fp_zero>
    2916:	b1 e0       	ldi	r27, 0x01	; 1
    2918:	08 95       	ret
    291a:	0c 94 4f 15 	jmp	0x2a9e	; 0x2a9e <__fp_zero>
    291e:	67 2f       	mov	r22, r23
    2920:	78 2f       	mov	r23, r24
    2922:	88 27       	eor	r24, r24
    2924:	b8 5f       	subi	r27, 0xF8	; 248
    2926:	39 f0       	breq	.+14     	; 0x2936 <__fixunssfsi+0x4c>
    2928:	b9 3f       	cpi	r27, 0xF9	; 249
    292a:	cc f3       	brlt	.-14     	; 0x291e <__fixunssfsi+0x34>
    292c:	86 95       	lsr	r24
    292e:	77 95       	ror	r23
    2930:	67 95       	ror	r22
    2932:	b3 95       	inc	r27
    2934:	d9 f7       	brne	.-10     	; 0x292c <__fixunssfsi+0x42>
    2936:	3e f4       	brtc	.+14     	; 0x2946 <__fixunssfsi+0x5c>
    2938:	90 95       	com	r25
    293a:	80 95       	com	r24
    293c:	70 95       	com	r23
    293e:	61 95       	neg	r22
    2940:	7f 4f       	sbci	r23, 0xFF	; 255
    2942:	8f 4f       	sbci	r24, 0xFF	; 255
    2944:	9f 4f       	sbci	r25, 0xFF	; 255
    2946:	08 95       	ret

00002948 <__floatunsisf>:
    2948:	e8 94       	clt
    294a:	09 c0       	rjmp	.+18     	; 0x295e <__floatsisf+0x12>

0000294c <__floatsisf>:
    294c:	97 fb       	bst	r25, 7
    294e:	3e f4       	brtc	.+14     	; 0x295e <__floatsisf+0x12>
    2950:	90 95       	com	r25
    2952:	80 95       	com	r24
    2954:	70 95       	com	r23
    2956:	61 95       	neg	r22
    2958:	7f 4f       	sbci	r23, 0xFF	; 255
    295a:	8f 4f       	sbci	r24, 0xFF	; 255
    295c:	9f 4f       	sbci	r25, 0xFF	; 255
    295e:	99 23       	and	r25, r25
    2960:	a9 f0       	breq	.+42     	; 0x298c <__floatsisf+0x40>
    2962:	f9 2f       	mov	r31, r25
    2964:	96 e9       	ldi	r25, 0x96	; 150
    2966:	bb 27       	eor	r27, r27
    2968:	93 95       	inc	r25
    296a:	f6 95       	lsr	r31
    296c:	87 95       	ror	r24
    296e:	77 95       	ror	r23
    2970:	67 95       	ror	r22
    2972:	b7 95       	ror	r27
    2974:	f1 11       	cpse	r31, r1
    2976:	f8 cf       	rjmp	.-16     	; 0x2968 <__floatsisf+0x1c>
    2978:	fa f4       	brpl	.+62     	; 0x29b8 <__floatsisf+0x6c>
    297a:	bb 0f       	add	r27, r27
    297c:	11 f4       	brne	.+4      	; 0x2982 <__floatsisf+0x36>
    297e:	60 ff       	sbrs	r22, 0
    2980:	1b c0       	rjmp	.+54     	; 0x29b8 <__floatsisf+0x6c>
    2982:	6f 5f       	subi	r22, 0xFF	; 255
    2984:	7f 4f       	sbci	r23, 0xFF	; 255
    2986:	8f 4f       	sbci	r24, 0xFF	; 255
    2988:	9f 4f       	sbci	r25, 0xFF	; 255
    298a:	16 c0       	rjmp	.+44     	; 0x29b8 <__floatsisf+0x6c>
    298c:	88 23       	and	r24, r24
    298e:	11 f0       	breq	.+4      	; 0x2994 <__floatsisf+0x48>
    2990:	96 e9       	ldi	r25, 0x96	; 150
    2992:	11 c0       	rjmp	.+34     	; 0x29b6 <__floatsisf+0x6a>
    2994:	77 23       	and	r23, r23
    2996:	21 f0       	breq	.+8      	; 0x29a0 <__floatsisf+0x54>
    2998:	9e e8       	ldi	r25, 0x8E	; 142
    299a:	87 2f       	mov	r24, r23
    299c:	76 2f       	mov	r23, r22
    299e:	05 c0       	rjmp	.+10     	; 0x29aa <__floatsisf+0x5e>
    29a0:	66 23       	and	r22, r22
    29a2:	71 f0       	breq	.+28     	; 0x29c0 <__floatsisf+0x74>
    29a4:	96 e8       	ldi	r25, 0x86	; 134
    29a6:	86 2f       	mov	r24, r22
    29a8:	70 e0       	ldi	r23, 0x00	; 0
    29aa:	60 e0       	ldi	r22, 0x00	; 0
    29ac:	2a f0       	brmi	.+10     	; 0x29b8 <__floatsisf+0x6c>
    29ae:	9a 95       	dec	r25
    29b0:	66 0f       	add	r22, r22
    29b2:	77 1f       	adc	r23, r23
    29b4:	88 1f       	adc	r24, r24
    29b6:	da f7       	brpl	.-10     	; 0x29ae <__floatsisf+0x62>
    29b8:	88 0f       	add	r24, r24
    29ba:	96 95       	lsr	r25
    29bc:	87 95       	ror	r24
    29be:	97 f9       	bld	r25, 7
    29c0:	08 95       	ret

000029c2 <__fp_cmp>:
    29c2:	99 0f       	add	r25, r25
    29c4:	00 08       	sbc	r0, r0
    29c6:	55 0f       	add	r21, r21
    29c8:	aa 0b       	sbc	r26, r26
    29ca:	e0 e8       	ldi	r30, 0x80	; 128
    29cc:	fe ef       	ldi	r31, 0xFE	; 254
    29ce:	16 16       	cp	r1, r22
    29d0:	17 06       	cpc	r1, r23
    29d2:	e8 07       	cpc	r30, r24
    29d4:	f9 07       	cpc	r31, r25
    29d6:	c0 f0       	brcs	.+48     	; 0x2a08 <__fp_cmp+0x46>
    29d8:	12 16       	cp	r1, r18
    29da:	13 06       	cpc	r1, r19
    29dc:	e4 07       	cpc	r30, r20
    29de:	f5 07       	cpc	r31, r21
    29e0:	98 f0       	brcs	.+38     	; 0x2a08 <__fp_cmp+0x46>
    29e2:	62 1b       	sub	r22, r18
    29e4:	73 0b       	sbc	r23, r19
    29e6:	84 0b       	sbc	r24, r20
    29e8:	95 0b       	sbc	r25, r21
    29ea:	39 f4       	brne	.+14     	; 0x29fa <__fp_cmp+0x38>
    29ec:	0a 26       	eor	r0, r26
    29ee:	61 f0       	breq	.+24     	; 0x2a08 <__fp_cmp+0x46>
    29f0:	23 2b       	or	r18, r19
    29f2:	24 2b       	or	r18, r20
    29f4:	25 2b       	or	r18, r21
    29f6:	21 f4       	brne	.+8      	; 0x2a00 <__fp_cmp+0x3e>
    29f8:	08 95       	ret
    29fa:	0a 26       	eor	r0, r26
    29fc:	09 f4       	brne	.+2      	; 0x2a00 <__fp_cmp+0x3e>
    29fe:	a1 40       	sbci	r26, 0x01	; 1
    2a00:	a6 95       	lsr	r26
    2a02:	8f ef       	ldi	r24, 0xFF	; 255
    2a04:	81 1d       	adc	r24, r1
    2a06:	81 1d       	adc	r24, r1
    2a08:	08 95       	ret

00002a0a <__fp_inf>:
    2a0a:	97 f9       	bld	r25, 7
    2a0c:	9f 67       	ori	r25, 0x7F	; 127
    2a0e:	80 e8       	ldi	r24, 0x80	; 128
    2a10:	70 e0       	ldi	r23, 0x00	; 0
    2a12:	60 e0       	ldi	r22, 0x00	; 0
    2a14:	08 95       	ret

00002a16 <__fp_nan>:
    2a16:	9f ef       	ldi	r25, 0xFF	; 255
    2a18:	80 ec       	ldi	r24, 0xC0	; 192
    2a1a:	08 95       	ret

00002a1c <__fp_pscA>:
    2a1c:	00 24       	eor	r0, r0
    2a1e:	0a 94       	dec	r0
    2a20:	16 16       	cp	r1, r22
    2a22:	17 06       	cpc	r1, r23
    2a24:	18 06       	cpc	r1, r24
    2a26:	09 06       	cpc	r0, r25
    2a28:	08 95       	ret

00002a2a <__fp_pscB>:
    2a2a:	00 24       	eor	r0, r0
    2a2c:	0a 94       	dec	r0
    2a2e:	12 16       	cp	r1, r18
    2a30:	13 06       	cpc	r1, r19
    2a32:	14 06       	cpc	r1, r20
    2a34:	05 06       	cpc	r0, r21
    2a36:	08 95       	ret

00002a38 <__fp_round>:
    2a38:	09 2e       	mov	r0, r25
    2a3a:	03 94       	inc	r0
    2a3c:	00 0c       	add	r0, r0
    2a3e:	11 f4       	brne	.+4      	; 0x2a44 <__fp_round+0xc>
    2a40:	88 23       	and	r24, r24
    2a42:	52 f0       	brmi	.+20     	; 0x2a58 <__fp_round+0x20>
    2a44:	bb 0f       	add	r27, r27
    2a46:	40 f4       	brcc	.+16     	; 0x2a58 <__fp_round+0x20>
    2a48:	bf 2b       	or	r27, r31
    2a4a:	11 f4       	brne	.+4      	; 0x2a50 <__fp_round+0x18>
    2a4c:	60 ff       	sbrs	r22, 0
    2a4e:	04 c0       	rjmp	.+8      	; 0x2a58 <__fp_round+0x20>
    2a50:	6f 5f       	subi	r22, 0xFF	; 255
    2a52:	7f 4f       	sbci	r23, 0xFF	; 255
    2a54:	8f 4f       	sbci	r24, 0xFF	; 255
    2a56:	9f 4f       	sbci	r25, 0xFF	; 255
    2a58:	08 95       	ret

00002a5a <__fp_split3>:
    2a5a:	57 fd       	sbrc	r21, 7
    2a5c:	90 58       	subi	r25, 0x80	; 128
    2a5e:	44 0f       	add	r20, r20
    2a60:	55 1f       	adc	r21, r21
    2a62:	59 f0       	breq	.+22     	; 0x2a7a <__fp_splitA+0x10>
    2a64:	5f 3f       	cpi	r21, 0xFF	; 255
    2a66:	71 f0       	breq	.+28     	; 0x2a84 <__fp_splitA+0x1a>
    2a68:	47 95       	ror	r20

00002a6a <__fp_splitA>:
    2a6a:	88 0f       	add	r24, r24
    2a6c:	97 fb       	bst	r25, 7
    2a6e:	99 1f       	adc	r25, r25
    2a70:	61 f0       	breq	.+24     	; 0x2a8a <__fp_splitA+0x20>
    2a72:	9f 3f       	cpi	r25, 0xFF	; 255
    2a74:	79 f0       	breq	.+30     	; 0x2a94 <__fp_splitA+0x2a>
    2a76:	87 95       	ror	r24
    2a78:	08 95       	ret
    2a7a:	12 16       	cp	r1, r18
    2a7c:	13 06       	cpc	r1, r19
    2a7e:	14 06       	cpc	r1, r20
    2a80:	55 1f       	adc	r21, r21
    2a82:	f2 cf       	rjmp	.-28     	; 0x2a68 <__fp_split3+0xe>
    2a84:	46 95       	lsr	r20
    2a86:	f1 df       	rcall	.-30     	; 0x2a6a <__fp_splitA>
    2a88:	08 c0       	rjmp	.+16     	; 0x2a9a <__fp_splitA+0x30>
    2a8a:	16 16       	cp	r1, r22
    2a8c:	17 06       	cpc	r1, r23
    2a8e:	18 06       	cpc	r1, r24
    2a90:	99 1f       	adc	r25, r25
    2a92:	f1 cf       	rjmp	.-30     	; 0x2a76 <__fp_splitA+0xc>
    2a94:	86 95       	lsr	r24
    2a96:	71 05       	cpc	r23, r1
    2a98:	61 05       	cpc	r22, r1
    2a9a:	08 94       	sec
    2a9c:	08 95       	ret

00002a9e <__fp_zero>:
    2a9e:	e8 94       	clt

00002aa0 <__fp_szero>:
    2aa0:	bb 27       	eor	r27, r27
    2aa2:	66 27       	eor	r22, r22
    2aa4:	77 27       	eor	r23, r23
    2aa6:	cb 01       	movw	r24, r22
    2aa8:	97 f9       	bld	r25, 7
    2aaa:	08 95       	ret

00002aac <__gesf2>:
    2aac:	0e 94 e1 14 	call	0x29c2	; 0x29c2 <__fp_cmp>
    2ab0:	08 f4       	brcc	.+2      	; 0x2ab4 <__gesf2+0x8>
    2ab2:	8f ef       	ldi	r24, 0xFF	; 255
    2ab4:	08 95       	ret

00002ab6 <__mulsf3>:
    2ab6:	0e 94 6e 15 	call	0x2adc	; 0x2adc <__mulsf3x>
    2aba:	0c 94 1c 15 	jmp	0x2a38	; 0x2a38 <__fp_round>
    2abe:	0e 94 0e 15 	call	0x2a1c	; 0x2a1c <__fp_pscA>
    2ac2:	38 f0       	brcs	.+14     	; 0x2ad2 <__mulsf3+0x1c>
    2ac4:	0e 94 15 15 	call	0x2a2a	; 0x2a2a <__fp_pscB>
    2ac8:	20 f0       	brcs	.+8      	; 0x2ad2 <__mulsf3+0x1c>
    2aca:	95 23       	and	r25, r21
    2acc:	11 f0       	breq	.+4      	; 0x2ad2 <__mulsf3+0x1c>
    2ace:	0c 94 05 15 	jmp	0x2a0a	; 0x2a0a <__fp_inf>
    2ad2:	0c 94 0b 15 	jmp	0x2a16	; 0x2a16 <__fp_nan>
    2ad6:	11 24       	eor	r1, r1
    2ad8:	0c 94 50 15 	jmp	0x2aa0	; 0x2aa0 <__fp_szero>

00002adc <__mulsf3x>:
    2adc:	0e 94 2d 15 	call	0x2a5a	; 0x2a5a <__fp_split3>
    2ae0:	70 f3       	brcs	.-36     	; 0x2abe <__mulsf3+0x8>

00002ae2 <__mulsf3_pse>:
    2ae2:	95 9f       	mul	r25, r21
    2ae4:	c1 f3       	breq	.-16     	; 0x2ad6 <__mulsf3+0x20>
    2ae6:	95 0f       	add	r25, r21
    2ae8:	50 e0       	ldi	r21, 0x00	; 0
    2aea:	55 1f       	adc	r21, r21
    2aec:	62 9f       	mul	r22, r18
    2aee:	f0 01       	movw	r30, r0
    2af0:	72 9f       	mul	r23, r18
    2af2:	bb 27       	eor	r27, r27
    2af4:	f0 0d       	add	r31, r0
    2af6:	b1 1d       	adc	r27, r1
    2af8:	63 9f       	mul	r22, r19
    2afa:	aa 27       	eor	r26, r26
    2afc:	f0 0d       	add	r31, r0
    2afe:	b1 1d       	adc	r27, r1
    2b00:	aa 1f       	adc	r26, r26
    2b02:	64 9f       	mul	r22, r20
    2b04:	66 27       	eor	r22, r22
    2b06:	b0 0d       	add	r27, r0
    2b08:	a1 1d       	adc	r26, r1
    2b0a:	66 1f       	adc	r22, r22
    2b0c:	82 9f       	mul	r24, r18
    2b0e:	22 27       	eor	r18, r18
    2b10:	b0 0d       	add	r27, r0
    2b12:	a1 1d       	adc	r26, r1
    2b14:	62 1f       	adc	r22, r18
    2b16:	73 9f       	mul	r23, r19
    2b18:	b0 0d       	add	r27, r0
    2b1a:	a1 1d       	adc	r26, r1
    2b1c:	62 1f       	adc	r22, r18
    2b1e:	83 9f       	mul	r24, r19
    2b20:	a0 0d       	add	r26, r0
    2b22:	61 1d       	adc	r22, r1
    2b24:	22 1f       	adc	r18, r18
    2b26:	74 9f       	mul	r23, r20
    2b28:	33 27       	eor	r19, r19
    2b2a:	a0 0d       	add	r26, r0
    2b2c:	61 1d       	adc	r22, r1
    2b2e:	23 1f       	adc	r18, r19
    2b30:	84 9f       	mul	r24, r20
    2b32:	60 0d       	add	r22, r0
    2b34:	21 1d       	adc	r18, r1
    2b36:	82 2f       	mov	r24, r18
    2b38:	76 2f       	mov	r23, r22
    2b3a:	6a 2f       	mov	r22, r26
    2b3c:	11 24       	eor	r1, r1
    2b3e:	9f 57       	subi	r25, 0x7F	; 127
    2b40:	50 40       	sbci	r21, 0x00	; 0
    2b42:	9a f0       	brmi	.+38     	; 0x2b6a <__mulsf3_pse+0x88>
    2b44:	f1 f0       	breq	.+60     	; 0x2b82 <__mulsf3_pse+0xa0>
    2b46:	88 23       	and	r24, r24
    2b48:	4a f0       	brmi	.+18     	; 0x2b5c <__mulsf3_pse+0x7a>
    2b4a:	ee 0f       	add	r30, r30
    2b4c:	ff 1f       	adc	r31, r31
    2b4e:	bb 1f       	adc	r27, r27
    2b50:	66 1f       	adc	r22, r22
    2b52:	77 1f       	adc	r23, r23
    2b54:	88 1f       	adc	r24, r24
    2b56:	91 50       	subi	r25, 0x01	; 1
    2b58:	50 40       	sbci	r21, 0x00	; 0
    2b5a:	a9 f7       	brne	.-22     	; 0x2b46 <__mulsf3_pse+0x64>
    2b5c:	9e 3f       	cpi	r25, 0xFE	; 254
    2b5e:	51 05       	cpc	r21, r1
    2b60:	80 f0       	brcs	.+32     	; 0x2b82 <__mulsf3_pse+0xa0>
    2b62:	0c 94 05 15 	jmp	0x2a0a	; 0x2a0a <__fp_inf>
    2b66:	0c 94 50 15 	jmp	0x2aa0	; 0x2aa0 <__fp_szero>
    2b6a:	5f 3f       	cpi	r21, 0xFF	; 255
    2b6c:	e4 f3       	brlt	.-8      	; 0x2b66 <__mulsf3_pse+0x84>
    2b6e:	98 3e       	cpi	r25, 0xE8	; 232
    2b70:	d4 f3       	brlt	.-12     	; 0x2b66 <__mulsf3_pse+0x84>
    2b72:	86 95       	lsr	r24
    2b74:	77 95       	ror	r23
    2b76:	67 95       	ror	r22
    2b78:	b7 95       	ror	r27
    2b7a:	f7 95       	ror	r31
    2b7c:	e7 95       	ror	r30
    2b7e:	9f 5f       	subi	r25, 0xFF	; 255
    2b80:	c1 f7       	brne	.-16     	; 0x2b72 <__mulsf3_pse+0x90>
    2b82:	fe 2b       	or	r31, r30
    2b84:	88 0f       	add	r24, r24
    2b86:	91 1d       	adc	r25, r1
    2b88:	96 95       	lsr	r25
    2b8a:	87 95       	ror	r24
    2b8c:	97 f9       	bld	r25, 7
    2b8e:	08 95       	ret

00002b90 <pow>:
    2b90:	fa 01       	movw	r30, r20
    2b92:	ee 0f       	add	r30, r30
    2b94:	ff 1f       	adc	r31, r31
    2b96:	30 96       	adiw	r30, 0x00	; 0
    2b98:	21 05       	cpc	r18, r1
    2b9a:	31 05       	cpc	r19, r1
    2b9c:	a1 f1       	breq	.+104    	; 0x2c06 <pow+0x76>
    2b9e:	61 15       	cp	r22, r1
    2ba0:	71 05       	cpc	r23, r1
    2ba2:	61 f4       	brne	.+24     	; 0x2bbc <pow+0x2c>
    2ba4:	80 38       	cpi	r24, 0x80	; 128
    2ba6:	bf e3       	ldi	r27, 0x3F	; 63
    2ba8:	9b 07       	cpc	r25, r27
    2baa:	49 f1       	breq	.+82     	; 0x2bfe <pow+0x6e>
    2bac:	68 94       	set
    2bae:	90 38       	cpi	r25, 0x80	; 128
    2bb0:	81 05       	cpc	r24, r1
    2bb2:	61 f0       	breq	.+24     	; 0x2bcc <pow+0x3c>
    2bb4:	80 38       	cpi	r24, 0x80	; 128
    2bb6:	bf ef       	ldi	r27, 0xFF	; 255
    2bb8:	9b 07       	cpc	r25, r27
    2bba:	41 f0       	breq	.+16     	; 0x2bcc <pow+0x3c>
    2bbc:	99 23       	and	r25, r25
    2bbe:	4a f5       	brpl	.+82     	; 0x2c12 <pow+0x82>
    2bc0:	ff 3f       	cpi	r31, 0xFF	; 255
    2bc2:	e1 05       	cpc	r30, r1
    2bc4:	31 05       	cpc	r19, r1
    2bc6:	21 05       	cpc	r18, r1
    2bc8:	19 f1       	breq	.+70     	; 0x2c10 <pow+0x80>
    2bca:	e8 94       	clt
    2bcc:	08 94       	sec
    2bce:	e7 95       	ror	r30
    2bd0:	d9 01       	movw	r26, r18
    2bd2:	aa 23       	and	r26, r26
    2bd4:	29 f4       	brne	.+10     	; 0x2be0 <pow+0x50>
    2bd6:	ab 2f       	mov	r26, r27
    2bd8:	be 2f       	mov	r27, r30
    2bda:	f8 5f       	subi	r31, 0xF8	; 248
    2bdc:	d0 f3       	brcs	.-12     	; 0x2bd2 <pow+0x42>
    2bde:	10 c0       	rjmp	.+32     	; 0x2c00 <pow+0x70>
    2be0:	ff 5f       	subi	r31, 0xFF	; 255
    2be2:	70 f4       	brcc	.+28     	; 0x2c00 <pow+0x70>
    2be4:	a6 95       	lsr	r26
    2be6:	e0 f7       	brcc	.-8      	; 0x2be0 <pow+0x50>
    2be8:	f7 39       	cpi	r31, 0x97	; 151
    2bea:	50 f0       	brcs	.+20     	; 0x2c00 <pow+0x70>
    2bec:	19 f0       	breq	.+6      	; 0x2bf4 <pow+0x64>
    2bee:	ff 3a       	cpi	r31, 0xAF	; 175
    2bf0:	38 f4       	brcc	.+14     	; 0x2c00 <pow+0x70>
    2bf2:	9f 77       	andi	r25, 0x7F	; 127
    2bf4:	9f 93       	push	r25
    2bf6:	0d d0       	rcall	.+26     	; 0x2c12 <pow+0x82>
    2bf8:	0f 90       	pop	r0
    2bfa:	07 fc       	sbrc	r0, 7
    2bfc:	90 58       	subi	r25, 0x80	; 128
    2bfe:	08 95       	ret
    2c00:	46 f0       	brts	.+16     	; 0x2c12 <pow+0x82>
    2c02:	0c 94 0b 15 	jmp	0x2a16	; 0x2a16 <__fp_nan>
    2c06:	60 e0       	ldi	r22, 0x00	; 0
    2c08:	70 e0       	ldi	r23, 0x00	; 0
    2c0a:	80 e8       	ldi	r24, 0x80	; 128
    2c0c:	9f e3       	ldi	r25, 0x3F	; 63
    2c0e:	08 95       	ret
    2c10:	4f e7       	ldi	r20, 0x7F	; 127
    2c12:	9f 77       	andi	r25, 0x7F	; 127
    2c14:	5f 93       	push	r21
    2c16:	4f 93       	push	r20
    2c18:	3f 93       	push	r19
    2c1a:	2f 93       	push	r18
    2c1c:	0e 94 c3 16 	call	0x2d86	; 0x2d86 <log>
    2c20:	2f 91       	pop	r18
    2c22:	3f 91       	pop	r19
    2c24:	4f 91       	pop	r20
    2c26:	5f 91       	pop	r21
    2c28:	0e 94 5b 15 	call	0x2ab6	; 0x2ab6 <__mulsf3>
    2c2c:	0c 94 20 16 	jmp	0x2c40	; 0x2c40 <exp>
    2c30:	29 f4       	brne	.+10     	; 0x2c3c <pow+0xac>
    2c32:	16 f0       	brts	.+4      	; 0x2c38 <pow+0xa8>
    2c34:	0c 94 05 15 	jmp	0x2a0a	; 0x2a0a <__fp_inf>
    2c38:	0c 94 4f 15 	jmp	0x2a9e	; 0x2a9e <__fp_zero>
    2c3c:	0c 94 0b 15 	jmp	0x2a16	; 0x2a16 <__fp_nan>

00002c40 <exp>:
    2c40:	0e 94 35 15 	call	0x2a6a	; 0x2a6a <__fp_splitA>
    2c44:	a8 f3       	brcs	.-22     	; 0x2c30 <pow+0xa0>
    2c46:	96 38       	cpi	r25, 0x86	; 134
    2c48:	a0 f7       	brcc	.-24     	; 0x2c32 <pow+0xa2>
    2c4a:	07 f8       	bld	r0, 7
    2c4c:	0f 92       	push	r0
    2c4e:	e8 94       	clt
    2c50:	2b e3       	ldi	r18, 0x3B	; 59
    2c52:	3a ea       	ldi	r19, 0xAA	; 170
    2c54:	48 eb       	ldi	r20, 0xB8	; 184
    2c56:	5f e7       	ldi	r21, 0x7F	; 127
    2c58:	0e 94 71 15 	call	0x2ae2	; 0x2ae2 <__mulsf3_pse>
    2c5c:	0f 92       	push	r0
    2c5e:	0f 92       	push	r0
    2c60:	0f 92       	push	r0
    2c62:	4d b7       	in	r20, 0x3d	; 61
    2c64:	5e b7       	in	r21, 0x3e	; 62
    2c66:	0f 92       	push	r0
    2c68:	0e 94 0b 17 	call	0x2e16	; 0x2e16 <modf>
    2c6c:	e8 e6       	ldi	r30, 0x68	; 104
    2c6e:	f0 e0       	ldi	r31, 0x00	; 0
    2c70:	0e 94 52 16 	call	0x2ca4	; 0x2ca4 <__fp_powser>
    2c74:	4f 91       	pop	r20
    2c76:	5f 91       	pop	r21
    2c78:	ef 91       	pop	r30
    2c7a:	ff 91       	pop	r31
    2c7c:	e5 95       	asr	r30
    2c7e:	ee 1f       	adc	r30, r30
    2c80:	ff 1f       	adc	r31, r31
    2c82:	49 f0       	breq	.+18     	; 0x2c96 <exp+0x56>
    2c84:	fe 57       	subi	r31, 0x7E	; 126
    2c86:	e0 68       	ori	r30, 0x80	; 128
    2c88:	44 27       	eor	r20, r20
    2c8a:	ee 0f       	add	r30, r30
    2c8c:	44 1f       	adc	r20, r20
    2c8e:	fa 95       	dec	r31
    2c90:	e1 f7       	brne	.-8      	; 0x2c8a <exp+0x4a>
    2c92:	41 95       	neg	r20
    2c94:	55 0b       	sbc	r21, r21
    2c96:	0e 94 85 16 	call	0x2d0a	; 0x2d0a <ldexp>
    2c9a:	0f 90       	pop	r0
    2c9c:	07 fe       	sbrs	r0, 7
    2c9e:	0c 94 79 16 	jmp	0x2cf2	; 0x2cf2 <inverse>
    2ca2:	08 95       	ret

00002ca4 <__fp_powser>:
    2ca4:	df 93       	push	r29
    2ca6:	cf 93       	push	r28
    2ca8:	1f 93       	push	r17
    2caa:	0f 93       	push	r16
    2cac:	ff 92       	push	r15
    2cae:	ef 92       	push	r14
    2cb0:	df 92       	push	r13
    2cb2:	7b 01       	movw	r14, r22
    2cb4:	8c 01       	movw	r16, r24
    2cb6:	68 94       	set
    2cb8:	06 c0       	rjmp	.+12     	; 0x2cc6 <__fp_powser+0x22>
    2cba:	da 2e       	mov	r13, r26
    2cbc:	ef 01       	movw	r28, r30
    2cbe:	0e 94 6e 15 	call	0x2adc	; 0x2adc <__mulsf3x>
    2cc2:	fe 01       	movw	r30, r28
    2cc4:	e8 94       	clt
    2cc6:	a5 91       	lpm	r26, Z+
    2cc8:	25 91       	lpm	r18, Z+
    2cca:	35 91       	lpm	r19, Z+
    2ccc:	45 91       	lpm	r20, Z+
    2cce:	55 91       	lpm	r21, Z+
    2cd0:	a6 f3       	brts	.-24     	; 0x2cba <__fp_powser+0x16>
    2cd2:	ef 01       	movw	r28, r30
    2cd4:	0e 94 a9 13 	call	0x2752	; 0x2752 <__addsf3x>
    2cd8:	fe 01       	movw	r30, r28
    2cda:	97 01       	movw	r18, r14
    2cdc:	a8 01       	movw	r20, r16
    2cde:	da 94       	dec	r13
    2ce0:	69 f7       	brne	.-38     	; 0x2cbc <__fp_powser+0x18>
    2ce2:	df 90       	pop	r13
    2ce4:	ef 90       	pop	r14
    2ce6:	ff 90       	pop	r15
    2ce8:	0f 91       	pop	r16
    2cea:	1f 91       	pop	r17
    2cec:	cf 91       	pop	r28
    2cee:	df 91       	pop	r29
    2cf0:	08 95       	ret

00002cf2 <inverse>:
    2cf2:	9b 01       	movw	r18, r22
    2cf4:	ac 01       	movw	r20, r24
    2cf6:	60 e0       	ldi	r22, 0x00	; 0
    2cf8:	70 e0       	ldi	r23, 0x00	; 0
    2cfa:	80 e8       	ldi	r24, 0x80	; 128
    2cfc:	9f e3       	ldi	r25, 0x3F	; 63
    2cfe:	0c 94 03 14 	jmp	0x2806	; 0x2806 <__divsf3>
    2d02:	0c 94 05 15 	jmp	0x2a0a	; 0x2a0a <__fp_inf>
    2d06:	0c 94 3f 17 	jmp	0x2e7e	; 0x2e7e <__fp_mpack>

00002d0a <ldexp>:
    2d0a:	0e 94 35 15 	call	0x2a6a	; 0x2a6a <__fp_splitA>
    2d0e:	d8 f3       	brcs	.-10     	; 0x2d06 <inverse+0x14>
    2d10:	99 23       	and	r25, r25
    2d12:	c9 f3       	breq	.-14     	; 0x2d06 <inverse+0x14>
    2d14:	94 0f       	add	r25, r20
    2d16:	51 1d       	adc	r21, r1
    2d18:	a3 f3       	brvs	.-24     	; 0x2d02 <inverse+0x10>
    2d1a:	91 50       	subi	r25, 0x01	; 1
    2d1c:	50 40       	sbci	r21, 0x00	; 0
    2d1e:	94 f0       	brlt	.+36     	; 0x2d44 <ldexp+0x3a>
    2d20:	59 f0       	breq	.+22     	; 0x2d38 <ldexp+0x2e>
    2d22:	88 23       	and	r24, r24
    2d24:	32 f0       	brmi	.+12     	; 0x2d32 <ldexp+0x28>
    2d26:	66 0f       	add	r22, r22
    2d28:	77 1f       	adc	r23, r23
    2d2a:	88 1f       	adc	r24, r24
    2d2c:	91 50       	subi	r25, 0x01	; 1
    2d2e:	50 40       	sbci	r21, 0x00	; 0
    2d30:	c1 f7       	brne	.-16     	; 0x2d22 <ldexp+0x18>
    2d32:	9e 3f       	cpi	r25, 0xFE	; 254
    2d34:	51 05       	cpc	r21, r1
    2d36:	2c f7       	brge	.-54     	; 0x2d02 <inverse+0x10>
    2d38:	88 0f       	add	r24, r24
    2d3a:	91 1d       	adc	r25, r1
    2d3c:	96 95       	lsr	r25
    2d3e:	87 95       	ror	r24
    2d40:	97 f9       	bld	r25, 7
    2d42:	08 95       	ret
    2d44:	5f 3f       	cpi	r21, 0xFF	; 255
    2d46:	ac f0       	brlt	.+42     	; 0x2d72 <ldexp+0x68>
    2d48:	98 3e       	cpi	r25, 0xE8	; 232
    2d4a:	9c f0       	brlt	.+38     	; 0x2d72 <ldexp+0x68>
    2d4c:	bb 27       	eor	r27, r27
    2d4e:	86 95       	lsr	r24
    2d50:	77 95       	ror	r23
    2d52:	67 95       	ror	r22
    2d54:	b7 95       	ror	r27
    2d56:	08 f4       	brcc	.+2      	; 0x2d5a <ldexp+0x50>
    2d58:	b1 60       	ori	r27, 0x01	; 1
    2d5a:	93 95       	inc	r25
    2d5c:	c1 f7       	brne	.-16     	; 0x2d4e <ldexp+0x44>
    2d5e:	bb 0f       	add	r27, r27
    2d60:	58 f7       	brcc	.-42     	; 0x2d38 <ldexp+0x2e>
    2d62:	11 f4       	brne	.+4      	; 0x2d68 <ldexp+0x5e>
    2d64:	60 ff       	sbrs	r22, 0
    2d66:	e8 cf       	rjmp	.-48     	; 0x2d38 <ldexp+0x2e>
    2d68:	6f 5f       	subi	r22, 0xFF	; 255
    2d6a:	7f 4f       	sbci	r23, 0xFF	; 255
    2d6c:	8f 4f       	sbci	r24, 0xFF	; 255
    2d6e:	9f 4f       	sbci	r25, 0xFF	; 255
    2d70:	e3 cf       	rjmp	.-58     	; 0x2d38 <ldexp+0x2e>
    2d72:	0c 94 50 15 	jmp	0x2aa0	; 0x2aa0 <__fp_szero>
    2d76:	16 f0       	brts	.+4      	; 0x2d7c <ldexp+0x72>
    2d78:	0c 94 3f 17 	jmp	0x2e7e	; 0x2e7e <__fp_mpack>
    2d7c:	0c 94 0b 15 	jmp	0x2a16	; 0x2a16 <__fp_nan>
    2d80:	68 94       	set
    2d82:	0c 94 05 15 	jmp	0x2a0a	; 0x2a0a <__fp_inf>

00002d86 <log>:
    2d86:	0e 94 35 15 	call	0x2a6a	; 0x2a6a <__fp_splitA>
    2d8a:	a8 f3       	brcs	.-22     	; 0x2d76 <ldexp+0x6c>
    2d8c:	99 23       	and	r25, r25
    2d8e:	c1 f3       	breq	.-16     	; 0x2d80 <ldexp+0x76>
    2d90:	ae f3       	brts	.-22     	; 0x2d7c <ldexp+0x72>
    2d92:	df 93       	push	r29
    2d94:	cf 93       	push	r28
    2d96:	1f 93       	push	r17
    2d98:	0f 93       	push	r16
    2d9a:	ff 92       	push	r15
    2d9c:	c9 2f       	mov	r28, r25
    2d9e:	dd 27       	eor	r29, r29
    2da0:	88 23       	and	r24, r24
    2da2:	2a f0       	brmi	.+10     	; 0x2dae <log+0x28>
    2da4:	21 97       	sbiw	r28, 0x01	; 1
    2da6:	66 0f       	add	r22, r22
    2da8:	77 1f       	adc	r23, r23
    2daa:	88 1f       	adc	r24, r24
    2dac:	da f7       	brpl	.-10     	; 0x2da4 <log+0x1e>
    2dae:	20 e0       	ldi	r18, 0x00	; 0
    2db0:	30 e0       	ldi	r19, 0x00	; 0
    2db2:	40 e8       	ldi	r20, 0x80	; 128
    2db4:	5f eb       	ldi	r21, 0xBF	; 191
    2db6:	9f e3       	ldi	r25, 0x3F	; 63
    2db8:	88 39       	cpi	r24, 0x98	; 152
    2dba:	20 f0       	brcs	.+8      	; 0x2dc4 <log+0x3e>
    2dbc:	80 3e       	cpi	r24, 0xE0	; 224
    2dbe:	38 f0       	brcs	.+14     	; 0x2dce <log+0x48>
    2dc0:	21 96       	adiw	r28, 0x01	; 1
    2dc2:	8f 77       	andi	r24, 0x7F	; 127
    2dc4:	0e 94 92 13 	call	0x2724	; 0x2724 <__addsf3>
    2dc8:	e0 e9       	ldi	r30, 0x90	; 144
    2dca:	f0 e0       	ldi	r31, 0x00	; 0
    2dcc:	04 c0       	rjmp	.+8      	; 0x2dd6 <log+0x50>
    2dce:	0e 94 92 13 	call	0x2724	; 0x2724 <__addsf3>
    2dd2:	ed eb       	ldi	r30, 0xBD	; 189
    2dd4:	f0 e0       	ldi	r31, 0x00	; 0
    2dd6:	0e 94 52 16 	call	0x2ca4	; 0x2ca4 <__fp_powser>
    2dda:	8b 01       	movw	r16, r22
    2ddc:	be 01       	movw	r22, r28
    2dde:	ec 01       	movw	r28, r24
    2de0:	fb 2e       	mov	r15, r27
    2de2:	6f 57       	subi	r22, 0x7F	; 127
    2de4:	71 09       	sbc	r23, r1
    2de6:	75 95       	asr	r23
    2de8:	77 1f       	adc	r23, r23
    2dea:	88 0b       	sbc	r24, r24
    2dec:	99 0b       	sbc	r25, r25
    2dee:	0e 94 a6 14 	call	0x294c	; 0x294c <__floatsisf>
    2df2:	28 e1       	ldi	r18, 0x18	; 24
    2df4:	32 e7       	ldi	r19, 0x72	; 114
    2df6:	41 e3       	ldi	r20, 0x31	; 49
    2df8:	5f e3       	ldi	r21, 0x3F	; 63
    2dfa:	0e 94 6e 15 	call	0x2adc	; 0x2adc <__mulsf3x>
    2dfe:	af 2d       	mov	r26, r15
    2e00:	98 01       	movw	r18, r16
    2e02:	ae 01       	movw	r20, r28
    2e04:	ff 90       	pop	r15
    2e06:	0f 91       	pop	r16
    2e08:	1f 91       	pop	r17
    2e0a:	cf 91       	pop	r28
    2e0c:	df 91       	pop	r29
    2e0e:	0e 94 a9 13 	call	0x2752	; 0x2752 <__addsf3x>
    2e12:	0c 94 1c 15 	jmp	0x2a38	; 0x2a38 <__fp_round>

00002e16 <modf>:
    2e16:	fa 01       	movw	r30, r20
    2e18:	dc 01       	movw	r26, r24
    2e1a:	aa 0f       	add	r26, r26
    2e1c:	bb 1f       	adc	r27, r27
    2e1e:	9b 01       	movw	r18, r22
    2e20:	ac 01       	movw	r20, r24
    2e22:	bf 57       	subi	r27, 0x7F	; 127
    2e24:	28 f4       	brcc	.+10     	; 0x2e30 <modf+0x1a>
    2e26:	22 27       	eor	r18, r18
    2e28:	33 27       	eor	r19, r19
    2e2a:	44 27       	eor	r20, r20
    2e2c:	50 78       	andi	r21, 0x80	; 128
    2e2e:	20 c0       	rjmp	.+64     	; 0x2e70 <modf+0x5a>
    2e30:	b7 51       	subi	r27, 0x17	; 23
    2e32:	90 f4       	brcc	.+36     	; 0x2e58 <modf+0x42>
    2e34:	ab 2f       	mov	r26, r27
    2e36:	00 24       	eor	r0, r0
    2e38:	46 95       	lsr	r20
    2e3a:	37 95       	ror	r19
    2e3c:	27 95       	ror	r18
    2e3e:	01 1c       	adc	r0, r1
    2e40:	a3 95       	inc	r26
    2e42:	d2 f3       	brmi	.-12     	; 0x2e38 <modf+0x22>
    2e44:	00 20       	and	r0, r0
    2e46:	71 f0       	breq	.+28     	; 0x2e64 <modf+0x4e>
    2e48:	22 0f       	add	r18, r18
    2e4a:	33 1f       	adc	r19, r19
    2e4c:	44 1f       	adc	r20, r20
    2e4e:	b3 95       	inc	r27
    2e50:	da f3       	brmi	.-10     	; 0x2e48 <modf+0x32>
    2e52:	0e d0       	rcall	.+28     	; 0x2e70 <modf+0x5a>
    2e54:	0c 94 91 13 	jmp	0x2722	; 0x2722 <__subsf3>
    2e58:	61 30       	cpi	r22, 0x01	; 1
    2e5a:	71 05       	cpc	r23, r1
    2e5c:	a0 e8       	ldi	r26, 0x80	; 128
    2e5e:	8a 07       	cpc	r24, r26
    2e60:	b9 46       	sbci	r27, 0x69	; 105
    2e62:	30 f4       	brcc	.+12     	; 0x2e70 <modf+0x5a>
    2e64:	9b 01       	movw	r18, r22
    2e66:	ac 01       	movw	r20, r24
    2e68:	66 27       	eor	r22, r22
    2e6a:	77 27       	eor	r23, r23
    2e6c:	88 27       	eor	r24, r24
    2e6e:	90 78       	andi	r25, 0x80	; 128
    2e70:	30 96       	adiw	r30, 0x00	; 0
    2e72:	21 f0       	breq	.+8      	; 0x2e7c <modf+0x66>
    2e74:	20 83       	st	Z, r18
    2e76:	31 83       	std	Z+1, r19	; 0x01
    2e78:	42 83       	std	Z+2, r20	; 0x02
    2e7a:	53 83       	std	Z+3, r21	; 0x03
    2e7c:	08 95       	ret

00002e7e <__fp_mpack>:
    2e7e:	9f 3f       	cpi	r25, 0xFF	; 255
    2e80:	31 f0       	breq	.+12     	; 0x2e8e <__fp_mpack_finite+0xc>

00002e82 <__fp_mpack_finite>:
    2e82:	91 50       	subi	r25, 0x01	; 1
    2e84:	20 f4       	brcc	.+8      	; 0x2e8e <__fp_mpack_finite+0xc>
    2e86:	87 95       	ror	r24
    2e88:	77 95       	ror	r23
    2e8a:	67 95       	ror	r22
    2e8c:	b7 95       	ror	r27
    2e8e:	88 0f       	add	r24, r24
    2e90:	91 1d       	adc	r25, r1
    2e92:	96 95       	lsr	r25
    2e94:	87 95       	ror	r24
    2e96:	97 f9       	bld	r25, 7
    2e98:	08 95       	ret

00002e9a <__udivmodsi4>:
    2e9a:	a1 e2       	ldi	r26, 0x21	; 33
    2e9c:	1a 2e       	mov	r1, r26
    2e9e:	aa 1b       	sub	r26, r26
    2ea0:	bb 1b       	sub	r27, r27
    2ea2:	fd 01       	movw	r30, r26
    2ea4:	0d c0       	rjmp	.+26     	; 0x2ec0 <__udivmodsi4_ep>

00002ea6 <__udivmodsi4_loop>:
    2ea6:	aa 1f       	adc	r26, r26
    2ea8:	bb 1f       	adc	r27, r27
    2eaa:	ee 1f       	adc	r30, r30
    2eac:	ff 1f       	adc	r31, r31
    2eae:	a2 17       	cp	r26, r18
    2eb0:	b3 07       	cpc	r27, r19
    2eb2:	e4 07       	cpc	r30, r20
    2eb4:	f5 07       	cpc	r31, r21
    2eb6:	20 f0       	brcs	.+8      	; 0x2ec0 <__udivmodsi4_ep>
    2eb8:	a2 1b       	sub	r26, r18
    2eba:	b3 0b       	sbc	r27, r19
    2ebc:	e4 0b       	sbc	r30, r20
    2ebe:	f5 0b       	sbc	r31, r21

00002ec0 <__udivmodsi4_ep>:
    2ec0:	66 1f       	adc	r22, r22
    2ec2:	77 1f       	adc	r23, r23
    2ec4:	88 1f       	adc	r24, r24
    2ec6:	99 1f       	adc	r25, r25
    2ec8:	1a 94       	dec	r1
    2eca:	69 f7       	brne	.-38     	; 0x2ea6 <__udivmodsi4_loop>
    2ecc:	60 95       	com	r22
    2ece:	70 95       	com	r23
    2ed0:	80 95       	com	r24
    2ed2:	90 95       	com	r25
    2ed4:	9b 01       	movw	r18, r22
    2ed6:	ac 01       	movw	r20, r24
    2ed8:	bd 01       	movw	r22, r26
    2eda:	cf 01       	movw	r24, r30
    2edc:	08 95       	ret

00002ede <__tablejump2__>:
    2ede:	ee 0f       	add	r30, r30
    2ee0:	ff 1f       	adc	r31, r31
    2ee2:	05 90       	lpm	r0, Z+
    2ee4:	f4 91       	lpm	r31, Z
    2ee6:	e0 2d       	mov	r30, r0
    2ee8:	09 94       	ijmp

00002eea <sprintf>:
    2eea:	ae e0       	ldi	r26, 0x0E	; 14
    2eec:	b0 e0       	ldi	r27, 0x00	; 0
    2eee:	eb e7       	ldi	r30, 0x7B	; 123
    2ef0:	f7 e1       	ldi	r31, 0x17	; 23
    2ef2:	0c 94 24 1a 	jmp	0x3448	; 0x3448 <__prologue_saves__+0x1c>
    2ef6:	0d 89       	ldd	r16, Y+21	; 0x15
    2ef8:	1e 89       	ldd	r17, Y+22	; 0x16
    2efa:	86 e0       	ldi	r24, 0x06	; 6
    2efc:	8c 83       	std	Y+4, r24	; 0x04
    2efe:	1a 83       	std	Y+2, r17	; 0x02
    2f00:	09 83       	std	Y+1, r16	; 0x01
    2f02:	8f ef       	ldi	r24, 0xFF	; 255
    2f04:	9f e7       	ldi	r25, 0x7F	; 127
    2f06:	9e 83       	std	Y+6, r25	; 0x06
    2f08:	8d 83       	std	Y+5, r24	; 0x05
    2f0a:	ae 01       	movw	r20, r28
    2f0c:	47 5e       	subi	r20, 0xE7	; 231
    2f0e:	5f 4f       	sbci	r21, 0xFF	; 255
    2f10:	6f 89       	ldd	r22, Y+23	; 0x17
    2f12:	78 8d       	ldd	r23, Y+24	; 0x18
    2f14:	ce 01       	movw	r24, r28
    2f16:	01 96       	adiw	r24, 0x01	; 1
    2f18:	0e 94 98 17 	call	0x2f30	; 0x2f30 <vfprintf>
    2f1c:	2f 81       	ldd	r18, Y+7	; 0x07
    2f1e:	38 85       	ldd	r19, Y+8	; 0x08
    2f20:	02 0f       	add	r16, r18
    2f22:	13 1f       	adc	r17, r19
    2f24:	f8 01       	movw	r30, r16
    2f26:	10 82       	st	Z, r1
    2f28:	2e 96       	adiw	r28, 0x0e	; 14
    2f2a:	e4 e0       	ldi	r30, 0x04	; 4
    2f2c:	0c 94 40 1a 	jmp	0x3480	; 0x3480 <__epilogue_restores__+0x1c>

00002f30 <vfprintf>:
    2f30:	ab e0       	ldi	r26, 0x0B	; 11
    2f32:	b0 e0       	ldi	r27, 0x00	; 0
    2f34:	ee e9       	ldi	r30, 0x9E	; 158
    2f36:	f7 e1       	ldi	r31, 0x17	; 23
    2f38:	0c 94 16 1a 	jmp	0x342c	; 0x342c <__prologue_saves__>
    2f3c:	7c 01       	movw	r14, r24
    2f3e:	3b 01       	movw	r6, r22
    2f40:	8a 01       	movw	r16, r20
    2f42:	fc 01       	movw	r30, r24
    2f44:	17 82       	std	Z+7, r1	; 0x07
    2f46:	16 82       	std	Z+6, r1	; 0x06
    2f48:	83 81       	ldd	r24, Z+3	; 0x03
    2f4a:	81 ff       	sbrs	r24, 1
    2f4c:	c8 c1       	rjmp	.+912    	; 0x32de <vfprintf+0x3ae>
    2f4e:	ce 01       	movw	r24, r28
    2f50:	01 96       	adiw	r24, 0x01	; 1
    2f52:	5c 01       	movw	r10, r24
    2f54:	f7 01       	movw	r30, r14
    2f56:	93 81       	ldd	r25, Z+3	; 0x03
    2f58:	f3 01       	movw	r30, r6
    2f5a:	93 fd       	sbrc	r25, 3
    2f5c:	85 91       	lpm	r24, Z+
    2f5e:	93 ff       	sbrs	r25, 3
    2f60:	81 91       	ld	r24, Z+
    2f62:	3f 01       	movw	r6, r30
    2f64:	88 23       	and	r24, r24
    2f66:	09 f4       	brne	.+2      	; 0x2f6a <vfprintf+0x3a>
    2f68:	53 c1       	rjmp	.+678    	; 0x3210 <vfprintf+0x2e0>
    2f6a:	85 32       	cpi	r24, 0x25	; 37
    2f6c:	39 f4       	brne	.+14     	; 0x2f7c <vfprintf+0x4c>
    2f6e:	93 fd       	sbrc	r25, 3
    2f70:	85 91       	lpm	r24, Z+
    2f72:	93 ff       	sbrs	r25, 3
    2f74:	81 91       	ld	r24, Z+
    2f76:	3f 01       	movw	r6, r30
    2f78:	85 32       	cpi	r24, 0x25	; 37
    2f7a:	29 f4       	brne	.+10     	; 0x2f86 <vfprintf+0x56>
    2f7c:	b7 01       	movw	r22, r14
    2f7e:	90 e0       	ldi	r25, 0x00	; 0
    2f80:	0e 94 88 19 	call	0x3310	; 0x3310 <fputc>
    2f84:	e7 cf       	rjmp	.-50     	; 0x2f54 <vfprintf+0x24>
    2f86:	91 2c       	mov	r9, r1
    2f88:	21 2c       	mov	r2, r1
    2f8a:	31 2c       	mov	r3, r1
    2f8c:	ff e1       	ldi	r31, 0x1F	; 31
    2f8e:	f3 15       	cp	r31, r3
    2f90:	38 f0       	brcs	.+14     	; 0x2fa0 <vfprintf+0x70>
    2f92:	8b 32       	cpi	r24, 0x2B	; 43
    2f94:	11 f1       	breq	.+68     	; 0x2fda <vfprintf+0xaa>
    2f96:	90 f4       	brcc	.+36     	; 0x2fbc <vfprintf+0x8c>
    2f98:	80 32       	cpi	r24, 0x20	; 32
    2f9a:	09 f1       	breq	.+66     	; 0x2fde <vfprintf+0xae>
    2f9c:	83 32       	cpi	r24, 0x23	; 35
    2f9e:	29 f1       	breq	.+74     	; 0x2fea <vfprintf+0xba>
    2fa0:	37 fc       	sbrc	r3, 7
    2fa2:	3c c0       	rjmp	.+120    	; 0x301c <vfprintf+0xec>
    2fa4:	20 ed       	ldi	r18, 0xD0	; 208
    2fa6:	28 0f       	add	r18, r24
    2fa8:	2a 30       	cpi	r18, 0x0A	; 10
    2faa:	50 f5       	brcc	.+84     	; 0x3000 <vfprintf+0xd0>
    2fac:	36 fe       	sbrs	r3, 6
    2fae:	20 c0       	rjmp	.+64     	; 0x2ff0 <vfprintf+0xc0>
    2fb0:	8a e0       	ldi	r24, 0x0A	; 10
    2fb2:	98 9e       	mul	r9, r24
    2fb4:	20 0d       	add	r18, r0
    2fb6:	11 24       	eor	r1, r1
    2fb8:	92 2e       	mov	r9, r18
    2fba:	06 c0       	rjmp	.+12     	; 0x2fc8 <vfprintf+0x98>
    2fbc:	8d 32       	cpi	r24, 0x2D	; 45
    2fbe:	91 f0       	breq	.+36     	; 0x2fe4 <vfprintf+0xb4>
    2fc0:	80 33       	cpi	r24, 0x30	; 48
    2fc2:	71 f7       	brne	.-36     	; 0x2fa0 <vfprintf+0x70>
    2fc4:	68 94       	set
    2fc6:	30 f8       	bld	r3, 0
    2fc8:	f3 01       	movw	r30, r6
    2fca:	93 fd       	sbrc	r25, 3
    2fcc:	85 91       	lpm	r24, Z+
    2fce:	93 ff       	sbrs	r25, 3
    2fd0:	81 91       	ld	r24, Z+
    2fd2:	3f 01       	movw	r6, r30
    2fd4:	81 11       	cpse	r24, r1
    2fd6:	da cf       	rjmp	.-76     	; 0x2f8c <vfprintf+0x5c>
    2fd8:	21 c0       	rjmp	.+66     	; 0x301c <vfprintf+0xec>
    2fda:	68 94       	set
    2fdc:	31 f8       	bld	r3, 1
    2fde:	68 94       	set
    2fe0:	32 f8       	bld	r3, 2
    2fe2:	f2 cf       	rjmp	.-28     	; 0x2fc8 <vfprintf+0x98>
    2fe4:	68 94       	set
    2fe6:	33 f8       	bld	r3, 3
    2fe8:	ef cf       	rjmp	.-34     	; 0x2fc8 <vfprintf+0x98>
    2fea:	68 94       	set
    2fec:	34 f8       	bld	r3, 4
    2fee:	ec cf       	rjmp	.-40     	; 0x2fc8 <vfprintf+0x98>
    2ff0:	ea e0       	ldi	r30, 0x0A	; 10
    2ff2:	2e 9e       	mul	r2, r30
    2ff4:	20 0d       	add	r18, r0
    2ff6:	11 24       	eor	r1, r1
    2ff8:	22 2e       	mov	r2, r18
    2ffa:	68 94       	set
    2ffc:	35 f8       	bld	r3, 5
    2ffe:	e4 cf       	rjmp	.-56     	; 0x2fc8 <vfprintf+0x98>
    3000:	8e 32       	cpi	r24, 0x2E	; 46
    3002:	29 f4       	brne	.+10     	; 0x300e <vfprintf+0xde>
    3004:	36 fc       	sbrc	r3, 6
    3006:	04 c1       	rjmp	.+520    	; 0x3210 <vfprintf+0x2e0>
    3008:	68 94       	set
    300a:	36 f8       	bld	r3, 6
    300c:	dd cf       	rjmp	.-70     	; 0x2fc8 <vfprintf+0x98>
    300e:	8c 36       	cpi	r24, 0x6C	; 108
    3010:	19 f4       	brne	.+6      	; 0x3018 <vfprintf+0xe8>
    3012:	68 94       	set
    3014:	37 f8       	bld	r3, 7
    3016:	d8 cf       	rjmp	.-80     	; 0x2fc8 <vfprintf+0x98>
    3018:	88 36       	cpi	r24, 0x68	; 104
    301a:	b1 f2       	breq	.-84     	; 0x2fc8 <vfprintf+0x98>
    301c:	98 2f       	mov	r25, r24
    301e:	9f 7d       	andi	r25, 0xDF	; 223
    3020:	95 54       	subi	r25, 0x45	; 69
    3022:	93 30       	cpi	r25, 0x03	; 3
    3024:	e0 f0       	brcs	.+56     	; 0x305e <vfprintf+0x12e>
    3026:	83 36       	cpi	r24, 0x63	; 99
    3028:	a1 f1       	breq	.+104    	; 0x3092 <vfprintf+0x162>
    302a:	83 37       	cpi	r24, 0x73	; 115
    302c:	c1 f1       	breq	.+112    	; 0x309e <vfprintf+0x16e>
    302e:	83 35       	cpi	r24, 0x53	; 83
    3030:	09 f0       	breq	.+2      	; 0x3034 <vfprintf+0x104>
    3032:	63 c0       	rjmp	.+198    	; 0x30fa <vfprintf+0x1ca>
    3034:	28 01       	movw	r4, r16
    3036:	f2 e0       	ldi	r31, 0x02	; 2
    3038:	4f 0e       	add	r4, r31
    303a:	51 1c       	adc	r5, r1
    303c:	f8 01       	movw	r30, r16
    303e:	c0 80       	ld	r12, Z
    3040:	d1 80       	ldd	r13, Z+1	; 0x01
    3042:	69 2d       	mov	r22, r9
    3044:	70 e0       	ldi	r23, 0x00	; 0
    3046:	36 fc       	sbrc	r3, 6
    3048:	02 c0       	rjmp	.+4      	; 0x304e <vfprintf+0x11e>
    304a:	6f ef       	ldi	r22, 0xFF	; 255
    304c:	7f ef       	ldi	r23, 0xFF	; 255
    304e:	c6 01       	movw	r24, r12
    3050:	0e 94 72 19 	call	0x32e4	; 0x32e4 <strnlen_P>
    3054:	4c 01       	movw	r8, r24
    3056:	68 94       	set
    3058:	37 f8       	bld	r3, 7
    305a:	82 01       	movw	r16, r4
    305c:	0a c0       	rjmp	.+20     	; 0x3072 <vfprintf+0x142>
    305e:	0c 5f       	subi	r16, 0xFC	; 252
    3060:	1f 4f       	sbci	r17, 0xFF	; 255
    3062:	ff e3       	ldi	r31, 0x3F	; 63
    3064:	f9 83       	std	Y+1, r31	; 0x01
    3066:	88 24       	eor	r8, r8
    3068:	83 94       	inc	r8
    306a:	91 2c       	mov	r9, r1
    306c:	65 01       	movw	r12, r10
    306e:	e8 94       	clt
    3070:	37 f8       	bld	r3, 7
    3072:	33 fe       	sbrs	r3, 3
    3074:	2d c0       	rjmp	.+90     	; 0x30d0 <vfprintf+0x1a0>
    3076:	52 2c       	mov	r5, r2
    3078:	81 14       	cp	r8, r1
    307a:	91 04       	cpc	r9, r1
    307c:	71 f5       	brne	.+92     	; 0x30da <vfprintf+0x1aa>
    307e:	55 20       	and	r5, r5
    3080:	09 f4       	brne	.+2      	; 0x3084 <vfprintf+0x154>
    3082:	68 cf       	rjmp	.-304    	; 0x2f54 <vfprintf+0x24>
    3084:	b7 01       	movw	r22, r14
    3086:	80 e2       	ldi	r24, 0x20	; 32
    3088:	90 e0       	ldi	r25, 0x00	; 0
    308a:	0e 94 88 19 	call	0x3310	; 0x3310 <fputc>
    308e:	5a 94       	dec	r5
    3090:	f6 cf       	rjmp	.-20     	; 0x307e <vfprintf+0x14e>
    3092:	f8 01       	movw	r30, r16
    3094:	80 81       	ld	r24, Z
    3096:	89 83       	std	Y+1, r24	; 0x01
    3098:	0e 5f       	subi	r16, 0xFE	; 254
    309a:	1f 4f       	sbci	r17, 0xFF	; 255
    309c:	e4 cf       	rjmp	.-56     	; 0x3066 <vfprintf+0x136>
    309e:	28 01       	movw	r4, r16
    30a0:	f2 e0       	ldi	r31, 0x02	; 2
    30a2:	4f 0e       	add	r4, r31
    30a4:	51 1c       	adc	r5, r1
    30a6:	f8 01       	movw	r30, r16
    30a8:	c0 80       	ld	r12, Z
    30aa:	d1 80       	ldd	r13, Z+1	; 0x01
    30ac:	69 2d       	mov	r22, r9
    30ae:	70 e0       	ldi	r23, 0x00	; 0
    30b0:	36 fc       	sbrc	r3, 6
    30b2:	02 c0       	rjmp	.+4      	; 0x30b8 <vfprintf+0x188>
    30b4:	6f ef       	ldi	r22, 0xFF	; 255
    30b6:	7f ef       	ldi	r23, 0xFF	; 255
    30b8:	c6 01       	movw	r24, r12
    30ba:	0e 94 7d 19 	call	0x32fa	; 0x32fa <strnlen>
    30be:	4c 01       	movw	r8, r24
    30c0:	82 01       	movw	r16, r4
    30c2:	d5 cf       	rjmp	.-86     	; 0x306e <vfprintf+0x13e>
    30c4:	b7 01       	movw	r22, r14
    30c6:	80 e2       	ldi	r24, 0x20	; 32
    30c8:	90 e0       	ldi	r25, 0x00	; 0
    30ca:	0e 94 88 19 	call	0x3310	; 0x3310 <fputc>
    30ce:	2a 94       	dec	r2
    30d0:	28 14       	cp	r2, r8
    30d2:	19 04       	cpc	r1, r9
    30d4:	09 f0       	breq	.+2      	; 0x30d8 <vfprintf+0x1a8>
    30d6:	b0 f7       	brcc	.-20     	; 0x30c4 <vfprintf+0x194>
    30d8:	ce cf       	rjmp	.-100    	; 0x3076 <vfprintf+0x146>
    30da:	f6 01       	movw	r30, r12
    30dc:	37 fc       	sbrc	r3, 7
    30de:	85 91       	lpm	r24, Z+
    30e0:	37 fe       	sbrs	r3, 7
    30e2:	81 91       	ld	r24, Z+
    30e4:	6f 01       	movw	r12, r30
    30e6:	b7 01       	movw	r22, r14
    30e8:	90 e0       	ldi	r25, 0x00	; 0
    30ea:	0e 94 88 19 	call	0x3310	; 0x3310 <fputc>
    30ee:	51 10       	cpse	r5, r1
    30f0:	5a 94       	dec	r5
    30f2:	f1 e0       	ldi	r31, 0x01	; 1
    30f4:	8f 1a       	sub	r8, r31
    30f6:	91 08       	sbc	r9, r1
    30f8:	bf cf       	rjmp	.-130    	; 0x3078 <vfprintf+0x148>
    30fa:	84 36       	cpi	r24, 0x64	; 100
    30fc:	19 f0       	breq	.+6      	; 0x3104 <vfprintf+0x1d4>
    30fe:	89 36       	cpi	r24, 0x69	; 105
    3100:	09 f0       	breq	.+2      	; 0x3104 <vfprintf+0x1d4>
    3102:	77 c0       	rjmp	.+238    	; 0x31f2 <vfprintf+0x2c2>
    3104:	f8 01       	movw	r30, r16
    3106:	37 fe       	sbrs	r3, 7
    3108:	6b c0       	rjmp	.+214    	; 0x31e0 <vfprintf+0x2b0>
    310a:	60 81       	ld	r22, Z
    310c:	71 81       	ldd	r23, Z+1	; 0x01
    310e:	82 81       	ldd	r24, Z+2	; 0x02
    3110:	93 81       	ldd	r25, Z+3	; 0x03
    3112:	0c 5f       	subi	r16, 0xFC	; 252
    3114:	1f 4f       	sbci	r17, 0xFF	; 255
    3116:	f3 2d       	mov	r31, r3
    3118:	ff 76       	andi	r31, 0x6F	; 111
    311a:	3f 2e       	mov	r3, r31
    311c:	97 ff       	sbrs	r25, 7
    311e:	09 c0       	rjmp	.+18     	; 0x3132 <vfprintf+0x202>
    3120:	90 95       	com	r25
    3122:	80 95       	com	r24
    3124:	70 95       	com	r23
    3126:	61 95       	neg	r22
    3128:	7f 4f       	sbci	r23, 0xFF	; 255
    312a:	8f 4f       	sbci	r24, 0xFF	; 255
    312c:	9f 4f       	sbci	r25, 0xFF	; 255
    312e:	68 94       	set
    3130:	37 f8       	bld	r3, 7
    3132:	2a e0       	ldi	r18, 0x0A	; 10
    3134:	30 e0       	ldi	r19, 0x00	; 0
    3136:	a5 01       	movw	r20, r10
    3138:	0e 94 b8 19 	call	0x3370	; 0x3370 <__ultoa_invert>
    313c:	c8 2e       	mov	r12, r24
    313e:	ca 18       	sub	r12, r10
    3140:	8c 2c       	mov	r8, r12
    3142:	43 2c       	mov	r4, r3
    3144:	36 fe       	sbrs	r3, 6
    3146:	0c c0       	rjmp	.+24     	; 0x3160 <vfprintf+0x230>
    3148:	e8 94       	clt
    314a:	40 f8       	bld	r4, 0
    314c:	c9 14       	cp	r12, r9
    314e:	40 f4       	brcc	.+16     	; 0x3160 <vfprintf+0x230>
    3150:	34 fe       	sbrs	r3, 4
    3152:	05 c0       	rjmp	.+10     	; 0x315e <vfprintf+0x22e>
    3154:	32 fc       	sbrc	r3, 2
    3156:	03 c0       	rjmp	.+6      	; 0x315e <vfprintf+0x22e>
    3158:	f3 2d       	mov	r31, r3
    315a:	fe 7e       	andi	r31, 0xEE	; 238
    315c:	4f 2e       	mov	r4, r31
    315e:	89 2c       	mov	r8, r9
    3160:	44 fe       	sbrs	r4, 4
    3162:	95 c0       	rjmp	.+298    	; 0x328e <vfprintf+0x35e>
    3164:	fe 01       	movw	r30, r28
    3166:	ec 0d       	add	r30, r12
    3168:	f1 1d       	adc	r31, r1
    316a:	80 81       	ld	r24, Z
    316c:	80 33       	cpi	r24, 0x30	; 48
    316e:	09 f0       	breq	.+2      	; 0x3172 <vfprintf+0x242>
    3170:	87 c0       	rjmp	.+270    	; 0x3280 <vfprintf+0x350>
    3172:	24 2d       	mov	r18, r4
    3174:	29 7e       	andi	r18, 0xE9	; 233
    3176:	42 2e       	mov	r4, r18
    3178:	84 2d       	mov	r24, r4
    317a:	88 70       	andi	r24, 0x08	; 8
    317c:	58 2e       	mov	r5, r24
    317e:	43 fc       	sbrc	r4, 3
    3180:	95 c0       	rjmp	.+298    	; 0x32ac <vfprintf+0x37c>
    3182:	40 fe       	sbrs	r4, 0
    3184:	8f c0       	rjmp	.+286    	; 0x32a4 <vfprintf+0x374>
    3186:	9c 2c       	mov	r9, r12
    3188:	82 14       	cp	r8, r2
    318a:	18 f4       	brcc	.+6      	; 0x3192 <vfprintf+0x262>
    318c:	2c 0c       	add	r2, r12
    318e:	92 2c       	mov	r9, r2
    3190:	98 18       	sub	r9, r8
    3192:	44 fe       	sbrs	r4, 4
    3194:	91 c0       	rjmp	.+290    	; 0x32b8 <vfprintf+0x388>
    3196:	b7 01       	movw	r22, r14
    3198:	80 e3       	ldi	r24, 0x30	; 48
    319a:	90 e0       	ldi	r25, 0x00	; 0
    319c:	0e 94 88 19 	call	0x3310	; 0x3310 <fputc>
    31a0:	42 fe       	sbrs	r4, 2
    31a2:	09 c0       	rjmp	.+18     	; 0x31b6 <vfprintf+0x286>
    31a4:	88 e7       	ldi	r24, 0x78	; 120
    31a6:	90 e0       	ldi	r25, 0x00	; 0
    31a8:	41 fe       	sbrs	r4, 1
    31aa:	02 c0       	rjmp	.+4      	; 0x31b0 <vfprintf+0x280>
    31ac:	88 e5       	ldi	r24, 0x58	; 88
    31ae:	90 e0       	ldi	r25, 0x00	; 0
    31b0:	b7 01       	movw	r22, r14
    31b2:	0e 94 88 19 	call	0x3310	; 0x3310 <fputc>
    31b6:	c9 14       	cp	r12, r9
    31b8:	08 f4       	brcc	.+2      	; 0x31bc <vfprintf+0x28c>
    31ba:	8a c0       	rjmp	.+276    	; 0x32d0 <vfprintf+0x3a0>
    31bc:	ca 94       	dec	r12
    31be:	d1 2c       	mov	r13, r1
    31c0:	9f ef       	ldi	r25, 0xFF	; 255
    31c2:	c9 1a       	sub	r12, r25
    31c4:	d9 0a       	sbc	r13, r25
    31c6:	ca 0c       	add	r12, r10
    31c8:	db 1c       	adc	r13, r11
    31ca:	f6 01       	movw	r30, r12
    31cc:	82 91       	ld	r24, -Z
    31ce:	6f 01       	movw	r12, r30
    31d0:	b7 01       	movw	r22, r14
    31d2:	90 e0       	ldi	r25, 0x00	; 0
    31d4:	0e 94 88 19 	call	0x3310	; 0x3310 <fputc>
    31d8:	ac 14       	cp	r10, r12
    31da:	bd 04       	cpc	r11, r13
    31dc:	b1 f7       	brne	.-20     	; 0x31ca <vfprintf+0x29a>
    31de:	4f cf       	rjmp	.-354    	; 0x307e <vfprintf+0x14e>
    31e0:	60 81       	ld	r22, Z
    31e2:	71 81       	ldd	r23, Z+1	; 0x01
    31e4:	07 2e       	mov	r0, r23
    31e6:	00 0c       	add	r0, r0
    31e8:	88 0b       	sbc	r24, r24
    31ea:	99 0b       	sbc	r25, r25
    31ec:	0e 5f       	subi	r16, 0xFE	; 254
    31ee:	1f 4f       	sbci	r17, 0xFF	; 255
    31f0:	92 cf       	rjmp	.-220    	; 0x3116 <vfprintf+0x1e6>
    31f2:	d3 2c       	mov	r13, r3
    31f4:	e8 94       	clt
    31f6:	d4 f8       	bld	r13, 4
    31f8:	2a e0       	ldi	r18, 0x0A	; 10
    31fa:	30 e0       	ldi	r19, 0x00	; 0
    31fc:	85 37       	cpi	r24, 0x75	; 117
    31fe:	39 f1       	breq	.+78     	; 0x324e <vfprintf+0x31e>
    3200:	23 2d       	mov	r18, r3
    3202:	29 7f       	andi	r18, 0xF9	; 249
    3204:	d2 2e       	mov	r13, r18
    3206:	8f 36       	cpi	r24, 0x6F	; 111
    3208:	01 f1       	breq	.+64     	; 0x324a <vfprintf+0x31a>
    320a:	48 f4       	brcc	.+18     	; 0x321e <vfprintf+0x2ee>
    320c:	88 35       	cpi	r24, 0x58	; 88
    320e:	a9 f0       	breq	.+42     	; 0x323a <vfprintf+0x30a>
    3210:	f7 01       	movw	r30, r14
    3212:	86 81       	ldd	r24, Z+6	; 0x06
    3214:	97 81       	ldd	r25, Z+7	; 0x07
    3216:	2b 96       	adiw	r28, 0x0b	; 11
    3218:	e2 e1       	ldi	r30, 0x12	; 18
    321a:	0c 94 32 1a 	jmp	0x3464	; 0x3464 <__epilogue_restores__>
    321e:	80 37       	cpi	r24, 0x70	; 112
    3220:	49 f0       	breq	.+18     	; 0x3234 <vfprintf+0x304>
    3222:	88 37       	cpi	r24, 0x78	; 120
    3224:	a9 f7       	brne	.-22     	; 0x3210 <vfprintf+0x2e0>
    3226:	d4 fe       	sbrs	r13, 4
    3228:	02 c0       	rjmp	.+4      	; 0x322e <vfprintf+0x2fe>
    322a:	68 94       	set
    322c:	d2 f8       	bld	r13, 2
    322e:	20 e1       	ldi	r18, 0x10	; 16
    3230:	30 e0       	ldi	r19, 0x00	; 0
    3232:	0d c0       	rjmp	.+26     	; 0x324e <vfprintf+0x31e>
    3234:	68 94       	set
    3236:	d4 f8       	bld	r13, 4
    3238:	f6 cf       	rjmp	.-20     	; 0x3226 <vfprintf+0x2f6>
    323a:	34 fe       	sbrs	r3, 4
    323c:	03 c0       	rjmp	.+6      	; 0x3244 <vfprintf+0x314>
    323e:	82 2f       	mov	r24, r18
    3240:	86 60       	ori	r24, 0x06	; 6
    3242:	d8 2e       	mov	r13, r24
    3244:	20 e1       	ldi	r18, 0x10	; 16
    3246:	32 e0       	ldi	r19, 0x02	; 2
    3248:	02 c0       	rjmp	.+4      	; 0x324e <vfprintf+0x31e>
    324a:	28 e0       	ldi	r18, 0x08	; 8
    324c:	30 e0       	ldi	r19, 0x00	; 0
    324e:	f8 01       	movw	r30, r16
    3250:	d7 fe       	sbrs	r13, 7
    3252:	0f c0       	rjmp	.+30     	; 0x3272 <vfprintf+0x342>
    3254:	60 81       	ld	r22, Z
    3256:	71 81       	ldd	r23, Z+1	; 0x01
    3258:	82 81       	ldd	r24, Z+2	; 0x02
    325a:	93 81       	ldd	r25, Z+3	; 0x03
    325c:	0c 5f       	subi	r16, 0xFC	; 252
    325e:	1f 4f       	sbci	r17, 0xFF	; 255
    3260:	a5 01       	movw	r20, r10
    3262:	0e 94 b8 19 	call	0x3370	; 0x3370 <__ultoa_invert>
    3266:	c8 2e       	mov	r12, r24
    3268:	ca 18       	sub	r12, r10
    326a:	3d 2c       	mov	r3, r13
    326c:	e8 94       	clt
    326e:	37 f8       	bld	r3, 7
    3270:	67 cf       	rjmp	.-306    	; 0x3140 <vfprintf+0x210>
    3272:	60 81       	ld	r22, Z
    3274:	71 81       	ldd	r23, Z+1	; 0x01
    3276:	90 e0       	ldi	r25, 0x00	; 0
    3278:	80 e0       	ldi	r24, 0x00	; 0
    327a:	0e 5f       	subi	r16, 0xFE	; 254
    327c:	1f 4f       	sbci	r17, 0xFF	; 255
    327e:	f0 cf       	rjmp	.-32     	; 0x3260 <vfprintf+0x330>
    3280:	42 fc       	sbrc	r4, 2
    3282:	02 c0       	rjmp	.+4      	; 0x3288 <vfprintf+0x358>
    3284:	83 94       	inc	r8
    3286:	78 cf       	rjmp	.-272    	; 0x3178 <vfprintf+0x248>
    3288:	83 94       	inc	r8
    328a:	83 94       	inc	r8
    328c:	75 cf       	rjmp	.-278    	; 0x3178 <vfprintf+0x248>
    328e:	84 2d       	mov	r24, r4
    3290:	86 78       	andi	r24, 0x86	; 134
    3292:	09 f4       	brne	.+2      	; 0x3296 <vfprintf+0x366>
    3294:	71 cf       	rjmp	.-286    	; 0x3178 <vfprintf+0x248>
    3296:	f6 cf       	rjmp	.-20     	; 0x3284 <vfprintf+0x354>
    3298:	b7 01       	movw	r22, r14
    329a:	80 e2       	ldi	r24, 0x20	; 32
    329c:	90 e0       	ldi	r25, 0x00	; 0
    329e:	0e 94 88 19 	call	0x3310	; 0x3310 <fputc>
    32a2:	83 94       	inc	r8
    32a4:	82 14       	cp	r8, r2
    32a6:	c0 f3       	brcs	.-16     	; 0x3298 <vfprintf+0x368>
    32a8:	51 2c       	mov	r5, r1
    32aa:	73 cf       	rjmp	.-282    	; 0x3192 <vfprintf+0x262>
    32ac:	52 2c       	mov	r5, r2
    32ae:	58 18       	sub	r5, r8
    32b0:	82 14       	cp	r8, r2
    32b2:	08 f4       	brcc	.+2      	; 0x32b6 <vfprintf+0x386>
    32b4:	6e cf       	rjmp	.-292    	; 0x3192 <vfprintf+0x262>
    32b6:	f8 cf       	rjmp	.-16     	; 0x32a8 <vfprintf+0x378>
    32b8:	84 2d       	mov	r24, r4
    32ba:	86 78       	andi	r24, 0x86	; 134
    32bc:	09 f4       	brne	.+2      	; 0x32c0 <vfprintf+0x390>
    32be:	7b cf       	rjmp	.-266    	; 0x31b6 <vfprintf+0x286>
    32c0:	8b e2       	ldi	r24, 0x2B	; 43
    32c2:	41 fe       	sbrs	r4, 1
    32c4:	80 e2       	ldi	r24, 0x20	; 32
    32c6:	47 fc       	sbrc	r4, 7
    32c8:	8d e2       	ldi	r24, 0x2D	; 45
    32ca:	b7 01       	movw	r22, r14
    32cc:	90 e0       	ldi	r25, 0x00	; 0
    32ce:	71 cf       	rjmp	.-286    	; 0x31b2 <vfprintf+0x282>
    32d0:	b7 01       	movw	r22, r14
    32d2:	80 e3       	ldi	r24, 0x30	; 48
    32d4:	90 e0       	ldi	r25, 0x00	; 0
    32d6:	0e 94 88 19 	call	0x3310	; 0x3310 <fputc>
    32da:	9a 94       	dec	r9
    32dc:	6c cf       	rjmp	.-296    	; 0x31b6 <vfprintf+0x286>
    32de:	8f ef       	ldi	r24, 0xFF	; 255
    32e0:	9f ef       	ldi	r25, 0xFF	; 255
    32e2:	99 cf       	rjmp	.-206    	; 0x3216 <vfprintf+0x2e6>

000032e4 <strnlen_P>:
    32e4:	fc 01       	movw	r30, r24
    32e6:	05 90       	lpm	r0, Z+
    32e8:	61 50       	subi	r22, 0x01	; 1
    32ea:	70 40       	sbci	r23, 0x00	; 0
    32ec:	01 10       	cpse	r0, r1
    32ee:	d8 f7       	brcc	.-10     	; 0x32e6 <strnlen_P+0x2>
    32f0:	80 95       	com	r24
    32f2:	90 95       	com	r25
    32f4:	8e 0f       	add	r24, r30
    32f6:	9f 1f       	adc	r25, r31
    32f8:	08 95       	ret

000032fa <strnlen>:
    32fa:	fc 01       	movw	r30, r24
    32fc:	61 50       	subi	r22, 0x01	; 1
    32fe:	70 40       	sbci	r23, 0x00	; 0
    3300:	01 90       	ld	r0, Z+
    3302:	01 10       	cpse	r0, r1
    3304:	d8 f7       	brcc	.-10     	; 0x32fc <strnlen+0x2>
    3306:	80 95       	com	r24
    3308:	90 95       	com	r25
    330a:	8e 0f       	add	r24, r30
    330c:	9f 1f       	adc	r25, r31
    330e:	08 95       	ret

00003310 <fputc>:
    3310:	0f 93       	push	r16
    3312:	1f 93       	push	r17
    3314:	cf 93       	push	r28
    3316:	df 93       	push	r29
    3318:	18 2f       	mov	r17, r24
    331a:	09 2f       	mov	r16, r25
    331c:	eb 01       	movw	r28, r22
    331e:	8b 81       	ldd	r24, Y+3	; 0x03
    3320:	81 fd       	sbrc	r24, 1
    3322:	09 c0       	rjmp	.+18     	; 0x3336 <fputc+0x26>
    3324:	1f ef       	ldi	r17, 0xFF	; 255
    3326:	0f ef       	ldi	r16, 0xFF	; 255
    3328:	81 2f       	mov	r24, r17
    332a:	90 2f       	mov	r25, r16
    332c:	df 91       	pop	r29
    332e:	cf 91       	pop	r28
    3330:	1f 91       	pop	r17
    3332:	0f 91       	pop	r16
    3334:	08 95       	ret
    3336:	82 ff       	sbrs	r24, 2
    3338:	14 c0       	rjmp	.+40     	; 0x3362 <fputc+0x52>
    333a:	2e 81       	ldd	r18, Y+6	; 0x06
    333c:	3f 81       	ldd	r19, Y+7	; 0x07
    333e:	8c 81       	ldd	r24, Y+4	; 0x04
    3340:	9d 81       	ldd	r25, Y+5	; 0x05
    3342:	28 17       	cp	r18, r24
    3344:	39 07       	cpc	r19, r25
    3346:	3c f4       	brge	.+14     	; 0x3356 <fputc+0x46>
    3348:	e8 81       	ld	r30, Y
    334a:	f9 81       	ldd	r31, Y+1	; 0x01
    334c:	cf 01       	movw	r24, r30
    334e:	01 96       	adiw	r24, 0x01	; 1
    3350:	99 83       	std	Y+1, r25	; 0x01
    3352:	88 83       	st	Y, r24
    3354:	10 83       	st	Z, r17
    3356:	8e 81       	ldd	r24, Y+6	; 0x06
    3358:	9f 81       	ldd	r25, Y+7	; 0x07
    335a:	01 96       	adiw	r24, 0x01	; 1
    335c:	9f 83       	std	Y+7, r25	; 0x07
    335e:	8e 83       	std	Y+6, r24	; 0x06
    3360:	e3 cf       	rjmp	.-58     	; 0x3328 <fputc+0x18>
    3362:	e8 85       	ldd	r30, Y+8	; 0x08
    3364:	f9 85       	ldd	r31, Y+9	; 0x09
    3366:	81 2f       	mov	r24, r17
    3368:	09 95       	icall
    336a:	89 2b       	or	r24, r25
    336c:	a1 f3       	breq	.-24     	; 0x3356 <fputc+0x46>
    336e:	da cf       	rjmp	.-76     	; 0x3324 <fputc+0x14>

00003370 <__ultoa_invert>:
    3370:	fa 01       	movw	r30, r20
    3372:	aa 27       	eor	r26, r26
    3374:	28 30       	cpi	r18, 0x08	; 8
    3376:	51 f1       	breq	.+84     	; 0x33cc <__ultoa_invert+0x5c>
    3378:	20 31       	cpi	r18, 0x10	; 16
    337a:	81 f1       	breq	.+96     	; 0x33dc <__ultoa_invert+0x6c>
    337c:	e8 94       	clt
    337e:	6f 93       	push	r22
    3380:	6e 7f       	andi	r22, 0xFE	; 254
    3382:	6e 5f       	subi	r22, 0xFE	; 254
    3384:	7f 4f       	sbci	r23, 0xFF	; 255
    3386:	8f 4f       	sbci	r24, 0xFF	; 255
    3388:	9f 4f       	sbci	r25, 0xFF	; 255
    338a:	af 4f       	sbci	r26, 0xFF	; 255
    338c:	b1 e0       	ldi	r27, 0x01	; 1
    338e:	3e d0       	rcall	.+124    	; 0x340c <__ultoa_invert+0x9c>
    3390:	b4 e0       	ldi	r27, 0x04	; 4
    3392:	3c d0       	rcall	.+120    	; 0x340c <__ultoa_invert+0x9c>
    3394:	67 0f       	add	r22, r23
    3396:	78 1f       	adc	r23, r24
    3398:	89 1f       	adc	r24, r25
    339a:	9a 1f       	adc	r25, r26
    339c:	a1 1d       	adc	r26, r1
    339e:	68 0f       	add	r22, r24
    33a0:	79 1f       	adc	r23, r25
    33a2:	8a 1f       	adc	r24, r26
    33a4:	91 1d       	adc	r25, r1
    33a6:	a1 1d       	adc	r26, r1
    33a8:	6a 0f       	add	r22, r26
    33aa:	71 1d       	adc	r23, r1
    33ac:	81 1d       	adc	r24, r1
    33ae:	91 1d       	adc	r25, r1
    33b0:	a1 1d       	adc	r26, r1
    33b2:	20 d0       	rcall	.+64     	; 0x33f4 <__ultoa_invert+0x84>
    33b4:	09 f4       	brne	.+2      	; 0x33b8 <__ultoa_invert+0x48>
    33b6:	68 94       	set
    33b8:	3f 91       	pop	r19
    33ba:	2a e0       	ldi	r18, 0x0A	; 10
    33bc:	26 9f       	mul	r18, r22
    33be:	11 24       	eor	r1, r1
    33c0:	30 19       	sub	r19, r0
    33c2:	30 5d       	subi	r19, 0xD0	; 208
    33c4:	31 93       	st	Z+, r19
    33c6:	de f6       	brtc	.-74     	; 0x337e <__ultoa_invert+0xe>
    33c8:	cf 01       	movw	r24, r30
    33ca:	08 95       	ret
    33cc:	46 2f       	mov	r20, r22
    33ce:	47 70       	andi	r20, 0x07	; 7
    33d0:	40 5d       	subi	r20, 0xD0	; 208
    33d2:	41 93       	st	Z+, r20
    33d4:	b3 e0       	ldi	r27, 0x03	; 3
    33d6:	0f d0       	rcall	.+30     	; 0x33f6 <__ultoa_invert+0x86>
    33d8:	c9 f7       	brne	.-14     	; 0x33cc <__ultoa_invert+0x5c>
    33da:	f6 cf       	rjmp	.-20     	; 0x33c8 <__ultoa_invert+0x58>
    33dc:	46 2f       	mov	r20, r22
    33de:	4f 70       	andi	r20, 0x0F	; 15
    33e0:	40 5d       	subi	r20, 0xD0	; 208
    33e2:	4a 33       	cpi	r20, 0x3A	; 58
    33e4:	18 f0       	brcs	.+6      	; 0x33ec <__ultoa_invert+0x7c>
    33e6:	49 5d       	subi	r20, 0xD9	; 217
    33e8:	31 fd       	sbrc	r19, 1
    33ea:	40 52       	subi	r20, 0x20	; 32
    33ec:	41 93       	st	Z+, r20
    33ee:	02 d0       	rcall	.+4      	; 0x33f4 <__ultoa_invert+0x84>
    33f0:	a9 f7       	brne	.-22     	; 0x33dc <__ultoa_invert+0x6c>
    33f2:	ea cf       	rjmp	.-44     	; 0x33c8 <__ultoa_invert+0x58>
    33f4:	b4 e0       	ldi	r27, 0x04	; 4
    33f6:	a6 95       	lsr	r26
    33f8:	97 95       	ror	r25
    33fa:	87 95       	ror	r24
    33fc:	77 95       	ror	r23
    33fe:	67 95       	ror	r22
    3400:	ba 95       	dec	r27
    3402:	c9 f7       	brne	.-14     	; 0x33f6 <__ultoa_invert+0x86>
    3404:	00 97       	sbiw	r24, 0x00	; 0
    3406:	61 05       	cpc	r22, r1
    3408:	71 05       	cpc	r23, r1
    340a:	08 95       	ret
    340c:	9b 01       	movw	r18, r22
    340e:	ac 01       	movw	r20, r24
    3410:	0a 2e       	mov	r0, r26
    3412:	06 94       	lsr	r0
    3414:	57 95       	ror	r21
    3416:	47 95       	ror	r20
    3418:	37 95       	ror	r19
    341a:	27 95       	ror	r18
    341c:	ba 95       	dec	r27
    341e:	c9 f7       	brne	.-14     	; 0x3412 <__ultoa_invert+0xa2>
    3420:	62 0f       	add	r22, r18
    3422:	73 1f       	adc	r23, r19
    3424:	84 1f       	adc	r24, r20
    3426:	95 1f       	adc	r25, r21
    3428:	a0 1d       	adc	r26, r0
    342a:	08 95       	ret

0000342c <__prologue_saves__>:
    342c:	2f 92       	push	r2
    342e:	3f 92       	push	r3
    3430:	4f 92       	push	r4
    3432:	5f 92       	push	r5
    3434:	6f 92       	push	r6
    3436:	7f 92       	push	r7
    3438:	8f 92       	push	r8
    343a:	9f 92       	push	r9
    343c:	af 92       	push	r10
    343e:	bf 92       	push	r11
    3440:	cf 92       	push	r12
    3442:	df 92       	push	r13
    3444:	ef 92       	push	r14
    3446:	ff 92       	push	r15
    3448:	0f 93       	push	r16
    344a:	1f 93       	push	r17
    344c:	cf 93       	push	r28
    344e:	df 93       	push	r29
    3450:	cd b7       	in	r28, 0x3d	; 61
    3452:	de b7       	in	r29, 0x3e	; 62
    3454:	ca 1b       	sub	r28, r26
    3456:	db 0b       	sbc	r29, r27
    3458:	0f b6       	in	r0, 0x3f	; 63
    345a:	f8 94       	cli
    345c:	de bf       	out	0x3e, r29	; 62
    345e:	0f be       	out	0x3f, r0	; 63
    3460:	cd bf       	out	0x3d, r28	; 61
    3462:	09 94       	ijmp

00003464 <__epilogue_restores__>:
    3464:	2a 88       	ldd	r2, Y+18	; 0x12
    3466:	39 88       	ldd	r3, Y+17	; 0x11
    3468:	48 88       	ldd	r4, Y+16	; 0x10
    346a:	5f 84       	ldd	r5, Y+15	; 0x0f
    346c:	6e 84       	ldd	r6, Y+14	; 0x0e
    346e:	7d 84       	ldd	r7, Y+13	; 0x0d
    3470:	8c 84       	ldd	r8, Y+12	; 0x0c
    3472:	9b 84       	ldd	r9, Y+11	; 0x0b
    3474:	aa 84       	ldd	r10, Y+10	; 0x0a
    3476:	b9 84       	ldd	r11, Y+9	; 0x09
    3478:	c8 84       	ldd	r12, Y+8	; 0x08
    347a:	df 80       	ldd	r13, Y+7	; 0x07
    347c:	ee 80       	ldd	r14, Y+6	; 0x06
    347e:	fd 80       	ldd	r15, Y+5	; 0x05
    3480:	0c 81       	ldd	r16, Y+4	; 0x04
    3482:	1b 81       	ldd	r17, Y+3	; 0x03
    3484:	aa 81       	ldd	r26, Y+2	; 0x02
    3486:	b9 81       	ldd	r27, Y+1	; 0x01
    3488:	ce 0f       	add	r28, r30
    348a:	d1 1d       	adc	r29, r1
    348c:	0f b6       	in	r0, 0x3f	; 63
    348e:	f8 94       	cli
    3490:	de bf       	out	0x3e, r29	; 62
    3492:	0f be       	out	0x3f, r0	; 63
    3494:	cd bf       	out	0x3d, r28	; 61
    3496:	ed 01       	movw	r28, r26
    3498:	08 95       	ret

0000349a <_exit>:
    349a:	f8 94       	cli

0000349c <__stop_program>:
    349c:	ff cf       	rjmp	.-2      	; 0x349c <__stop_program>
